# https://github.com/mikedh/trimesh
v -0.61247309 0.99100228 0.00000000
v 0.61247309 0.99100228 0.00000000
v -0.61247309 -0.99100228 0.00000000
v 0.61247309 -0.99100228 0.00000000
v 0.00000000 -0.61247309 0.99100228
v 0.00000000 0.61247309 0.99100228
v 0.00000000 -0.61247309 -0.99100228
v 0.00000000 0.61247309 -0.99100228
v 0.99100228 0.00000000 -0.61247309
v 0.99100228 0.00000000 0.61247309
v -0.99100228 0.00000000 -0.61247309
v -0.99100228 0.00000000 0.61247309
v 0.00000000 1.00000000 0.00000000
v 0.00000000 -1.00000000 0.00000000
v -0.37834392 -0.99051724 0.61217332
v 0.37834392 -0.99051724 0.61217332
v -0.37834392 0.99051724 0.61217332
v 0.37834392 0.99051724 0.61217332
v 0.00000000 0.00000000 1.00000000
v -0.37834392 -0.99051724 -0.61217332
v 0.37834392 -0.99051724 -0.61217332
v -0.37834392 0.99051724 -0.61217332
v 0.37834392 0.99051724 -0.61217332
v 0.00000000 0.00000000 -1.00000000
v 0.99051724 0.61217332 -0.37834392
v 0.99051724 -0.61217332 -0.37834392
v 0.61217332 -0.37834392 -0.99051724
v 0.61217332 0.37834392 -0.99051724
v 0.99051724 0.61217332 0.37834392
v 0.99051724 -0.61217332 0.37834392
v 0.61217332 -0.37834392 0.99051724
v 0.61217332 0.37834392 0.99051724
v 1.00000000 0.00000000 0.00000000
v -0.99051724 0.61217332 -0.37834392
v -0.99051724 -0.61217332 -0.37834392
v -0.61217332 -0.37834392 -0.99051724
v -0.61217332 0.37834392 -0.99051724
v -0.99051724 0.61217332 0.37834392
v -0.99051724 -0.61217332 0.37834392
v -0.61217332 -0.37834392 0.99051724
v -0.61217332 0.37834392 0.99051724
v -1.00000000 0.00000000 0.00000000
v -0.28405417 0.99991243 0.00000000
v 0.28405417 0.99991243 0.00000000
v -0.28405417 -0.99991243 0.00000000
v 0.28405417 -0.99991243 0.00000000
v -0.50155511 -0.99720487 0.30042303
v -0.20501632 -0.88553431 0.89608490
v -0.17080700 -0.99992158 0.27637153
v 0.50155511 -0.99720487 0.30042303
v 0.20501632 -0.88553431 0.89608490
v 0.17080700 -0.99992158 0.27637153
v 0.00000000 -0.99100228 0.61247309
v -0.50155511 0.99720487 0.30042303
v -0.20501632 0.88553431 0.89608490
v -0.17080700 0.99992158 0.27637153
v 0.50155511 0.99720487 0.30042303
v 0.20501632 0.88553431 0.89608490
v 0.17080700 0.99992158 0.27637153
v 0.00000000 0.99100228 0.61247309
v 0.00000000 -0.28405417 0.99991243
v 0.00000000 0.28405417 0.99991243
v -0.50155511 -0.99720487 -0.30042303
v -0.20501632 -0.88553431 -0.89608490
v -0.17080700 -0.99992158 -0.27637153
v 0.50155511 -0.99720487 -0.30042303
v 0.20501632 -0.88553431 -0.89608490
v 0.17080700 -0.99992158 -0.27637153
v 0.00000000 -0.99100228 -0.61247309
v -0.50155511 0.99720487 -0.30042303
v -0.20501632 0.88553431 -0.89608490
v -0.17080700 0.99992158 -0.27637153
v 0.50155511 0.99720487 -0.30042303
v 0.20501632 0.88553431 -0.89608490
v 0.17080700 0.99992158 -0.27637153
v 0.00000000 0.99100228 -0.61247309
v 0.00000000 -0.28405417 -0.99991243
v 0.00000000 0.28405417 -0.99991243
v 0.88553431 0.89608490 -0.20501632
v 0.99720487 0.30042303 -0.50155511
v 0.80337566 0.94060860 -0.58132809
v 0.88553431 -0.89608490 -0.20501632
v 0.99720487 -0.30042303 -0.50155511
v 0.80337566 -0.94060860 -0.58132809
v 0.30042303 -0.50155511 -0.99720487
v 0.89608490 -0.20501632 -0.88553431
v 0.58132809 -0.80337566 -0.94060860
v 0.27637153 -0.17080700 -0.99992158
v 0.94060860 -0.58132809 -0.80337566
v 0.30042303 0.50155511 -0.99720487
v 0.89608490 0.20501632 -0.88553431
v 0.58132809 0.80337566 -0.94060860
v 0.27637153 0.17080700 -0.99992158
v 0.94060860 0.58132809 -0.80337566
v 0.61247309 0.00000000 -0.99100228
v 0.88553431 0.89608490 0.20501632
v 0.99720487 0.30042303 0.50155511
v 0.80337566 0.94060860 0.58132809
v 0.99100228 0.61247309 0.00000000
v 0.88553431 -0.89608490 0.20501632
v 0.99720487 -0.30042303 0.50155511
v 0.80337566 -0.94060860 0.58132809
v 0.99100228 -0.61247309 0.00000000
v 0.30042303 -0.50155511 0.99720487
v 0.89608490 -0.20501632 0.88553431
v 0.58132809 -0.80337566 0.94060860
v 0.27637153 -0.17080700 0.99992158
v 0.94060860 -0.58132809 0.80337566
v 0.30042303 0.50155511 0.99720487
v 0.89608490 0.20501632 0.88553431
v 0.58132809 0.80337566 0.94060860
v 0.27637153 0.17080700 0.99992158
v 0.94060860 0.58132809 0.80337566
v 0.61247309 0.00000000 0.99100228
v 0.99991243 0.00000000 -0.28405417
v 0.99991243 0.00000000 0.28405417
v 0.99992158 0.27637153 -0.17080700
v 0.99992158 -0.27637153 -0.17080700
v 0.99992158 0.27637153 0.17080700
v 0.99992158 -0.27637153 0.17080700
v -0.88553431 0.89608490 -0.20501632
v -0.99720487 0.30042303 -0.50155511
v -0.80337566 0.94060860 -0.58132809
v -0.88553431 -0.89608490 -0.20501632
v -0.99720487 -0.30042303 -0.50155511
v -0.80337566 -0.94060860 -0.58132809
v -0.30042303 -0.50155511 -0.99720487
v -0.89608490 -0.20501632 -0.88553431
v -0.58132809 -0.80337566 -0.94060860
v -0.27637153 -0.17080700 -0.99992158
v -0.94060860 -0.58132809 -0.80337566
v -0.30042303 0.50155511 -0.99720487
v -0.89608490 0.20501632 -0.88553431
v -0.58132809 0.80337566 -0.94060860
v -0.27637153 0.17080700 -0.99992158
v -0.94060860 0.58132809 -0.80337566
v -0.61247309 0.00000000 -0.99100228
v -0.88553431 0.89608490 0.20501632
v -0.99720487 0.30042303 0.50155511
v -0.80337566 0.94060860 0.58132809
v -0.99100228 0.61247309 0.00000000
v -0.88553431 -0.89608490 0.20501632
v -0.99720487 -0.30042303 0.50155511
v -0.80337566 -0.94060860 0.58132809
v -0.99100228 -0.61247309 0.00000000
v -0.30042303 -0.50155511 0.99720487
v -0.89608490 -0.20501632 0.88553431
v -0.58132809 -0.80337566 0.94060860
v -0.27637153 -0.17080700 0.99992158
v -0.94060860 -0.58132809 0.80337566
v -0.30042303 0.50155511 0.99720487
v -0.89608490 0.20501632 0.88553431
v -0.58132809 0.80337566 0.94060860
v -0.27637153 0.17080700 0.99992158
v -0.94060860 0.58132809 0.80337566
v -0.61247309 0.00000000 0.99100228
v -0.99991243 0.00000000 -0.28405417
v -0.99991243 0.00000000 0.28405417
v -0.99992158 0.27637153 -0.17080700
v -0.99992158 -0.27637153 -0.17080700
v -0.99992158 0.27637153 0.17080700
v -0.99992158 -0.27637153 0.17080700
v -0.44026792 0.99878249 0.00000000
v -0.13928378 0.99999878 0.00000000
v 0.44026792 0.99878249 0.00000000
v 0.13928378 0.99999878 0.00000000
v -0.44026792 -0.99878249 0.00000000
v -0.13928378 -0.99999878 0.00000000
v 0.44026792 -0.99878249 0.00000000
v 0.13928378 -0.99999878 0.00000000
v -0.55726170 -0.99494335 0.15092209
v -0.44319276 -0.99727197 0.45332625
v -0.38734672 -0.99943489 0.14235672
v -0.09987469 -0.75829160 0.96546625
v -0.30058908 -0.96185470 0.76936117
v -0.08326754 -0.99999895 0.13472971
v -0.26756216 -0.99883819 0.43292467
v -0.22776629 -0.99997561 0.13740713
v -0.32869705 -0.99969420 0.28813498
v 0.55726170 -0.99494335 0.15092209
v 0.44319276 -0.99727197 0.45332625
v 0.38734672 -0.99943489 0.14235672
v 0.09987469 -0.75829160 0.96546625
v 0.30058908 -0.96185470 0.76936117
v 0.00000000 -0.88554527 0.89609600
v 0.08326754 -0.99999895 0.13472971
v 0.26756216 -0.99883819 0.43292467
v 0.22776629 -0.99997561 0.13740713
v 0.00000000 -0.99992572 0.27637267
v 0.32869705 -0.99969420 0.28813498
v -0.18451556 -0.99099576 0.61246906
v 0.18451556 -0.99099576 0.61246906
v -0.10017178 -0.96318306 0.76570228
v -0.09006470 -0.99883284 0.43718324
v 0.10017178 -0.96318306 0.76570228
v 0.09006470 -0.99883284 0.43718324
v -0.55726170 0.99494335 0.15092209
v -0.44319276 0.99727197 0.45332625
v -0.38734672 0.99943489 0.14235672
v -0.09987469 0.75829160 0.96546625
v -0.30058908 0.96185470 0.76936117
v -0.08326754 0.99999895 0.13472971
v -0.26756216 0.99883819 0.43292467
v -0.22776629 0.99997561 0.13740713
v -0.32869705 0.99969420 0.28813498
v 0.55726170 0.99494335 0.15092209
v 0.44319276 0.99727197 0.45332625
v 0.38734672 0.99943489 0.14235672
v 0.09987469 0.75829160 0.96546625
v 0.30058908 0.96185470 0.76936117
v 0.00000000 0.88554527 0.89609600
v 0.08326754 0.99999895 0.13472971
v 0.26756216 0.99883819 0.43292467
v 0.22776629 0.99997561 0.13740713
v 0.00000000 0.99992572 0.27637267
v 0.32869705 0.99969420 0.28813498
v -0.18451556 0.99099576 0.61246906
v 0.18451556 0.99099576 0.61246906
v -0.10017178 0.96318306 0.76570228
v -0.09006470 0.99883284 0.43718324
v 0.10017178 0.96318306 0.76570228
v 0.09006470 0.99883284 0.43718324
v 0.00000000 -0.44026792 0.99878249
v 0.00000000 -0.13928378 0.99999878
v 0.00000000 0.44026792 0.99878249
v 0.00000000 0.13928378 0.99999878
v -0.55726170 -0.99494335 -0.15092209
v -0.44319276 -0.99727197 -0.45332625
v -0.38734672 -0.99943489 -0.14235672
v -0.09987469 -0.75829160 -0.96546625
v -0.30058908 -0.96185470 -0.76936117
v -0.08326754 -0.99999895 -0.13472971
v -0.26756216 -0.99883819 -0.43292467
v -0.22776629 -0.99997561 -0.13740713
v -0.32869705 -0.99969420 -0.28813498
v 0.55726170 -0.99494335 -0.15092209
v 0.44319276 -0.99727197 -0.45332625
v 0.38734672 -0.99943489 -0.14235672
v 0.09987469 -0.75829160 -0.96546625
v 0.30058908 -0.96185470 -0.76936117
v 0.00000000 -0.88554527 -0.89609600
v 0.08326754 -0.99999895 -0.13472971
v 0.26756216 -0.99883819 -0.43292467
v 0.22776629 -0.99997561 -0.13740713
v 0.00000000 -0.99992572 -0.27637267
v 0.32869705 -0.99969420 -0.28813498
v -0.18451556 -0.99099576 -0.61246906
v 0.18451556 -0.99099576 -0.61246906
v -0.10017178 -0.96318306 -0.76570228
v -0.09006470 -0.99883284 -0.43718324
v 0.10017178 -0.96318306 -0.76570228
v 0.09006470 -0.99883284 -0.43718324
v -0.55726170 0.99494335 -0.15092209
v -0.44319276 0.99727197 -0.45332625
v -0.38734672 0.99943489 -0.14235672
v -0.09987469 0.75829160 -0.96546625
v -0.30058908 0.96185470 -0.76936117
v -0.08326754 0.99999895 -0.13472971
v -0.26756216 0.99883819 -0.43292467
v -0.22776629 0.99997561 -0.13740713
v -0.32869705 0.99969420 -0.28813498
v 0.55726170 0.99494335 -0.15092209
v 0.44319276 0.99727197 -0.45332625
v 0.38734672 0.99943489 -0.14235672
v 0.09987469 0.75829160 -0.96546625
v 0.30058908 0.96185470 -0.76936117
v 0.00000000 0.88554527 -0.89609600
v 0.08326754 0.99999895 -0.13472971
v 0.26756216 0.99883819 -0.43292467
v 0.22776629 0.99997561 -0.13740713
v 0.00000000 0.99992572 -0.27637267
v 0.32869705 0.99969420 -0.28813498
v -0.18451556 0.99099576 -0.61246906
v 0.18451556 0.99099576 -0.61246906
v -0.10017178 0.96318306 -0.76570228
v -0.09006470 0.99883284 -0.43718324
v 0.10017178 0.96318306 -0.76570228
v 0.09006470 0.99883284 -0.43718324
v 0.00000000 -0.44026792 -0.99878249
v 0.00000000 -0.13928378 -0.99999878
v 0.00000000 0.44026792 -0.99878249
v 0.00000000 0.13928378 -0.99999878
v 0.75829160 0.96546625 -0.09987469
v 0.96185470 0.76936117 -0.30058908
v 0.70506831 0.97832863 -0.26292383
v 0.99494335 0.15092209 -0.55726170
v 0.99727197 0.45332625 -0.44319276
v 0.58937281 0.98395568 -0.60811805
v 0.94546472 0.80426033 -0.49706022
v 0.64946618 0.98586333 -0.43558469
v 0.85068074 0.92281508 -0.38894158
v 0.75829160 -0.96546625 -0.09987469
v 0.96185470 -0.76936117 -0.30058908
v 0.70506831 -0.97832863 -0.26292383
v 0.99494335 -0.15092209 -0.55726170
v 0.99727197 -0.45332625 -0.44319276
v 0.58937281 -0.98395568 -0.60811805
v 0.94546472 -0.80426033 -0.49706022
v 0.64946618 -0.98586333 -0.43558469
v 0.85068074 -0.92281508 -0.38894158
v 0.15092209 -0.55726170 -0.99494335
v 0.45332625 -0.44319276 -0.99727197
v 0.26292383 -0.70506831 -0.97832863
v 0.14235672 -0.38734672 -0.99943489
v 0.96546625 -0.09987469 -0.75829160
v 0.76936117 -0.30058908 -0.96185470
v 0.97832863 -0.26292383 -0.70506831
v 0.49706022 -0.94546472 -0.80426033
v 0.60811805 -0.58937281 -0.98395568
v 0.38894158 -0.85068074 -0.92281508
v 0.72733961 -0.91605792 -0.79942359
v 0.43558469 -0.64946618 -0.98586333
v 0.13472971 -0.08326754 -0.99999895
v 0.43292467 -0.26756216 -0.99883819
v 0.13740713 -0.22776629 -0.99997561
v 0.28813498 -0.32869705 -0.99969420
v 0.98395568 -0.60811805 -0.58937281
v 0.80426033 -0.49706022 -0.94546472
v 0.98586333 -0.43558469 -0.64946618
v 0.91605792 -0.79942359 -0.72733961
v 0.92281508 -0.38894158 -0.85068074
v 0.79942359 -0.72733961 -0.91605792
v 0.15092209 0.55726170 -0.99494335
v 0.45332625 0.44319276 -0.99727197
v 0.26292383 0.70506831 -0.97832863
v 0.14235672 0.38734672 -0.99943489
v 0.96546625 0.09987469 -0.75829160
v 0.76936117 0.30058908 -0.96185470
v 0.97832863 0.26292383 -0.70506831
v 0.89609600 0.00000000 -0.88554527
v 0.49706022 0.94546472 -0.80426033
v 0.60811805 0.58937281 -0.98395568
v 0.38894158 0.85068074 -0.92281508
v 0.72733961 0.91605792 -0.79942359
v 0.43558469 0.64946618 -0.98586333
v 0.13472971 0.08326754 -0.99999895
v 0.43292467 0.26756216 -0.99883819
v 0.13740713 0.22776629 -0.99997561
v 0.27637267 0.00000000 -0.99992572
v 0.28813498 0.32869705 -0.99969420
v 0.98395568 0.60811805 -0.58937281
v 0.80426033 0.49706022 -0.94546472
v 0.98586333 0.43558469 -0.64946618
v 0.91605792 0.79942359 -0.72733961
v 0.92281508 0.38894158 -0.85068074
v 0.79942359 0.72733961 -0.91605792
v 0.61246906 -0.18451556 -0.99099576
v 0.61246906 0.18451556 -0.99099576
v 0.76570228 -0.10017178 -0.96318306
v 0.43718324 -0.09006470 -0.99883284
v 0.76570228 0.10017178 -0.96318306
v 0.43718324 0.09006470 -0.99883284
v 0.75829160 0.96546625 0.09987469
v 0.96185470 0.76936117 0.30058908
v 0.70506831 0.97832863 0.26292383
v 0.88554527 0.89609600 0.00000000
v 0.99494335 0.15092209 0.55726170
v 0.99727197 0.45332625 0.44319276
v 0.58937281 0.98395568 0.60811805
v 0.94546472 0.80426033 0.49706022
v 0.64946618 0.98586333 0.43558469
v 0.85068074 0.92281508 0.38894158
v 0.99099576 0.61246906 -0.18451556
v 0.99099576 0.61246906 0.18451556
v 0.96318306 0.76570228 -0.10017178
v 0.96318306 0.76570228 0.10017178
v 0.75829160 -0.96546625 0.09987469
v 0.96185470 -0.76936117 0.30058908
v 0.70506831 -0.97832863 0.26292383
v 0.88554527 -0.89609600 0.00000000
v 0.99494335 -0.15092209 0.55726170
v 0.99727197 -0.45332625 0.44319276
v 0.58937281 -0.98395568 0.60811805
v 0.94546472 -0.80426033 0.49706022
v 0.64946618 -0.98586333 0.43558469
v 0.85068074 -0.92281508 0.38894158
v 0.99099576 -0.61246906 -0.18451556
v 0.99099576 -0.61246906 0.18451556
v 0.96318306 -0.76570228 -0.10017178
v 0.96318306 -0.76570228 0.10017178
v 0.15092209 -0.55726170 0.99494335
v 0.45332625 -0.44319276 0.99727197
v 0.26292383 -0.70506831 0.97832863
v 0.14235672 -0.38734672 0.99943489
v 0.96546625 -0.09987469 0.75829160
v 0.76936117 -0.30058908 0.96185470
v 0.97832863 -0.26292383 0.70506831
v 0.49706022 -0.94546472 0.80426033
v 0.60811805 -0.58937281 0.98395568
v 0.38894158 -0.85068074 0.92281508
v 0.72733961 -0.91605792 0.79942359
v 0.43558469 -0.64946618 0.98586333
v 0.13472971 -0.08326754 0.99999895
v 0.43292467 -0.26756216 0.99883819
v 0.13740713 -0.22776629 0.99997561
v 0.28813498 -0.32869705 0.99969420
v 0.98395568 -0.60811805 0.58937281
v 0.80426033 -0.49706022 0.94546472
v 0.98586333 -0.43558469 0.64946618
v 0.91605792 -0.79942359 0.72733961
v 0.92281508 -0.38894158 0.85068074
v 0.79942359 -0.72733961 0.91605792
v 0.15092209 0.55726170 0.99494335
v 0.45332625 0.44319276 0.99727197
v 0.26292383 0.70506831 0.97832863
v 0.14235672 0.38734672 0.99943489
v 0.96546625 0.09987469 0.75829160
v 0.76936117 0.30058908 0.96185470
v 0.97832863 0.26292383 0.70506831
v 0.89609600 0.00000000 0.88554527
v 0.49706022 0.94546472 0.80426033
v 0.60811805 0.58937281 0.98395568
v 0.38894158 0.85068074 0.92281508
v 0.72733961 0.91605792 0.79942359
v 0.43558469 0.64946618 0.98586333
v 0.13472971 0.08326754 0.99999895
v 0.43292467 0.26756216 0.99883819
v 0.13740713 0.22776629 0.99997561
v 0.27637267 0.00000000 0.99992572
v 0.28813498 0.32869705 0.99969420
v 0.98395568 0.60811805 0.58937281
v 0.80426033 0.49706022 0.94546472
v 0.98586333 0.43558469 0.64946618
v 0.91605792 0.79942359 0.72733961
v 0.92281508 0.38894158 0.85068074
v 0.79942359 0.72733961 0.91605792
v 0.61246906 -0.18451556 0.99099576
v 0.61246906 0.18451556 0.99099576
v 0.76570228 -0.10017178 0.96318306
v 0.43718324 -0.09006470 0.99883284
v 0.76570228 0.10017178 0.96318306
v 0.43718324 0.09006470 0.99883284
v 0.99878249 0.00000000 -0.44026792
v 0.99999878 0.00000000 -0.13928378
v 0.99943489 0.14235672 -0.38734672
v 0.99943489 -0.14235672 -0.38734672
v 0.99878249 0.00000000 0.44026792
v 0.99999878 0.00000000 0.13928378
v 0.99943489 0.14235672 0.38734672
v 0.99943489 -0.14235672 0.38734672
v 0.99883819 0.43292467 -0.26756216
v 0.99999895 0.13472971 -0.08326754
v 0.99969420 0.28813498 -0.32869705
v 0.99883284 0.43718324 -0.09006470
v 0.99997561 0.13740713 -0.22776629
v 0.99883819 -0.43292467 -0.26756216
v 0.99999895 -0.13472971 -0.08326754
v 0.99969420 -0.28813498 -0.32869705
v 0.99883284 -0.43718324 -0.09006470
v 0.99997561 -0.13740713 -0.22776629
v 0.99883819 0.43292467 0.26756216
v 0.99999895 0.13472971 0.08326754
v 0.99969420 0.28813498 0.32869705
v 0.99883284 0.43718324 0.09006470
v 0.99997561 0.13740713 0.22776629
v 0.99992572 0.27637267 0.00000000
v 0.99883819 -0.43292467 0.26756216
v 0.99999895 -0.13472971 0.08326754
v 0.99969420 -0.28813498 0.32869705
v 0.99883284 -0.43718324 0.09006470
v 0.99997561 -0.13740713 0.22776629
v 0.99992572 -0.27637267 0.00000000
v -0.75829160 0.96546625 -0.09987469
v -0.96185470 0.76936117 -0.30058908
v -0.70506831 0.97832863 -0.26292383
v -0.99494335 0.15092209 -0.55726170
v -0.99727197 0.45332625 -0.44319276
v -0.58937281 0.98395568 -0.60811805
v -0.94546472 0.80426033 -0.49706022
v -0.64946618 0.98586333 -0.43558469
v -0.85068074 0.92281508 -0.38894158
v -0.75829160 -0.96546625 -0.09987469
v -0.96185470 -0.76936117 -0.30058908
v -0.70506831 -0.97832863 -0.26292383
v -0.99494335 -0.15092209 -0.55726170
v -0.99727197 -0.45332625 -0.44319276
v -0.58937281 -0.98395568 -0.60811805
v -0.94546472 -0.80426033 -0.49706022
v -0.64946618 -0.98586333 -0.43558469
v -0.85068074 -0.92281508 -0.38894158
v -0.15092209 -0.55726170 -0.99494335
v -0.45332625 -0.44319276 -0.99727197
v -0.26292383 -0.70506831 -0.97832863
v -0.14235672 -0.38734672 -0.99943489
v -0.96546625 -0.09987469 -0.75829160
v -0.76936117 -0.30058908 -0.96185470
v -0.97832863 -0.26292383 -0.70506831
v -0.49706022 -0.94546472 -0.80426033
v -0.60811805 -0.58937281 -0.98395568
v -0.38894158 -0.85068074 -0.92281508
v -0.72733961 -0.91605792 -0.79942359
v -0.43558469 -0.64946618 -0.98586333
v -0.13472971 -0.08326754 -0.99999895
v -0.43292467 -0.26756216 -0.99883819
v -0.13740713 -0.22776629 -0.99997561
v -0.28813498 -0.32869705 -0.99969420
v -0.98395568 -0.60811805 -0.58937281
v -0.80426033 -0.49706022 -0.94546472
v -0.98586333 -0.43558469 -0.64946618
v -0.91605792 -0.79942359 -0.72733961
v -0.92281508 -0.38894158 -0.85068074
v -0.79942359 -0.72733961 -0.91605792
v -0.15092209 0.55726170 -0.99494335
v -0.45332625 0.44319276 -0.99727197
v -0.26292383 0.70506831 -0.97832863
v -0.14235672 0.38734672 -0.99943489
v -0.96546625 0.09987469 -0.75829160
v -0.76936117 0.30058908 -0.96185470
v -0.97832863 0.26292383 -0.70506831
v -0.89609600 0.00000000 -0.88554527
v -0.49706022 0.94546472 -0.80426033
v -0.60811805 0.58937281 -0.98395568
v -0.38894158 0.85068074 -0.92281508
v -0.72733961 0.91605792 -0.79942359
v -0.43558469 0.64946618 -0.98586333
v -0.13472971 0.08326754 -0.99999895
v -0.43292467 0.26756216 -0.99883819
v -0.13740713 0.22776629 -0.99997561
v -0.27637267 0.00000000 -0.99992572
v -0.28813498 0.32869705 -0.99969420
v -0.98395568 0.60811805 -0.58937281
v -0.80426033 0.49706022 -0.94546472
v -0.98586333 0.43558469 -0.64946618
v -0.91605792 0.79942359 -0.72733961
v -0.92281508 0.38894158 -0.85068074
v -0.79942359 0.72733961 -0.91605792
v -0.61246906 -0.18451556 -0.99099576
v -0.61246906 0.18451556 -0.99099576
v -0.76570228 -0.10017178 -0.96318306
v -0.43718324 -0.09006470 -0.99883284
v -0.76570228 0.10017178 -0.96318306
v -0.43718324 0.09006470 -0.99883284
v -0.75829160 0.96546625 0.09987469
v -0.96185470 0.76936117 0.30058908
v -0.70506831 0.97832863 0.26292383
v -0.88554527 0.89609600 0.00000000
v -0.99494335 0.15092209 0.55726170
v -0.99727197 0.45332625 0.44319276
v -0.58937281 0.98395568 0.60811805
v -0.94546472 0.80426033 0.49706022
v -0.64946618 0.98586333 0.43558469
v -0.85068074 0.92281508 0.38894158
v -0.99099576 0.61246906 -0.18451556
v -0.99099576 0.61246906 0.18451556
v -0.96318306 0.76570228 -0.10017178
v -0.96318306 0.76570228 0.10017178
v -0.75829160 -0.96546625 0.09987469
v -0.96185470 -0.76936117 0.30058908
v -0.70506831 -0.97832863 0.26292383
v -0.88554527 -0.89609600 0.00000000
v -0.99494335 -0.15092209 0.55726170
v -0.99727197 -0.45332625 0.44319276
v -0.58937281 -0.98395568 0.60811805
v -0.94546472 -0.80426033 0.49706022
v -0.64946618 -0.98586333 0.43558469
v -0.85068074 -0.92281508 0.38894158
v -0.99099576 -0.61246906 -0.18451556
v -0.99099576 -0.61246906 0.18451556
v -0.96318306 -0.76570228 -0.10017178
v -0.96318306 -0.76570228 0.10017178
v -0.15092209 -0.55726170 0.99494335
v -0.45332625 -0.44319276 0.99727197
v -0.26292383 -0.70506831 0.97832863
v -0.14235672 -0.38734672 0.99943489
v -0.96546625 -0.09987469 0.75829160
v -0.76936117 -0.30058908 0.96185470
v -0.97832863 -0.26292383 0.70506831
v -0.49706022 -0.94546472 0.80426033
v -0.60811805 -0.58937281 0.98395568
v -0.38894158 -0.85068074 0.92281508
v -0.72733961 -0.91605792 0.79942359
v -0.43558469 -0.64946618 0.98586333
v -0.13472971 -0.08326754 0.99999895
v -0.43292467 -0.26756216 0.99883819
v -0.13740713 -0.22776629 0.99997561
v -0.28813498 -0.32869705 0.99969420
v -0.98395568 -0.60811805 0.58937281
v -0.80426033 -0.49706022 0.94546472
v -0.98586333 -0.43558469 0.64946618
v -0.91605792 -0.79942359 0.72733961
v -0.92281508 -0.38894158 0.85068074
v -0.79942359 -0.72733961 0.91605792
v -0.15092209 0.55726170 0.99494335
v -0.45332625 0.44319276 0.99727197
v -0.26292383 0.70506831 0.97832863
v -0.14235672 0.38734672 0.99943489
v -0.96546625 0.09987469 0.75829160
v -0.76936117 0.30058908 0.96185470
v -0.97832863 0.26292383 0.70506831
v -0.89609600 0.00000000 0.88554527
v -0.49706022 0.94546472 0.80426033
v -0.60811805 0.58937281 0.98395568
v -0.38894158 0.85068074 0.92281508
v -0.72733961 0.91605792 0.79942359
v -0.43558469 0.64946618 0.98586333
v -0.13472971 0.08326754 0.99999895
v -0.43292467 0.26756216 0.99883819
v -0.13740713 0.22776629 0.99997561
v -0.27637267 0.00000000 0.99992572
v -0.28813498 0.32869705 0.99969420
v -0.98395568 0.60811805 0.58937281
v -0.80426033 0.49706022 0.94546472
v -0.98586333 0.43558469 0.64946618
v -0.91605792 0.79942359 0.72733961
v -0.92281508 0.38894158 0.85068074
v -0.79942359 0.72733961 0.91605792
v -0.61246906 -0.18451556 0.99099576
v -0.61246906 0.18451556 0.99099576
v -0.76570228 -0.10017178 0.96318306
v -0.43718324 -0.09006470 0.99883284
v -0.76570228 0.10017178 0.96318306
v -0.43718324 0.09006470 0.99883284
v -0.99878249 0.00000000 -0.44026792
v -0.99999878 0.00000000 -0.13928378
v -0.99943489 0.14235672 -0.38734672
v -0.99943489 -0.14235672 -0.38734672
v -0.99878249 0.00000000 0.44026792
v -0.99999878 0.00000000 0.13928378
v -0.99943489 0.14235672 0.38734672
v -0.99943489 -0.14235672 0.38734672
v -0.99883819 0.43292467 -0.26756216
v -0.99999895 0.13472971 -0.08326754
v -0.99969420 0.28813498 -0.32869705
v -0.99883284 0.43718324 -0.09006470
v -0.99997561 0.13740713 -0.22776629
v -0.99883819 -0.43292467 -0.26756216
v -0.99999895 -0.13472971 -0.08326754
v -0.99969420 -0.28813498 -0.32869705
v -0.99883284 -0.43718324 -0.09006470
v -0.99997561 -0.13740713 -0.22776629
v -0.99883819 0.43292467 0.26756216
v -0.99999895 0.13472971 0.08326754
v -0.99969420 0.28813498 0.32869705
v -0.99883284 0.43718324 0.09006470
v -0.99997561 0.13740713 0.22776629
v -0.99992572 0.27637267 0.00000000
v -0.99883819 -0.43292467 0.26756216
v -0.99999895 -0.13472971 0.08326754
v -0.99969420 -0.28813498 0.32869705
v -0.99883284 -0.43718324 0.09006470
v -0.99997561 -0.13740713 0.22776629
v -0.99992572 -0.27637267 0.00000000
v -0.52434896 0.99650567 0.00000000
v -0.36035232 0.99963473 0.00000000
v -0.06930745 0.99999998 0.00000000
v -0.21062158 0.99998545 0.00000000
v 0.52434896 0.99650567 0.00000000
v 0.36035232 0.99963473 0.00000000
v 0.06930745 0.99999998 0.00000000
v 0.21062158 0.99998545 0.00000000
v -0.52434896 -0.99650567 0.00000000
v -0.36035232 -0.99963473 0.00000000
v -0.06930745 -0.99999998 0.00000000
v -0.21062158 -0.99998545 0.00000000
v 0.52434896 -0.99650567 0.00000000
v 0.36035232 -0.99963473 0.00000000
v 0.06930745 -0.99999998 0.00000000
v 0.21062158 -0.99998545 0.00000000
v -0.58482918 -0.99321758 0.07595712
v -0.52958040 -0.99626685 0.22553414
v -0.49750152 -0.99745680 0.07352175
v -0.41192017 -0.99534980 0.53208882
v -0.47289092 -0.99765001 0.37618713
v -0.33471151 -0.99976549 0.06978131
v -0.44270714 -0.99872290 0.21883219
v -0.41370443 -0.99916264 0.07151726
v -0.47011519 -0.99819100 0.14664390
v -0.04871060 -0.68565184 0.98188198
v -0.15258078 -0.82658595 0.93798249
v -0.34154901 -0.98046629 0.69224086
v -0.25492033 -0.93097023 0.83895138
v -0.04137594 -0.99999998 0.06694767
v -0.12621526 -0.99998724 0.20422058
v -0.11131470 -0.99999967 0.06727123
v -0.32104490 -0.99651256 0.51946156
v -0.21769172 -0.99966369 0.35223260
v -0.35318093 -0.99841043 0.44300507
v -0.25584845 -0.99995323 0.06886072
v -0.19951921 -0.99997662 0.20634122
v -0.18298307 -0.99999373 0.06786054
v -0.30584811 -0.99986228 0.13984864
v -0.15473181 -0.99999666 0.13605511
v -0.41286985 -0.99906406 0.29427204
v -0.24830580 -0.99987679 0.28216312
v -0.38386211 -0.99905311 0.36762839
v -0.35817824 -0.99963131 0.21493167
v -0.29861766 -0.99952062 0.35963932
v -0.27691433 -0.99991021 0.21078925
v 0.58482918 -0.99321758 0.07595712
v 0.52958040 -0.99626685 0.22553414
v 0.49750152 -0.99745680 0.07352175
v 0.41192017 -0.99534980 0.53208882
v 0.47289092 -0.99765001 0.37618713
v 0.33471151 -0.99976549 0.06978131
v 0.44270714 -0.99872290 0.21883219
v 0.41370443 -0.99916264 0.07151726
v 0.47011519 -0.99819100 0.14664390
v 0.04871060 -0.68565184 0.98188198
v 0.15258078 -0.82658595 0.93798249
v 0.00000000 -0.75829172 0.96546641
v 0.34154901 -0.98046629 0.69224086
v 0.25492033 -0.93097023 0.83895138
v -0.10183957 -0.88554510 0.89609583
v 0.10183957 -0.88554510 0.89609583
v -0.05085828 -0.82700949 0.93775986
v 0.05085828 -0.82700949 0.93775986
v 0.04137594 -0.99999998 0.06694767
v 0.12621526 -0.99998724 0.20422058
v 0.11131470 -0.99999967 0.06727123
v 0.00000000 -0.99999900 0.13472972
v 0.32104490 -0.99651256 0.51946156
v 0.21769172 -0.99966369 0.35223260
v 0.35318093 -0.99841043 0.44300507
v 0.25584845 -0.99995323 0.06886072
v 0.19951921 -0.99997662 0.20634122
v 0.18298307 -0.99999373 0.06786054
v 0.30584811 -0.99986228 0.13984864
v 0.15473181 -0.99999666 0.13605511
v -0.08483276 -0.99992565 0.27637265
v 0.08483276 -0.99992565 0.27637265
v -0.04214162 -0.99998774 0.20469421
v 0.04214162 -0.99998774 0.20469421
v 0.41286985 -0.99906406 0.29427204
v 0.24830580 -0.99987679 0.28216312
v 0.38386211 -0.99905311 0.36762839
v 0.35817824 -0.99963131 0.21493167
v 0.29861766 -0.99952062 0.35963932
v 0.27691433 -0.99991021 0.21078925
v -0.27966778 -0.99092324 0.61242424
v -0.09168693 -0.99100218 0.61247303
v -0.24144284 -0.98095477 0.69090334
v -0.22745710 -0.99660550 0.52124565
v 0.27966778 -0.99092324 0.61242424
v 0.09168693 -0.99100218 0.61247303
v 0.24144284 -0.98095477 0.69090334
v 0.22745710 -0.99660550 0.52124565
v -0.15294443 -0.93247085 0.83650329
v -0.04882048 -0.98123390 0.68949426
v -0.19905691 -0.96257992 0.76754898
v -0.05100233 -0.93222092 0.83693782
v -0.14385375 -0.98115023 0.68997225
v -0.13127467 -0.99966371 0.35527680
v -0.04651805 -0.99656471 0.52287477
v -0.17773658 -0.99886085 0.43509095
v -0.04384820 -0.99966760 0.35473937
v -0.13572218 -0.99658526 0.52232977
v 0.15294443 -0.93247085 0.83650329
v 0.04882048 -0.98123390 0.68949426
v 0.19905691 -0.96257992 0.76754898
v 0.05100233 -0.93222092 0.83693782
v 0.14385375 -0.98115023 0.68997225
v 0.00000000 -0.96318323 0.76570240
v 0.13127467 -0.99966371 0.35527680
v 0.04651805 -0.99656471 0.52287477
v 0.17773658 -0.99886085 0.43509095
v 0.04384820 -0.99966760 0.35473937
v 0.13572218 -0.99658526 0.52232977
v 0.00000000 -0.99883293 0.43718328
v -0.58482918 0.99321758 0.07595712
v -0.52958040 0.99626685 0.22553414
v -0.49750152 0.99745680 0.07352175
v -0.41192017 0.99534980 0.53208882
v -0.47289092 0.99765001 0.37618713
v -0.33471151 0.99976549 0.06978131
v -0.44270714 0.99872290 0.21883219
v -0.41370443 0.99916264 0.07151726
v -0.47011519 0.99819100 0.14664390
v -0.04871060 0.68565184 0.98188198
v -0.15258078 0.82658595 0.93798249
v -0.34154901 0.98046629 0.69224086
v -0.25492033 0.93097023 0.83895138
v -0.04137594 0.99999998 0.06694767
v -0.12621526 0.99998724 0.20422058
v -0.11131470 0.99999967 0.06727123
v -0.32104490 0.99651256 0.51946156
v -0.21769172 0.99966369 0.35223260
v -0.35318093 0.99841043 0.44300507
v -0.25584845 0.99995323 0.06886072
v -0.19951921 0.99997662 0.20634122
v -0.18298307 0.99999373 0.06786054
v -0.30584811 0.99986228 0.13984864
v -0.15473181 0.99999666 0.13605511
v -0.41286985 0.99906406 0.29427204
v -0.24830580 0.99987679 0.28216312
v -0.38386211 0.99905311 0.36762839
v -0.35817824 0.99963131 0.21493167
v -0.29861766 0.99952062 0.35963932
v -0.27691433 0.99991021 0.21078925
v 0.58482918 0.99321758 0.07595712
v 0.52958040 0.99626685 0.22553414
v 0.49750152 0.99745680 0.07352175
v 0.41192017 0.99534980 0.53208882
v 0.47289092 0.99765001 0.37618713
v 0.33471151 0.99976549 0.06978131
v 0.44270714 0.99872290 0.21883219
v 0.41370443 0.99916264 0.07151726
v 0.47011519 0.99819100 0.14664390
v 0.04871060 0.68565184 0.98188198
v 0.15258078 0.82658595 0.93798249
v 0.00000000 0.75829172 0.96546641
v 0.34154901 0.98046629 0.69224086
v 0.25492033 0.93097023 0.83895138
v -0.10183957 0.88554510 0.89609583
v 0.10183957 0.88554510 0.89609583
v -0.05085828 0.82700949 0.93775986
v 0.05085828 0.82700949 0.93775986
v 0.04137594 0.99999998 0.06694767
v 0.12621526 0.99998724 0.20422058
v 0.11131470 0.99999967 0.06727123
v 0.00000000 0.99999900 0.13472972
v 0.32104490 0.99651256 0.51946156
v 0.21769172 0.99966369 0.35223260
v 0.35318093 0.99841043 0.44300507
v 0.25584845 0.99995323 0.06886072
v 0.19951921 0.99997662 0.20634122
v 0.18298307 0.99999373 0.06786054
v 0.30584811 0.99986228 0.13984864
v 0.15473181 0.99999666 0.13605511
v -0.08483276 0.99992565 0.27637265
v 0.08483276 0.99992565 0.27637265
v -0.04214162 0.99998774 0.20469421
v 0.04214162 0.99998774 0.20469421
v 0.41286985 0.99906406 0.29427204
v 0.24830580 0.99987679 0.28216312
v 0.38386211 0.99905311 0.36762839
v 0.35817824 0.99963131 0.21493167
v 0.29861766 0.99952062 0.35963932
v 0.27691433 0.99991021 0.21078925
v -0.27966778 0.99092324 0.61242424
v -0.09168693 0.99100218 0.61247303
v -0.24144284 0.98095477 0.69090334
v -0.22745710 0.99660550 0.52124565
v 0.27966778 0.99092324 0.61242424
v 0.09168693 0.99100218 0.61247303
v 0.24144284 0.98095477 0.69090334
v 0.22745710 0.99660550 0.52124565
v -0.15294443 0.93247085 0.83650329
v -0.04882048 0.98123390 0.68949426
v -0.19905691 0.96257992 0.76754898
v -0.05100233 0.93222092 0.83693782
v -0.14385375 0.98115023 0.68997225
v -0.13127467 0.99966371 0.35527680
v -0.04651805 0.99656471 0.52287477
v -0.17773658 0.99886085 0.43509095
v -0.04384820 0.99966760 0.35473937
v -0.13572218 0.99658526 0.52232977
v 0.15294443 0.93247085 0.83650329
v 0.04882048 0.98123390 0.68949426
v 0.19905691 0.96257992 0.76754898
v 0.05100233 0.93222092 0.83693782
v 0.14385375 0.98115023 0.68997225
v 0.00000000 0.96318323 0.76570240
v 0.13127467 0.99966371 0.35527680
v 0.04651805 0.99656471 0.52287477
v 0.17773658 0.99886085 0.43509095
v 0.04384820 0.99966760 0.35473937
v 0.13572218 0.99658526 0.52232977
v 0.00000000 0.99883293 0.43718328
v 0.00000000 -0.52434896 0.99650567
v 0.00000000 -0.36035232 0.99963473
v 0.00000000 -0.06930745 0.99999998
v 0.00000000 -0.21062158 0.99998545
v 0.00000000 0.52434896 0.99650567
v 0.00000000 0.36035232 0.99963473
v 0.00000000 0.06930745 0.99999998
v 0.00000000 0.21062158 0.99998545
v -0.58482918 -0.99321758 -0.07595712
v -0.52958040 -0.99626685 -0.22553414
v -0.49750152 -0.99745680 -0.07352175
v -0.41192017 -0.99534980 -0.53208882
v -0.47289092 -0.99765001 -0.37618713
v -0.33471151 -0.99976549 -0.06978131
v -0.44270714 -0.99872290 -0.21883219
v -0.41370443 -0.99916264 -0.07151726
v -0.47011519 -0.99819100 -0.14664390
v -0.04871060 -0.68565184 -0.98188198
v -0.15258078 -0.82658595 -0.93798249
v -0.34154901 -0.98046629 -0.69224086
v -0.25492033 -0.93097023 -0.83895138
v -0.04137594 -0.99999998 -0.06694767
v -0.12621526 -0.99998724 -0.20422058
v -0.11131470 -0.99999967 -0.06727123
v -0.32104490 -0.99651256 -0.51946156
v -0.21769172 -0.99966369 -0.35223260
v -0.35318093 -0.99841043 -0.44300507
v -0.25584845 -0.99995323 -0.06886072
v -0.19951921 -0.99997662 -0.20634122
v -0.18298307 -0.99999373 -0.06786054
v -0.30584811 -0.99986228 -0.13984864
v -0.15473181 -0.99999666 -0.13605511
v -0.41286985 -0.99906406 -0.29427204
v -0.24830580 -0.99987679 -0.28216312
v -0.38386211 -0.99905311 -0.36762839
v -0.35817824 -0.99963131 -0.21493167
v -0.29861766 -0.99952062 -0.35963932
v -0.27691433 -0.99991021 -0.21078925
v 0.58482918 -0.99321758 -0.07595712
v 0.52958040 -0.99626685 -0.22553414
v 0.49750152 -0.99745680 -0.07352175
v 0.41192017 -0.99534980 -0.53208882
v 0.47289092 -0.99765001 -0.37618713
v 0.33471151 -0.99976549 -0.06978131
v 0.44270714 -0.99872290 -0.21883219
v 0.41370443 -0.99916264 -0.07151726
v 0.47011519 -0.99819100 -0.14664390
v 0.04871060 -0.68565184 -0.98188198
v 0.15258078 -0.82658595 -0.93798249
v 0.00000000 -0.75829172 -0.96546641
v 0.34154901 -0.98046629 -0.69224086
v 0.25492033 -0.93097023 -0.83895138
v -0.10183957 -0.88554510 -0.89609583
v 0.10183957 -0.88554510 -0.89609583
v -0.05085828 -0.82700949 -0.93775986
v 0.05085828 -0.82700949 -0.93775986
v 0.04137594 -0.99999998 -0.06694767
v 0.12621526 -0.99998724 -0.20422058
v 0.11131470 -0.99999967 -0.06727123
v 0.00000000 -0.99999900 -0.13472972
v 0.32104490 -0.99651256 -0.51946156
v 0.21769172 -0.99966369 -0.35223260
v 0.35318093 -0.99841043 -0.44300507
v 0.25584845 -0.99995323 -0.06886072
v 0.19951921 -0.99997662 -0.20634122
v 0.18298307 -0.99999373 -0.06786054
v 0.30584811 -0.99986228 -0.13984864
v 0.15473181 -0.99999666 -0.13605511
v -0.08483276 -0.99992565 -0.27637265
v 0.08483276 -0.99992565 -0.27637265
v -0.04214162 -0.99998774 -0.20469421
v 0.04214162 -0.99998774 -0.20469421
v 0.41286985 -0.99906406 -0.29427204
v 0.24830580 -0.99987679 -0.28216312
v 0.38386211 -0.99905311 -0.36762839
v 0.35817824 -0.99963131 -0.21493167
v 0.29861766 -0.99952062 -0.35963932
v 0.27691433 -0.99991021 -0.21078925
v -0.27966778 -0.99092324 -0.61242424
v -0.09168693 -0.99100218 -0.61247303
v -0.24144284 -0.98095477 -0.69090334
v -0.22745710 -0.99660550 -0.52124565
v 0.27966778 -0.99092324 -0.61242424
v 0.09168693 -0.99100218 -0.61247303
v 0.24144284 -0.98095477 -0.69090334
v 0.22745710 -0.99660550 -0.52124565
v -0.15294443 -0.93247085 -0.83650329
v -0.04882048 -0.98123390 -0.68949426
v -0.19905691 -0.96257992 -0.76754898
v -0.05100233 -0.93222092 -0.83693782
v -0.14385375 -0.98115023 -0.68997225
v -0.13127467 -0.99966371 -0.35527680
v -0.04651805 -0.99656471 -0.52287477
v -0.17773658 -0.99886085 -0.43509095
v -0.04384820 -0.99966760 -0.35473937
v -0.13572218 -0.99658526 -0.52232977
v 0.15294443 -0.93247085 -0.83650329
v 0.04882048 -0.98123390 -0.68949426
v 0.19905691 -0.96257992 -0.76754898
v 0.05100233 -0.93222092 -0.83693782
v 0.14385375 -0.98115023 -0.68997225
v 0.00000000 -0.96318323 -0.76570240
v 0.13127467 -0.99966371 -0.35527680
v 0.04651805 -0.99656471 -0.52287477
v 0.17773658 -0.99886085 -0.43509095
v 0.04384820 -0.99966760 -0.35473937
v 0.13572218 -0.99658526 -0.52232977
v 0.00000000 -0.99883293 -0.43718328
v -0.58482918 0.99321758 -0.07595712
v -0.52958040 0.99626685 -0.22553414
v -0.49750152 0.99745680 -0.07352175
v -0.41192017 0.99534980 -0.53208882
v -0.47289092 0.99765001 -0.37618713
v -0.33471151 0.99976549 -0.06978131
v -0.44270714 0.99872290 -0.21883219
v -0.41370443 0.99916264 -0.07151726
v -0.47011519 0.99819100 -0.14664390
v -0.04871060 0.68565184 -0.98188198
v -0.15258078 0.82658595 -0.93798249
v -0.34154901 0.98046629 -0.69224086
v -0.25492033 0.93097023 -0.83895138
v -0.04137594 0.99999998 -0.06694767
v -0.12621526 0.99998724 -0.20422058
v -0.11131470 0.99999967 -0.06727123
v -0.32104490 0.99651256 -0.51946156
v -0.21769172 0.99966369 -0.35223260
v -0.35318093 0.99841043 -0.44300507
v -0.25584845 0.99995323 -0.06886072
v -0.19951921 0.99997662 -0.20634122
v -0.18298307 0.99999373 -0.06786054
v -0.30584811 0.99986228 -0.13984864
v -0.15473181 0.99999666 -0.13605511
v -0.41286985 0.99906406 -0.29427204
v -0.24830580 0.99987679 -0.28216312
v -0.38386211 0.99905311 -0.36762839
v -0.35817824 0.99963131 -0.21493167
v -0.29861766 0.99952062 -0.35963932
v -0.27691433 0.99991021 -0.21078925
v 0.58482918 0.99321758 -0.07595712
v 0.52958040 0.99626685 -0.22553414
v 0.49750152 0.99745680 -0.07352175
v 0.41192017 0.99534980 -0.53208882
v 0.47289092 0.99765001 -0.37618713
v 0.33471151 0.99976549 -0.06978131
v 0.44270714 0.99872290 -0.21883219
v 0.41370443 0.99916264 -0.07151726
v 0.47011519 0.99819100 -0.14664390
v 0.04871060 0.68565184 -0.98188198
v 0.15258078 0.82658595 -0.93798249
v 0.00000000 0.75829172 -0.96546641
v 0.34154901 0.98046629 -0.69224086
v 0.25492033 0.93097023 -0.83895138
v -0.10183957 0.88554510 -0.89609583
v 0.10183957 0.88554510 -0.89609583
v -0.05085828 0.82700949 -0.93775986
v 0.05085828 0.82700949 -0.93775986
v 0.04137594 0.99999998 -0.06694767
v 0.12621526 0.99998724 -0.20422058
v 0.11131470 0.99999967 -0.06727123
v 0.00000000 0.99999900 -0.13472972
v 0.32104490 0.99651256 -0.51946156
v 0.21769172 0.99966369 -0.35223260
v 0.35318093 0.99841043 -0.44300507
v 0.25584845 0.99995323 -0.06886072
v 0.19951921 0.99997662 -0.20634122
v 0.18298307 0.99999373 -0.06786054
v 0.30584811 0.99986228 -0.13984864
v 0.15473181 0.99999666 -0.13605511
v -0.08483276 0.99992565 -0.27637265
v 0.08483276 0.99992565 -0.27637265
v -0.04214162 0.99998774 -0.20469421
v 0.04214162 0.99998774 -0.20469421
v 0.41286985 0.99906406 -0.29427204
v 0.24830580 0.99987679 -0.28216312
v 0.38386211 0.99905311 -0.36762839
v 0.35817824 0.99963131 -0.21493167
v 0.29861766 0.99952062 -0.35963932
v 0.27691433 0.99991021 -0.21078925
v -0.27966778 0.99092324 -0.61242424
v -0.09168693 0.99100218 -0.61247303
v -0.24144284 0.98095477 -0.69090334
v -0.22745710 0.99660550 -0.52124565
v 0.27966778 0.99092324 -0.61242424
v 0.09168693 0.99100218 -0.61247303
v 0.24144284 0.98095477 -0.69090334
v 0.22745710 0.99660550 -0.52124565
v -0.15294443 0.93247085 -0.83650329
v -0.04882048 0.98123390 -0.68949426
v -0.19905691 0.96257992 -0.76754898
v -0.05100233 0.93222092 -0.83693782
v -0.14385375 0.98115023 -0.68997225
v -0.13127467 0.99966371 -0.35527680
v -0.04651805 0.99656471 -0.52287477
v -0.17773658 0.99886085 -0.43509095
v -0.04384820 0.99966760 -0.35473937
v -0.13572218 0.99658526 -0.52232977
v 0.15294443 0.93247085 -0.83650329
v 0.04882048 0.98123390 -0.68949426
v 0.19905691 0.96257992 -0.76754898
v 0.05100233 0.93222092 -0.83693782
v 0.14385375 0.98115023 -0.68997225
v 0.00000000 0.96318323 -0.76570240
v 0.13127467 0.99966371 -0.35527680
v 0.04651805 0.99656471 -0.52287477
v 0.17773658 0.99886085 -0.43509095
v 0.04384820 0.99966760 -0.35473937
v 0.13572218 0.99658526 -0.52232977
v 0.00000000 0.99883293 -0.43718328
v 0.00000000 -0.52434896 -0.99650567
v 0.00000000 -0.36035232 -0.99963473
v 0.00000000 -0.06930745 -0.99999998
v 0.00000000 -0.21062158 -0.99998545
v 0.00000000 0.52434896 -0.99650567
v 0.00000000 0.36035232 -0.99963473
v 0.00000000 0.06930745 -0.99999998
v 0.00000000 0.21062158 -0.99998545
v 0.68565184 0.98188198 -0.04871060
v 0.82658595 0.93798249 -0.15258078
v 0.65787737 0.98600686 -0.12695271
v 0.98046629 0.69224086 -0.34154901
v 0.93097023 0.83895138 -0.25492033
v 0.60223711 0.99179571 -0.28335035
v 0.80330363 0.94914146 -0.23726694
v 0.63005987 0.98927759 -0.20543964
v 0.73216354 0.97249668 -0.18142822
v 0.99321758 0.07595712 -0.58482918
v 0.99626685 0.22553414 -0.52958040
v 0.99534980 0.53208882 -0.41192017
v 0.99765001 0.37618713 -0.47289092
v 0.48154783 0.98893201 -0.61119359
v 0.69926743 0.97067826 -0.59991216
v 0.51402010 0.99318774 -0.52828972
v 0.97623307 0.70925717 -0.43834504
v 0.88865106 0.88508235 -0.54701098
v 0.95490394 0.78719305 -0.39663976
v 0.57341213 0.99357386 -0.36579978
v 0.72777878 0.97021799 -0.50861684
v 0.54447047 0.99426703 -0.44586422
v 0.67803452 0.98278195 -0.34867562
v 0.62097797 0.98665652 -0.52142222
v 0.86915845 0.91009177 -0.29591646
v 0.82926895 0.93353450 -0.48427619
v 0.91951620 0.85612794 -0.34862259
v 0.78080518 0.95782941 -0.32613700
v 0.90586606 0.87195399 -0.44657520
v 0.75583010 0.96514908 -0.41714488
v 0.68565184 -0.98188198 -0.04871060
v 0.82658595 -0.93798249 -0.15258078
v 0.65787737 -0.98600686 -0.12695271
v 0.98046629 -0.69224086 -0.34154901
v 0.93097023 -0.83895138 -0.25492033
v 0.60223711 -0.99179571 -0.28335035
v 0.80330363 -0.94914146 -0.23726694
v 0.63005987 -0.98927759 -0.20543964
v 0.73216354 -0.97249668 -0.18142822
v 0.99321758 -0.07595712 -0.58482918
v 0.99626685 -0.22553414 -0.52958040
v 0.99534980 -0.53208882 -0.41192017
v 0.99765001 -0.37618713 -0.47289092
v 0.48154783 -0.98893201 -0.61119359
v 0.69926743 -0.97067826 -0.59991216
v 0.51402010 -0.99318774 -0.52828972
v 0.97623307 -0.70925717 -0.43834504
v 0.88865106 -0.88508235 -0.54701098
v 0.95490394 -0.78719305 -0.39663976
v 0.57341213 -0.99357386 -0.36579978
v 0.72777878 -0.97021799 -0.50861684
v 0.54447047 -0.99426703 -0.44586422
v 0.67803452 -0.98278195 -0.34867562
v 0.62097797 -0.98665652 -0.52142222
v 0.86915845 -0.91009177 -0.29591646
v 0.82926895 -0.93353450 -0.48427619
v 0.91951620 -0.85612794 -0.34862259
v 0.78080518 -0.95782941 -0.32613700
v 0.90586606 -0.87195399 -0.44657520
v 0.75583010 -0.96514908 -0.41714488
v 0.07595712 -0.58482918 -0.99321758
v 0.22553414 -0.52958040 -0.99626685
v 0.12695271 -0.65787737 -0.98600686
v 0.07352175 -0.49750152 -0.99745680
v 0.53208882 -0.41192017 -0.99534980
v 0.37618713 -0.47289092 -0.99765001
v 0.23726694 -0.80330363 -0.94914146
v 0.28335035 -0.60223711 -0.99179571
v 0.18142822 -0.73216354 -0.97249668
v 0.20543964 -0.63005987 -0.98927759
v 0.06978131 -0.33471151 -0.99976549
v 0.21883219 -0.44270714 -0.99872290
v 0.07151726 -0.41370443 -0.99916264
v 0.14664390 -0.47011519 -0.99819100
v 0.98188198 -0.04871060 -0.68565184
v 0.93798249 -0.15258078 -0.82658595
v 0.98600686 -0.12695271 -0.65787737
v 0.69224086 -0.34154901 -0.98046629
v 0.83895138 -0.25492033 -0.93097023
v 0.99179571 -0.28335035 -0.60223711
v 0.94914146 -0.23726694 -0.80330363
v 0.98927759 -0.20543964 -0.63005987
v 0.97249668 -0.18142822 -0.73216354
v 0.43834504 -0.97623307 -0.70925717
v 0.54701098 -0.88865106 -0.88508235
v 0.39663976 -0.95490394 -0.78719305
v 0.54800034 -0.97227341 -0.71005823
v 0.61119359 -0.48154783 -0.98893201
v 0.59991216 -0.69926743 -0.97067826
v 0.52828972 -0.51402010 -0.99318774
v 0.29591646 -0.86915845 -0.91009177
v 0.48427619 -0.82926895 -0.93353450
v 0.34862259 -0.91951620 -0.85612794
v 0.32613700 -0.78080518 -0.95782941
v 0.44657520 -0.90586606 -0.87195399
v 0.77268620 -0.93660935 -0.69438959
v 0.66264765 -0.87136149 -0.88412603
v 0.66231414 -0.96161020 -0.70703466
v 0.61208946 -0.93611352 -0.80615470
v 0.36579978 -0.57341213 -0.99357386
v 0.50861684 -0.72777878 -0.97021799
v 0.44586422 -0.54447047 -0.99426703
v 0.34867562 -0.67803452 -0.98278195
v 0.52142222 -0.62097797 -0.98665652
v 0.41714488 -0.75583010 -0.96514908
v 0.06694767 -0.04137594 -0.99999998
v 0.20422058 -0.12621526 -0.99998724
v 0.06727123 -0.11131470 -0.99999967
v 0.51946156 -0.32104490 -0.99651256
v 0.35223260 -0.21769172 -0.99966369
v 0.44300507 -0.35318093 -0.99841043
v 0.06886072 -0.25584845 -0.99995323
v 0.20634122 -0.19951921 -0.99997662
v 0.06786054 -0.18298307 -0.99999373
v 0.13984864 -0.30584811 -0.99986228
v 0.13605511 -0.15473181 -0.99999666
v 0.29427204 -0.41286985 -0.99906406
v 0.28216312 -0.24830580 -0.99987679
v 0.36762839 -0.38386211 -0.99905311
v 0.21493167 -0.35817824 -0.99963131
v 0.35963932 -0.29861766 -0.99952062
v 0.21078925 -0.27691433 -0.99991021
v 0.98893201 -0.61119359 -0.48154783
v 0.97067826 -0.59991216 -0.69926743
v 0.99318774 -0.52828972 -0.51402010
v 0.97227341 -0.71005823 -0.54800034
v 0.70925717 -0.43834504 -0.97623307
v 0.88508235 -0.54701098 -0.88865106
v 0.78719305 -0.39663976 -0.95490394
v 0.71005823 -0.54800034 -0.97227341
v 0.99357386 -0.36579978 -0.57341213
v 0.97021799 -0.50861684 -0.72777878
v 0.99426703 -0.44586422 -0.54447047
v 0.98278195 -0.34867562 -0.67803452
v 0.98665652 -0.52142222 -0.62097797
v 0.87136149 -0.88412603 -0.66264765
v 0.93660935 -0.69438959 -0.77268620
v 0.93611352 -0.80615470 -0.61208946
v 0.83564682 -0.87230061 -0.77633974
v 0.96161020 -0.70703466 -0.66231414
v 0.91009177 -0.29591646 -0.86915845
v 0.93353450 -0.48427619 -0.82926895
v 0.85612794 -0.34862259 -0.91951620
v 0.95782941 -0.32613700 -0.78080518
v 0.87195399 -0.44657520 -0.90586606
v 0.96514908 -0.41714488 -0.75583010
v 0.69438959 -0.77268620 -0.93660935
v 0.88412603 -0.66264765 -0.87136149
v 0.70703466 -0.66231414 -0.96161020
v 0.77633974 -0.83564682 -0.87230061
v 0.80615470 -0.61208946 -0.93611352
v 0.87230061 -0.77633974 -0.83564682
v 0.07595712 0.58482918 -0.99321758
v 0.22553414 0.52958040 -0.99626685
v 0.12695271 0.65787737 -0.98600686
v 0.07352175 0.49750152 -0.99745680
v 0.53208882 0.41192017 -0.99534980
v 0.37618713 0.47289092 -0.99765001
v 0.23726694 0.80330363 -0.94914146
v 0.28335035 0.60223711 -0.99179571
v 0.18142822 0.73216354 -0.97249668
v 0.20543964 0.63005987 -0.98927759
v 0.06978131 0.33471151 -0.99976549
v 0.21883219 0.44270714 -0.99872290
v 0.07151726 0.41370443 -0.99916264
v 0.14664390 0.47011519 -0.99819100
v 0.98188198 0.04871060 -0.68565184
v 0.93798249 0.15258078 -0.82658595
v 0.98600686 0.12695271 -0.65787737
v 0.96546641 0.00000000 -0.75829172
v 0.69224086 0.34154901 -0.98046629
v 0.83895138 0.25492033 -0.93097023
v 0.99179571 0.28335035 -0.60223711
v 0.94914146 0.23726694 -0.80330363
v 0.98927759 0.20543964 -0.63005987
v 0.97249668 0.18142822 -0.73216354
v 0.89609583 -0.10183957 -0.88554510
v 0.89609583 0.10183957 -0.88554510
v 0.93775986 -0.05085828 -0.82700949
v 0.93775986 0.05085828 -0.82700949
v 0.43834504 0.97623307 -0.70925717
v 0.54701098 0.88865106 -0.88508235
v 0.39663976 0.95490394 -0.78719305
v 0.54800034 0.97227341 -0.71005823
v 0.61119359 0.48154783 -0.98893201
v 0.59991216 0.69926743 -0.97067826
v 0.52828972 0.51402010 -0.99318774
v 0.29591646 0.86915845 -0.91009177
v 0.48427619 0.82926895 -0.93353450
v 0.34862259 0.91951620 -0.85612794
v 0.32613700 0.78080518 -0.95782941
v 0.44657520 0.90586606 -0.87195399
v 0.77268620 0.93660935 -0.69438959
v 0.66264765 0.87136149 -0.88412603
v 0.66231414 0.96161020 -0.70703466
v 0.61208946 0.93611352 -0.80615470
v 0.36579978 0.57341213 -0.99357386
v 0.50861684 0.72777878 -0.97021799
v 0.44586422 0.54447047 -0.99426703
v 0.34867562 0.67803452 -0.98278195
v 0.52142222 0.62097797 -0.98665652
v 0.41714488 0.75583010 -0.96514908
v 0.06694767 0.04137594 -0.99999998
v 0.20422058 0.12621526 -0.99998724
v 0.06727123 0.11131470 -0.99999967
v 0.13472972 0.00000000 -0.99999900
v 0.51946156 0.32104490 -0.99651256
v 0.35223260 0.21769172 -0.99966369
v 0.44300507 0.35318093 -0.99841043
v 0.06886072 0.25584845 -0.99995323
v 0.20634122 0.19951921 -0.99997662
v 0.06786054 0.18298307 -0.99999373
v 0.13984864 0.30584811 -0.99986228
v 0.13605511 0.15473181 -0.99999666
v 0.27637265 -0.08483276 -0.99992565
v 0.27637265 0.08483276 -0.99992565
v 0.20469421 -0.04214162 -0.99998774
v 0.20469421 0.04214162 -0.99998774
v 0.29427204 0.41286985 -0.99906406
v 0.28216312 0.24830580 -0.99987679
v 0.36762839 0.38386211 -0.99905311
v 0.21493167 0.35817824 -0.99963131
v 0.35963932 0.29861766 -0.99952062
v 0.21078925 0.27691433 -0.99991021
v 0.98893201 0.61119359 -0.48154783
v 0.97067826 0.59991216 -0.69926743
v 0.99318774 0.52828972 -0.51402010
v 0.97227341 0.71005823 -0.54800034
v 0.70925717 0.43834504 -0.97623307
v 0.88508235 0.54701098 -0.88865106
v 0.78719305 0.39663976 -0.95490394
v 0.71005823 0.54800034 -0.97227341
v 0.99357386 0.36579978 -0.57341213
v 0.97021799 0.50861684 -0.72777878
v 0.99426703 0.44586422 -0.54447047
v 0.98278195 0.34867562 -0.67803452
v 0.98665652 0.52142222 -0.62097797
v 0.87136149 0.88412603 -0.66264765
v 0.93660935 0.69438959 -0.77268620
v 0.93611352 0.80615470 -0.61208946
v 0.83564682 0.87230061 -0.77633974
v 0.96161020 0.70703466 -0.66231414
v 0.91009177 0.29591646 -0.86915845
v 0.93353450 0.48427619 -0.82926895
v 0.85612794 0.34862259 -0.91951620
v 0.95782941 0.32613700 -0.78080518
v 0.87195399 0.44657520 -0.90586606
v 0.96514908 0.41714488 -0.75583010
v 0.69438959 0.77268620 -0.93660935
v 0.88412603 0.66264765 -0.87136149
v 0.70703466 0.66231414 -0.96161020
v 0.77633974 0.83564682 -0.87230061
v 0.80615470 0.61208946 -0.93611352
v 0.87230061 0.77633974 -0.83564682
v 0.61242424 -0.27966778 -0.99092324
v 0.61247303 -0.09168693 -0.99100218
v 0.69090334 -0.24144284 -0.98095477
v 0.52124565 -0.22745710 -0.99660550
v 0.61242424 0.27966778 -0.99092324
v 0.61247303 0.09168693 -0.99100218
v 0.69090334 0.24144284 -0.98095477
v 0.52124565 0.22745710 -0.99660550
v 0.83650329 -0.15294443 -0.93247085
v 0.68949426 -0.04882048 -0.98123390
v 0.76754898 -0.19905691 -0.96257992
v 0.83693782 -0.05100233 -0.93222092
v 0.68997225 -0.14385375 -0.98115023
v 0.35527680 -0.13127467 -0.99966371
v 0.52287477 -0.04651805 -0.99656471
v 0.43509095 -0.17773658 -0.99886085
v 0.35473937 -0.04384820 -0.99966760
v 0.52232977 -0.13572218 -0.99658526
v 0.83650329 0.15294443 -0.93247085
v 0.68949426 0.04882048 -0.98123390
v 0.76754898 0.19905691 -0.96257992
v 0.83693782 0.05100233 -0.93222092
v 0.68997225 0.14385375 -0.98115023
v 0.76570240 0.00000000 -0.96318323
v 0.35527680 0.13127467 -0.99966371
v 0.52287477 0.04651805 -0.99656471
v 0.43509095 0.17773658 -0.99886085
v 0.35473937 0.04384820 -0.99966760
v 0.52232977 0.13572218 -0.99658526
v 0.43718328 0.00000000 -0.99883293
v 0.68565184 0.98188198 0.04871060
v 0.82658595 0.93798249 0.15258078
v 0.65787737 0.98600686 0.12695271
v 0.75829172 0.96546641 0.00000000
v 0.98046629 0.69224086 0.34154901
v 0.93097023 0.83895138 0.25492033
v 0.60223711 0.99179571 0.28335035
v 0.80330363 0.94914146 0.23726694
v 0.63005987 0.98927759 0.20543964
v 0.73216354 0.97249668 0.18142822
v 0.88554510 0.89609583 -0.10183957
v 0.88554510 0.89609583 0.10183957
v 0.82700949 0.93775986 -0.05085828
v 0.82700949 0.93775986 0.05085828
v 0.99321758 0.07595712 0.58482918
v 0.99626685 0.22553414 0.52958040
v 0.99534980 0.53208882 0.41192017
v 0.99765001 0.37618713 0.47289092
v 0.48154783 0.98893201 0.61119359
v 0.69926743 0.97067826 0.59991216
v 0.51402010 0.99318774 0.52828972
v 0.97623307 0.70925717 0.43834504
v 0.88865106 0.88508235 0.54701098
v 0.95490394 0.78719305 0.39663976
v 0.57341213 0.99357386 0.36579978
v 0.72777878 0.97021799 0.50861684
v 0.54447047 0.99426703 0.44586422
v 0.67803452 0.98278195 0.34867562
v 0.62097797 0.98665652 0.52142222
v 0.86915845 0.91009177 0.29591646
v 0.82926895 0.93353450 0.48427619
v 0.91951620 0.85612794 0.34862259
v 0.78080518 0.95782941 0.32613700
v 0.90586606 0.87195399 0.44657520
v 0.75583010 0.96514908 0.41714488
v 0.99092324 0.61242424 -0.27966778
v 0.99100218 0.61247303 -0.09168693
v 0.98095477 0.69090334 -0.24144284
v 0.99092324 0.61242424 0.27966778
v 0.99100218 0.61247303 0.09168693
v 0.98095477 0.69090334 0.24144284
v 0.93247085 0.83650329 -0.15294443
v 0.98123390 0.68949426 -0.04882048
v 0.96257992 0.76754898 -0.19905691
v 0.93222092 0.83693782 -0.05100233
v 0.98115023 0.68997225 -0.14385375
v 0.93247085 0.83650329 0.15294443
v 0.98123390 0.68949426 0.04882048
v 0.96257992 0.76754898 0.19905691
v 0.93222092 0.83693782 0.05100233
v 0.98115023 0.68997225 0.14385375
v 0.96318323 0.76570240 0.00000000
v 0.68565184 -0.98188198 0.04871060
v 0.82658595 -0.93798249 0.15258078
v 0.65787737 -0.98600686 0.12695271
v 0.75829172 -0.96546641 0.00000000
v 0.98046629 -0.69224086 0.34154901
v 0.93097023 -0.83895138 0.25492033
v 0.60223711 -0.99179571 0.28335035
v 0.80330363 -0.94914146 0.23726694
v 0.63005987 -0.98927759 0.20543964
v 0.73216354 -0.97249668 0.18142822
v 0.88554510 -0.89609583 -0.10183957
v 0.88554510 -0.89609583 0.10183957
v 0.82700949 -0.93775986 -0.05085828
v 0.82700949 -0.93775986 0.05085828
v 0.99321758 -0.07595712 0.58482918
v 0.99626685 -0.22553414 0.52958040
v 0.99534980 -0.53208882 0.41192017
v 0.99765001 -0.37618713 0.47289092
v 0.48154783 -0.98893201 0.61119359
v 0.69926743 -0.97067826 0.59991216
v 0.51402010 -0.99318774 0.52828972
v 0.97623307 -0.70925717 0.43834504
v 0.88865106 -0.88508235 0.54701098
v 0.95490394 -0.78719305 0.39663976
v 0.57341213 -0.99357386 0.36579978
v 0.72777878 -0.97021799 0.50861684
v 0.54447047 -0.99426703 0.44586422
v 0.67803452 -0.98278195 0.34867562
v 0.62097797 -0.98665652 0.52142222
v 0.86915845 -0.91009177 0.29591646
v 0.82926895 -0.93353450 0.48427619
v 0.91951620 -0.85612794 0.34862259
v 0.78080518 -0.95782941 0.32613700
v 0.90586606 -0.87195399 0.44657520
v 0.75583010 -0.96514908 0.41714488
v 0.99092324 -0.61242424 -0.27966778
v 0.99100218 -0.61247303 -0.09168693
v 0.98095477 -0.69090334 -0.24144284
v 0.99092324 -0.61242424 0.27966778
v 0.99100218 -0.61247303 0.09168693
v 0.98095477 -0.69090334 0.24144284
v 0.93247085 -0.83650329 -0.15294443
v 0.98123390 -0.68949426 -0.04882048
v 0.96257992 -0.76754898 -0.19905691
v 0.93222092 -0.83693782 -0.05100233
v 0.98115023 -0.68997225 -0.14385375
v 0.93247085 -0.83650329 0.15294443
v 0.98123390 -0.68949426 0.04882048
v 0.96257992 -0.76754898 0.19905691
v 0.93222092 -0.83693782 0.05100233
v 0.98115023 -0.68997225 0.14385375
v 0.96318323 -0.76570240 0.00000000
v 0.07595712 -0.58482918 0.99321758
v 0.22553414 -0.52958040 0.99626685
v 0.12695271 -0.65787737 0.98600686
v 0.07352175 -0.49750152 0.99745680
v 0.53208882 -0.41192017 0.99534980
v 0.37618713 -0.47289092 0.99765001
v 0.23726694 -0.80330363 0.94914146
v 0.28335035 -0.60223711 0.99179571
v 0.18142822 -0.73216354 0.97249668
v 0.20543964 -0.63005987 0.98927759
v 0.06978131 -0.33471151 0.99976549
v 0.21883219 -0.44270714 0.99872290
v 0.07151726 -0.41370443 0.99916264
v 0.14664390 -0.47011519 0.99819100
v 0.98188198 -0.04871060 0.68565184
v 0.93798249 -0.15258078 0.82658595
v 0.98600686 -0.12695271 0.65787737
v 0.69224086 -0.34154901 0.98046629
v 0.83895138 -0.25492033 0.93097023
v 0.99179571 -0.28335035 0.60223711
v 0.94914146 -0.23726694 0.80330363
v 0.98927759 -0.20543964 0.63005987
v 0.97249668 -0.18142822 0.73216354
v 0.43834504 -0.97623307 0.70925717
v 0.54701098 -0.88865106 0.88508235
v 0.39663976 -0.95490394 0.78719305
v 0.54800034 -0.97227341 0.71005823
v 0.61119359 -0.48154783 0.98893201
v 0.59991216 -0.69926743 0.97067826
v 0.52828972 -0.51402010 0.99318774
v 0.29591646 -0.86915845 0.91009177
v 0.48427619 -0.82926895 0.93353450
v 0.34862259 -0.91951620 0.85612794
v 0.32613700 -0.78080518 0.95782941
v 0.44657520 -0.90586606 0.87195399
v 0.77268620 -0.93660935 0.69438959
v 0.66264765 -0.87136149 0.88412603
v 0.66231414 -0.96161020 0.70703466
v 0.61208946 -0.93611352 0.80615470
v 0.36579978 -0.57341213 0.99357386
v 0.50861684 -0.72777878 0.97021799
v 0.44586422 -0.54447047 0.99426703
v 0.34867562 -0.67803452 0.98278195
v 0.52142222 -0.62097797 0.98665652
v 0.41714488 -0.75583010 0.96514908
v 0.06694767 -0.04137594 0.99999998
v 0.20422058 -0.12621526 0.99998724
v 0.06727123 -0.11131470 0.99999967
v 0.51946156 -0.32104490 0.99651256
v 0.35223260 -0.21769172 0.99966369
v 0.44300507 -0.35318093 0.99841043
v 0.06886072 -0.25584845 0.99995323
v 0.20634122 -0.19951921 0.99997662
v 0.06786054 -0.18298307 0.99999373
v 0.13984864 -0.30584811 0.99986228
v 0.13605511 -0.15473181 0.99999666
v 0.29427204 -0.41286985 0.99906406
v 0.28216312 -0.24830580 0.99987679
v 0.36762839 -0.38386211 0.99905311
v 0.21493167 -0.35817824 0.99963131
v 0.35963932 -0.29861766 0.99952062
v 0.21078925 -0.27691433 0.99991021
v 0.98893201 -0.61119359 0.48154783
v 0.97067826 -0.59991216 0.69926743
v 0.99318774 -0.52828972 0.51402010
v 0.97227341 -0.71005823 0.54800034
v 0.70925717 -0.43834504 0.97623307
v 0.88508235 -0.54701098 0.88865106
v 0.78719305 -0.39663976 0.95490394
v 0.71005823 -0.54800034 0.97227341
v 0.99357386 -0.36579978 0.57341213
v 0.97021799 -0.50861684 0.72777878
v 0.99426703 -0.44586422 0.54447047
v 0.98278195 -0.34867562 0.67803452
v 0.98665652 -0.52142222 0.62097797
v 0.87136149 -0.88412603 0.66264765
v 0.93660935 -0.69438959 0.77268620
v 0.93611352 -0.80615470 0.61208946
v 0.83564682 -0.87230061 0.77633974
v 0.96161020 -0.70703466 0.66231414
v 0.91009177 -0.29591646 0.86915845
v 0.93353450 -0.48427619 0.82926895
v 0.85612794 -0.34862259 0.91951620
v 0.95782941 -0.32613700 0.78080518
v 0.87195399 -0.44657520 0.90586606
v 0.96514908 -0.41714488 0.75583010
v 0.69438959 -0.77268620 0.93660935
v 0.88412603 -0.66264765 0.87136149
v 0.70703466 -0.66231414 0.96161020
v 0.77633974 -0.83564682 0.87230061
v 0.80615470 -0.61208946 0.93611352
v 0.87230061 -0.77633974 0.83564682
v 0.07595712 0.58482918 0.99321758
v 0.22553414 0.52958040 0.99626685
v 0.12695271 0.65787737 0.98600686
v 0.07352175 0.49750152 0.99745680
v 0.53208882 0.41192017 0.99534980
v 0.37618713 0.47289092 0.99765001
v 0.23726694 0.80330363 0.94914146
v 0.28335035 0.60223711 0.99179571
v 0.18142822 0.73216354 0.97249668
v 0.20543964 0.63005987 0.98927759
v 0.06978131 0.33471151 0.99976549
v 0.21883219 0.44270714 0.99872290
v 0.07151726 0.41370443 0.99916264
v 0.14664390 0.47011519 0.99819100
v 0.98188198 0.04871060 0.68565184
v 0.93798249 0.15258078 0.82658595
v 0.98600686 0.12695271 0.65787737
v 0.96546641 0.00000000 0.75829172
v 0.69224086 0.34154901 0.98046629
v 0.83895138 0.25492033 0.93097023
v 0.99179571 0.28335035 0.60223711
v 0.94914146 0.23726694 0.80330363
v 0.98927759 0.20543964 0.63005987
v 0.97249668 0.18142822 0.73216354
v 0.89609583 -0.10183957 0.88554510
v 0.89609583 0.10183957 0.88554510
v 0.93775986 -0.05085828 0.82700949
v 0.93775986 0.05085828 0.82700949
v 0.43834504 0.97623307 0.70925717
v 0.54701098 0.88865106 0.88508235
v 0.39663976 0.95490394 0.78719305
v 0.54800034 0.97227341 0.71005823
v 0.61119359 0.48154783 0.98893201
v 0.59991216 0.69926743 0.97067826
v 0.52828972 0.51402010 0.99318774
v 0.29591646 0.86915845 0.91009177
v 0.48427619 0.82926895 0.93353450
v 0.34862259 0.91951620 0.85612794
v 0.32613700 0.78080518 0.95782941
v 0.44657520 0.90586606 0.87195399
v 0.77268620 0.93660935 0.69438959
v 0.66264765 0.87136149 0.88412603
v 0.66231414 0.96161020 0.70703466
v 0.61208946 0.93611352 0.80615470
v 0.36579978 0.57341213 0.99357386
v 0.50861684 0.72777878 0.97021799
v 0.44586422 0.54447047 0.99426703
v 0.34867562 0.67803452 0.98278195
v 0.52142222 0.62097797 0.98665652
v 0.41714488 0.75583010 0.96514908
v 0.06694767 0.04137594 0.99999998
v 0.20422058 0.12621526 0.99998724
v 0.06727123 0.11131470 0.99999967
v 0.13472972 0.00000000 0.99999900
v 0.51946156 0.32104490 0.99651256
v 0.35223260 0.21769172 0.99966369
v 0.44300507 0.35318093 0.99841043
v 0.06886072 0.25584845 0.99995323
v 0.20634122 0.19951921 0.99997662
v 0.06786054 0.18298307 0.99999373
v 0.13984864 0.30584811 0.99986228
v 0.13605511 0.15473181 0.99999666
v 0.27637265 -0.08483276 0.99992565
v 0.27637265 0.08483276 0.99992565
v 0.20469421 -0.04214162 0.99998774
v 0.20469421 0.04214162 0.99998774
v 0.29427204 0.41286985 0.99906406
v 0.28216312 0.24830580 0.99987679
v 0.36762839 0.38386211 0.99905311
v 0.21493167 0.35817824 0.99963131
v 0.35963932 0.29861766 0.99952062
v 0.21078925 0.27691433 0.99991021
v 0.98893201 0.61119359 0.48154783
v 0.97067826 0.59991216 0.69926743
v 0.99318774 0.52828972 0.51402010
v 0.97227341 0.71005823 0.54800034
v 0.70925717 0.43834504 0.97623307
v 0.88508235 0.54701098 0.88865106
v 0.78719305 0.39663976 0.95490394
v 0.71005823 0.54800034 0.97227341
v 0.99357386 0.36579978 0.57341213
v 0.97021799 0.50861684 0.72777878
v 0.99426703 0.44586422 0.54447047
v 0.98278195 0.34867562 0.67803452
v 0.98665652 0.52142222 0.62097797
v 0.87136149 0.88412603 0.66264765
v 0.93660935 0.69438959 0.77268620
v 0.93611352 0.80615470 0.61208946
v 0.83564682 0.87230061 0.77633974
v 0.96161020 0.70703466 0.66231414
v 0.91009177 0.29591646 0.86915845
v 0.93353450 0.48427619 0.82926895
v 0.85612794 0.34862259 0.91951620
v 0.95782941 0.32613700 0.78080518
v 0.87195399 0.44657520 0.90586606
v 0.96514908 0.41714488 0.75583010
v 0.69438959 0.77268620 0.93660935
v 0.88412603 0.66264765 0.87136149
v 0.70703466 0.66231414 0.96161020
v 0.77633974 0.83564682 0.87230061
v 0.80615470 0.61208946 0.93611352
v 0.87230061 0.77633974 0.83564682
v 0.61242424 -0.27966778 0.99092324
v 0.61247303 -0.09168693 0.99100218
v 0.69090334 -0.24144284 0.98095477
v 0.52124565 -0.22745710 0.99660550
v 0.61242424 0.27966778 0.99092324
v 0.61247303 0.09168693 0.99100218
v 0.69090334 0.24144284 0.98095477
v 0.52124565 0.22745710 0.99660550
v 0.83650329 -0.15294443 0.93247085
v 0.68949426 -0.04882048 0.98123390
v 0.76754898 -0.19905691 0.96257992
v 0.83693782 -0.05100233 0.93222092
v 0.68997225 -0.14385375 0.98115023
v 0.35527680 -0.13127467 0.99966371
v 0.52287477 -0.04651805 0.99656471
v 0.43509095 -0.17773658 0.99886085
v 0.35473937 -0.04384820 0.99966760
v 0.52232977 -0.13572218 0.99658526
v 0.83650329 0.15294443 0.93247085
v 0.68949426 0.04882048 0.98123390
v 0.76754898 0.19905691 0.96257992
v 0.83693782 0.05100233 0.93222092
v 0.68997225 0.14385375 0.98115023
v 0.76570240 0.00000000 0.96318323
v 0.35527680 0.13127467 0.99966371
v 0.52287477 0.04651805 0.99656471
v 0.43509095 0.17773658 0.99886085
v 0.35473937 0.04384820 0.99966760
v 0.52232977 0.13572218 0.99658526
v 0.43718328 0.00000000 0.99883293
v 0.99650567 0.00000000 -0.52434896
v 0.99963473 0.00000000 -0.36035232
v 0.99745680 0.07352175 -0.49750152
v 0.99745680 -0.07352175 -0.49750152
v 0.99999998 0.00000000 -0.06930745
v 0.99998545 0.00000000 -0.21062158
v 0.99872290 0.21883219 -0.44270714
v 0.99976549 0.06978131 -0.33471151
v 0.99819100 0.14664390 -0.47011519
v 0.99916264 0.07151726 -0.41370443
v 0.99872290 -0.21883219 -0.44270714
v 0.99976549 -0.06978131 -0.33471151
v 0.99819100 -0.14664390 -0.47011519
v 0.99916264 -0.07151726 -0.41370443
v 0.99650567 0.00000000 0.52434896
v 0.99963473 0.00000000 0.36035232
v 0.99745680 0.07352175 0.49750152
v 0.99745680 -0.07352175 0.49750152
v 0.99999998 0.00000000 0.06930745
v 0.99998545 0.00000000 0.21062158
v 0.99872290 0.21883219 0.44270714
v 0.99976549 0.06978131 0.33471151
v 0.99819100 0.14664390 0.47011519
v 0.99916264 0.07151726 0.41370443
v 0.99872290 -0.21883219 0.44270714
v 0.99976549 -0.06978131 0.33471151
v 0.99819100 -0.14664390 0.47011519
v 0.99916264 -0.07151726 0.41370443
v 0.99651256 0.51946156 -0.32104490
v 0.99966369 0.35223260 -0.21769172
v 0.99841043 0.44300507 -0.35318093
v 0.99660550 0.52124565 -0.22745710
v 0.99999998 0.06694767 -0.04137594
v 0.99998724 0.20422058 -0.12621526
v 0.99999967 0.06727123 -0.11131470
v 0.99906406 0.29427204 -0.41286985
v 0.99987679 0.28216312 -0.24830580
v 0.99905311 0.36762839 -0.38386211
v 0.99963131 0.21493167 -0.35817824
v 0.99952062 0.35963932 -0.29861766
v 0.99656471 0.52287477 -0.04651805
v 0.99966371 0.35527680 -0.13127467
v 0.99658526 0.52232977 -0.13572218
v 0.99886085 0.43509095 -0.17773658
v 0.99995323 0.06886072 -0.25584845
v 0.99997662 0.20634122 -0.19951921
v 0.99999373 0.06786054 -0.18298307
v 0.99986228 0.13984864 -0.30584811
v 0.99999666 0.13605511 -0.15473181
v 0.99991021 0.21078925 -0.27691433
v 0.99651256 -0.51946156 -0.32104490
v 0.99966369 -0.35223260 -0.21769172
v 0.99841043 -0.44300507 -0.35318093
v 0.99660550 -0.52124565 -0.22745710
v 0.99999998 -0.06694767 -0.04137594
v 0.99998724 -0.20422058 -0.12621526
v 0.99999967 -0.06727123 -0.11131470
v 0.99906406 -0.29427204 -0.41286985
v 0.99987679 -0.28216312 -0.24830580
v 0.99905311 -0.36762839 -0.38386211
v 0.99963131 -0.21493167 -0.35817824
v 0.99952062 -0.35963932 -0.29861766
v 0.99656471 -0.52287477 -0.04651805
v 0.99966371 -0.35527680 -0.13127467
v 0.99658526 -0.52232977 -0.13572218
v 0.99886085 -0.43509095 -0.17773658
v 0.99995323 -0.06886072 -0.25584845
v 0.99997662 -0.20634122 -0.19951921
v 0.99999373 -0.06786054 -0.18298307
v 0.99986228 -0.13984864 -0.30584811
v 0.99999666 -0.13605511 -0.15473181
v 0.99991021 -0.21078925 -0.27691433
v 0.99651256 0.51946156 0.32104490
v 0.99966369 0.35223260 0.21769172
v 0.99841043 0.44300507 0.35318093
v 0.99660550 0.52124565 0.22745710
v 0.99999998 0.06694767 0.04137594
v 0.99998724 0.20422058 0.12621526
v 0.99999967 0.06727123 0.11131470
v 0.99999900 0.13472972 0.00000000
v 0.99906406 0.29427204 0.41286985
v 0.99987679 0.28216312 0.24830580
v 0.99905311 0.36762839 0.38386211
v 0.99963131 0.21493167 0.35817824
v 0.99952062 0.35963932 0.29861766
v 0.99656471 0.52287477 0.04651805
v 0.99966371 0.35527680 0.13127467
v 0.99658526 0.52232977 0.13572218
v 0.99883293 0.43718328 0.00000000
v 0.99886085 0.43509095 0.17773658
v 0.99995323 0.06886072 0.25584845
v 0.99997662 0.20634122 0.19951921
v 0.99999373 0.06786054 0.18298307
v 0.99986228 0.13984864 0.30584811
v 0.99999666 0.13605511 0.15473181
v 0.99991021 0.21078925 0.27691433
v 0.99992565 0.27637265 -0.08483276
v 0.99992565 0.27637265 0.08483276
v 0.99998774 0.20469421 -0.04214162
v 0.99966760 0.35473937 -0.04384820
v 0.99998774 0.20469421 0.04214162
v 0.99966760 0.35473937 0.04384820
v 0.99651256 -0.51946156 0.32104490
v 0.99966369 -0.35223260 0.21769172
v 0.99841043 -0.44300507 0.35318093
v 0.99660550 -0.52124565 0.22745710
v 0.99999998 -0.06694767 0.04137594
v 0.99998724 -0.20422058 0.12621526
v 0.99999967 -0.06727123 0.11131470
v 0.99999900 -0.13472972 0.00000000
v 0.99906406 -0.29427204 0.41286985
v 0.99987679 -0.28216312 0.24830580
v 0.99905311 -0.36762839 0.38386211
v 0.99963131 -0.21493167 0.35817824
v 0.99952062 -0.35963932 0.29861766
v 0.99656471 -0.52287477 0.04651805
v 0.99966371 -0.35527680 0.13127467
v 0.99658526 -0.52232977 0.13572218
v 0.99883293 -0.43718328 0.00000000
v 0.99886085 -0.43509095 0.17773658
v 0.99995323 -0.06886072 0.25584845
v 0.99997662 -0.20634122 0.19951921
v 0.99999373 -0.06786054 0.18298307
v 0.99986228 -0.13984864 0.30584811
v 0.99999666 -0.13605511 0.15473181
v 0.99991021 -0.21078925 0.27691433
v 0.99992565 -0.27637265 -0.08483276
v 0.99992565 -0.27637265 0.08483276
v 0.99998774 -0.20469421 -0.04214162
v 0.99966760 -0.35473937 -0.04384820
v 0.99998774 -0.20469421 0.04214162
v 0.99966760 -0.35473937 0.04384820
v -0.68565184 0.98188198 -0.04871060
v -0.82658595 0.93798249 -0.15258078
v -0.65787737 0.98600686 -0.12695271
v -0.98046629 0.69224086 -0.34154901
v -0.93097023 0.83895138 -0.25492033
v -0.60223711 0.99179571 -0.28335035
v -0.80330363 0.94914146 -0.23726694
v -0.63005987 0.98927759 -0.20543964
v -0.73216354 0.97249668 -0.18142822
v -0.99321758 0.07595712 -0.58482918
v -0.99626685 0.22553414 -0.52958040
v -0.99534980 0.53208882 -0.41192017
v -0.99765001 0.37618713 -0.47289092
v -0.48154783 0.98893201 -0.61119359
v -0.69926743 0.97067826 -0.59991216
v -0.51402010 0.99318774 -0.52828972
v -0.97623307 0.70925717 -0.43834504
v -0.88865106 0.88508235 -0.54701098
v -0.95490394 0.78719305 -0.39663976
v -0.57341213 0.99357386 -0.36579978
v -0.72777878 0.97021799 -0.50861684
v -0.54447047 0.99426703 -0.44586422
v -0.67803452 0.98278195 -0.34867562
v -0.62097797 0.98665652 -0.52142222
v -0.86915845 0.91009177 -0.29591646
v -0.82926895 0.93353450 -0.48427619
v -0.91951620 0.85612794 -0.34862259
v -0.78080518 0.95782941 -0.32613700
v -0.90586606 0.87195399 -0.44657520
v -0.75583010 0.96514908 -0.41714488
v -0.68565184 -0.98188198 -0.04871060
v -0.82658595 -0.93798249 -0.15258078
v -0.65787737 -0.98600686 -0.12695271
v -0.98046629 -0.69224086 -0.34154901
v -0.93097023 -0.83895138 -0.25492033
v -0.60223711 -0.99179571 -0.28335035
v -0.80330363 -0.94914146 -0.23726694
v -0.63005987 -0.98927759 -0.20543964
v -0.73216354 -0.97249668 -0.18142822
v -0.99321758 -0.07595712 -0.58482918
v -0.99626685 -0.22553414 -0.52958040
v -0.99534980 -0.53208882 -0.41192017
v -0.99765001 -0.37618713 -0.47289092
v -0.48154783 -0.98893201 -0.61119359
v -0.69926743 -0.97067826 -0.59991216
v -0.51402010 -0.99318774 -0.52828972
v -0.97623307 -0.70925717 -0.43834504
v -0.88865106 -0.88508235 -0.54701098
v -0.95490394 -0.78719305 -0.39663976
v -0.57341213 -0.99357386 -0.36579978
v -0.72777878 -0.97021799 -0.50861684
v -0.54447047 -0.99426703 -0.44586422
v -0.67803452 -0.98278195 -0.34867562
v -0.62097797 -0.98665652 -0.52142222
v -0.86915845 -0.91009177 -0.29591646
v -0.82926895 -0.93353450 -0.48427619
v -0.91951620 -0.85612794 -0.34862259
v -0.78080518 -0.95782941 -0.32613700
v -0.90586606 -0.87195399 -0.44657520
v -0.75583010 -0.96514908 -0.41714488
v -0.07595712 -0.58482918 -0.99321758
v -0.22553414 -0.52958040 -0.99626685
v -0.12695271 -0.65787737 -0.98600686
v -0.07352175 -0.49750152 -0.99745680
v -0.53208882 -0.41192017 -0.99534980
v -0.37618713 -0.47289092 -0.99765001
v -0.23726694 -0.80330363 -0.94914146
v -0.28335035 -0.60223711 -0.99179571
v -0.18142822 -0.73216354 -0.97249668
v -0.20543964 -0.63005987 -0.98927759
v -0.06978131 -0.33471151 -0.99976549
v -0.21883219 -0.44270714 -0.99872290
v -0.07151726 -0.41370443 -0.99916264
v -0.14664390 -0.47011519 -0.99819100
v -0.98188198 -0.04871060 -0.68565184
v -0.93798249 -0.15258078 -0.82658595
v -0.98600686 -0.12695271 -0.65787737
v -0.69224086 -0.34154901 -0.98046629
v -0.83895138 -0.25492033 -0.93097023
v -0.99179571 -0.28335035 -0.60223711
v -0.94914146 -0.23726694 -0.80330363
v -0.98927759 -0.20543964 -0.63005987
v -0.97249668 -0.18142822 -0.73216354
v -0.43834504 -0.97623307 -0.70925717
v -0.54701098 -0.88865106 -0.88508235
v -0.39663976 -0.95490394 -0.78719305
v -0.54800034 -0.97227341 -0.71005823
v -0.61119359 -0.48154783 -0.98893201
v -0.59991216 -0.69926743 -0.97067826
v -0.52828972 -0.51402010 -0.99318774
v -0.29591646 -0.86915845 -0.91009177
v -0.48427619 -0.82926895 -0.93353450
v -0.34862259 -0.91951620 -0.85612794
v -0.32613700 -0.78080518 -0.95782941
v -0.44657520 -0.90586606 -0.87195399
v -0.77268620 -0.93660935 -0.69438959
v -0.66264765 -0.87136149 -0.88412603
v -0.66231414 -0.96161020 -0.70703466
v -0.61208946 -0.93611352 -0.80615470
v -0.36579978 -0.57341213 -0.99357386
v -0.50861684 -0.72777878 -0.97021799
v -0.44586422 -0.54447047 -0.99426703
v -0.34867562 -0.67803452 -0.98278195
v -0.52142222 -0.62097797 -0.98665652
v -0.41714488 -0.75583010 -0.96514908
v -0.06694767 -0.04137594 -0.99999998
v -0.20422058 -0.12621526 -0.99998724
v -0.06727123 -0.11131470 -0.99999967
v -0.51946156 -0.32104490 -0.99651256
v -0.35223260 -0.21769172 -0.99966369
v -0.44300507 -0.35318093 -0.99841043
v -0.06886072 -0.25584845 -0.99995323
v -0.20634122 -0.19951921 -0.99997662
v -0.06786054 -0.18298307 -0.99999373
v -0.13984864 -0.30584811 -0.99986228
v -0.13605511 -0.15473181 -0.99999666
v -0.29427204 -0.41286985 -0.99906406
v -0.28216312 -0.24830580 -0.99987679
v -0.36762839 -0.38386211 -0.99905311
v -0.21493167 -0.35817824 -0.99963131
v -0.35963932 -0.29861766 -0.99952062
v -0.21078925 -0.27691433 -0.99991021
v -0.98893201 -0.61119359 -0.48154783
v -0.97067826 -0.59991216 -0.69926743
v -0.99318774 -0.52828972 -0.51402010
v -0.97227341 -0.71005823 -0.54800034
v -0.70925717 -0.43834504 -0.97623307
v -0.88508235 -0.54701098 -0.88865106
v -0.78719305 -0.39663976 -0.95490394
v -0.71005823 -0.54800034 -0.97227341
v -0.99357386 -0.36579978 -0.57341213
v -0.97021799 -0.50861684 -0.72777878
v -0.99426703 -0.44586422 -0.54447047
v -0.98278195 -0.34867562 -0.67803452
v -0.98665652 -0.52142222 -0.62097797
v -0.87136149 -0.88412603 -0.66264765
v -0.93660935 -0.69438959 -0.77268620
v -0.93611352 -0.80615470 -0.61208946
v -0.83564682 -0.87230061 -0.77633974
v -0.96161020 -0.70703466 -0.66231414
v -0.91009177 -0.29591646 -0.86915845
v -0.93353450 -0.48427619 -0.82926895
v -0.85612794 -0.34862259 -0.91951620
v -0.95782941 -0.32613700 -0.78080518
v -0.87195399 -0.44657520 -0.90586606
v -0.96514908 -0.41714488 -0.75583010
v -0.69438959 -0.77268620 -0.93660935
v -0.88412603 -0.66264765 -0.87136149
v -0.70703466 -0.66231414 -0.96161020
v -0.77633974 -0.83564682 -0.87230061
v -0.80615470 -0.61208946 -0.93611352
v -0.87230061 -0.77633974 -0.83564682
v -0.07595712 0.58482918 -0.99321758
v -0.22553414 0.52958040 -0.99626685
v -0.12695271 0.65787737 -0.98600686
v -0.07352175 0.49750152 -0.99745680
v -0.53208882 0.41192017 -0.99534980
v -0.37618713 0.47289092 -0.99765001
v -0.23726694 0.80330363 -0.94914146
v -0.28335035 0.60223711 -0.99179571
v -0.18142822 0.73216354 -0.97249668
v -0.20543964 0.63005987 -0.98927759
v -0.06978131 0.33471151 -0.99976549
v -0.21883219 0.44270714 -0.99872290
v -0.07151726 0.41370443 -0.99916264
v -0.14664390 0.47011519 -0.99819100
v -0.98188198 0.04871060 -0.68565184
v -0.93798249 0.15258078 -0.82658595
v -0.98600686 0.12695271 -0.65787737
v -0.96546641 0.00000000 -0.75829172
v -0.69224086 0.34154901 -0.98046629
v -0.83895138 0.25492033 -0.93097023
v -0.99179571 0.28335035 -0.60223711
v -0.94914146 0.23726694 -0.80330363
v -0.98927759 0.20543964 -0.63005987
v -0.97249668 0.18142822 -0.73216354
v -0.89609583 -0.10183957 -0.88554510
v -0.89609583 0.10183957 -0.88554510
v -0.93775986 -0.05085828 -0.82700949
v -0.93775986 0.05085828 -0.82700949
v -0.43834504 0.97623307 -0.70925717
v -0.54701098 0.88865106 -0.88508235
v -0.39663976 0.95490394 -0.78719305
v -0.54800034 0.97227341 -0.71005823
v -0.61119359 0.48154783 -0.98893201
v -0.59991216 0.69926743 -0.97067826
v -0.52828972 0.51402010 -0.99318774
v -0.29591646 0.86915845 -0.91009177
v -0.48427619 0.82926895 -0.93353450
v -0.34862259 0.91951620 -0.85612794
v -0.32613700 0.78080518 -0.95782941
v -0.44657520 0.90586606 -0.87195399
v -0.77268620 0.93660935 -0.69438959
v -0.66264765 0.87136149 -0.88412603
v -0.66231414 0.96161020 -0.70703466
v -0.61208946 0.93611352 -0.80615470
v -0.36579978 0.57341213 -0.99357386
v -0.50861684 0.72777878 -0.97021799
v -0.44586422 0.54447047 -0.99426703
v -0.34867562 0.67803452 -0.98278195
v -0.52142222 0.62097797 -0.98665652
v -0.41714488 0.75583010 -0.96514908
v -0.06694767 0.04137594 -0.99999998
v -0.20422058 0.12621526 -0.99998724
v -0.06727123 0.11131470 -0.99999967
v -0.13472972 0.00000000 -0.99999900
v -0.51946156 0.32104490 -0.99651256
v -0.35223260 0.21769172 -0.99966369
v -0.44300507 0.35318093 -0.99841043
v -0.06886072 0.25584845 -0.99995323
v -0.20634122 0.19951921 -0.99997662
v -0.06786054 0.18298307 -0.99999373
v -0.13984864 0.30584811 -0.99986228
v -0.13605511 0.15473181 -0.99999666
v -0.27637265 -0.08483276 -0.99992565
v -0.27637265 0.08483276 -0.99992565
v -0.20469421 -0.04214162 -0.99998774
v -0.20469421 0.04214162 -0.99998774
v -0.29427204 0.41286985 -0.99906406
v -0.28216312 0.24830580 -0.99987679
v -0.36762839 0.38386211 -0.99905311
v -0.21493167 0.35817824 -0.99963131
v -0.35963932 0.29861766 -0.99952062
v -0.21078925 0.27691433 -0.99991021
v -0.98893201 0.61119359 -0.48154783
v -0.97067826 0.59991216 -0.69926743
v -0.99318774 0.52828972 -0.51402010
v -0.97227341 0.71005823 -0.54800034
v -0.70925717 0.43834504 -0.97623307
v -0.88508235 0.54701098 -0.88865106
v -0.78719305 0.39663976 -0.95490394
v -0.71005823 0.54800034 -0.97227341
v -0.99357386 0.36579978 -0.57341213
v -0.97021799 0.50861684 -0.72777878
v -0.99426703 0.44586422 -0.54447047
v -0.98278195 0.34867562 -0.67803452
v -0.98665652 0.52142222 -0.62097797
v -0.87136149 0.88412603 -0.66264765
v -0.93660935 0.69438959 -0.77268620
v -0.93611352 0.80615470 -0.61208946
v -0.83564682 0.87230061 -0.77633974
v -0.96161020 0.70703466 -0.66231414
v -0.91009177 0.29591646 -0.86915845
v -0.93353450 0.48427619 -0.82926895
v -0.85612794 0.34862259 -0.91951620
v -0.95782941 0.32613700 -0.78080518
v -0.87195399 0.44657520 -0.90586606
v -0.96514908 0.41714488 -0.75583010
v -0.69438959 0.77268620 -0.93660935
v -0.88412603 0.66264765 -0.87136149
v -0.70703466 0.66231414 -0.96161020
v -0.77633974 0.83564682 -0.87230061
v -0.80615470 0.61208946 -0.93611352
v -0.87230061 0.77633974 -0.83564682
v -0.61242424 -0.27966778 -0.99092324
v -0.61247303 -0.09168693 -0.99100218
v -0.69090334 -0.24144284 -0.98095477
v -0.52124565 -0.22745710 -0.99660550
v -0.61242424 0.27966778 -0.99092324
v -0.61247303 0.09168693 -0.99100218
v -0.69090334 0.24144284 -0.98095477
v -0.52124565 0.22745710 -0.99660550
v -0.83650329 -0.15294443 -0.93247085
v -0.68949426 -0.04882048 -0.98123390
v -0.76754898 -0.19905691 -0.96257992
v -0.83693782 -0.05100233 -0.93222092
v -0.68997225 -0.14385375 -0.98115023
v -0.35527680 -0.13127467 -0.99966371
v -0.52287477 -0.04651805 -0.99656471
v -0.43509095 -0.17773658 -0.99886085
v -0.35473937 -0.04384820 -0.99966760
v -0.52232977 -0.13572218 -0.99658526
v -0.83650329 0.15294443 -0.93247085
v -0.68949426 0.04882048 -0.98123390
v -0.76754898 0.19905691 -0.96257992
v -0.83693782 0.05100233 -0.93222092
v -0.68997225 0.14385375 -0.98115023
v -0.76570240 0.00000000 -0.96318323
v -0.35527680 0.13127467 -0.99966371
v -0.52287477 0.04651805 -0.99656471
v -0.43509095 0.17773658 -0.99886085
v -0.35473937 0.04384820 -0.99966760
v -0.52232977 0.13572218 -0.99658526
v -0.43718328 0.00000000 -0.99883293
v -0.68565184 0.98188198 0.04871060
v -0.82658595 0.93798249 0.15258078
v -0.65787737 0.98600686 0.12695271
v -0.75829172 0.96546641 0.00000000
v -0.98046629 0.69224086 0.34154901
v -0.93097023 0.83895138 0.25492033
v -0.60223711 0.99179571 0.28335035
v -0.80330363 0.94914146 0.23726694
v -0.63005987 0.98927759 0.20543964
v -0.73216354 0.97249668 0.18142822
v -0.88554510 0.89609583 -0.10183957
v -0.88554510 0.89609583 0.10183957
v -0.82700949 0.93775986 -0.05085828
v -0.82700949 0.93775986 0.05085828
v -0.99321758 0.07595712 0.58482918
v -0.99626685 0.22553414 0.52958040
v -0.99534980 0.53208882 0.41192017
v -0.99765001 0.37618713 0.47289092
v -0.48154783 0.98893201 0.61119359
v -0.69926743 0.97067826 0.59991216
v -0.51402010 0.99318774 0.52828972
v -0.97623307 0.70925717 0.43834504
v -0.88865106 0.88508235 0.54701098
v -0.95490394 0.78719305 0.39663976
v -0.57341213 0.99357386 0.36579978
v -0.72777878 0.97021799 0.50861684
v -0.54447047 0.99426703 0.44586422
v -0.67803452 0.98278195 0.34867562
v -0.62097797 0.98665652 0.52142222
v -0.86915845 0.91009177 0.29591646
v -0.82926895 0.93353450 0.48427619
v -0.91951620 0.85612794 0.34862259
v -0.78080518 0.95782941 0.32613700
v -0.90586606 0.87195399 0.44657520
v -0.75583010 0.96514908 0.41714488
v -0.99092324 0.61242424 -0.27966778
v -0.99100218 0.61247303 -0.09168693
v -0.98095477 0.69090334 -0.24144284
v -0.99092324 0.61242424 0.27966778
v -0.99100218 0.61247303 0.09168693
v -0.98095477 0.69090334 0.24144284
v -0.93247085 0.83650329 -0.15294443
v -0.98123390 0.68949426 -0.04882048
v -0.96257992 0.76754898 -0.19905691
v -0.93222092 0.83693782 -0.05100233
v -0.98115023 0.68997225 -0.14385375
v -0.93247085 0.83650329 0.15294443
v -0.98123390 0.68949426 0.04882048
v -0.96257992 0.76754898 0.19905691
v -0.93222092 0.83693782 0.05100233
v -0.98115023 0.68997225 0.14385375
v -0.96318323 0.76570240 0.00000000
v -0.68565184 -0.98188198 0.04871060
v -0.82658595 -0.93798249 0.15258078
v -0.65787737 -0.98600686 0.12695271
v -0.75829172 -0.96546641 0.00000000
v -0.98046629 -0.69224086 0.34154901
v -0.93097023 -0.83895138 0.25492033
v -0.60223711 -0.99179571 0.28335035
v -0.80330363 -0.94914146 0.23726694
v -0.63005987 -0.98927759 0.20543964
v -0.73216354 -0.97249668 0.18142822
v -0.88554510 -0.89609583 -0.10183957
v -0.88554510 -0.89609583 0.10183957
v -0.82700949 -0.93775986 -0.05085828
v -0.82700949 -0.93775986 0.05085828
v -0.99321758 -0.07595712 0.58482918
v -0.99626685 -0.22553414 0.52958040
v -0.99534980 -0.53208882 0.41192017
v -0.99765001 -0.37618713 0.47289092
v -0.48154783 -0.98893201 0.61119359
v -0.69926743 -0.97067826 0.59991216
v -0.51402010 -0.99318774 0.52828972
v -0.97623307 -0.70925717 0.43834504
v -0.88865106 -0.88508235 0.54701098
v -0.95490394 -0.78719305 0.39663976
v -0.57341213 -0.99357386 0.36579978
v -0.72777878 -0.97021799 0.50861684
v -0.54447047 -0.99426703 0.44586422
v -0.67803452 -0.98278195 0.34867562
v -0.62097797 -0.98665652 0.52142222
v -0.86915845 -0.91009177 0.29591646
v -0.82926895 -0.93353450 0.48427619
v -0.91951620 -0.85612794 0.34862259
v -0.78080518 -0.95782941 0.32613700
v -0.90586606 -0.87195399 0.44657520
v -0.75583010 -0.96514908 0.41714488
v -0.99092324 -0.61242424 -0.27966778
v -0.99100218 -0.61247303 -0.09168693
v -0.98095477 -0.69090334 -0.24144284
v -0.99092324 -0.61242424 0.27966778
v -0.99100218 -0.61247303 0.09168693
v -0.98095477 -0.69090334 0.24144284
v -0.93247085 -0.83650329 -0.15294443
v -0.98123390 -0.68949426 -0.04882048
v -0.96257992 -0.76754898 -0.19905691
v -0.93222092 -0.83693782 -0.05100233
v -0.98115023 -0.68997225 -0.14385375
v -0.93247085 -0.83650329 0.15294443
v -0.98123390 -0.68949426 0.04882048
v -0.96257992 -0.76754898 0.19905691
v -0.93222092 -0.83693782 0.05100233
v -0.98115023 -0.68997225 0.14385375
v -0.96318323 -0.76570240 0.00000000
v -0.07595712 -0.58482918 0.99321758
v -0.22553414 -0.52958040 0.99626685
v -0.12695271 -0.65787737 0.98600686
v -0.07352175 -0.49750152 0.99745680
v -0.53208882 -0.41192017 0.99534980
v -0.37618713 -0.47289092 0.99765001
v -0.23726694 -0.80330363 0.94914146
v -0.28335035 -0.60223711 0.99179571
v -0.18142822 -0.73216354 0.97249668
v -0.20543964 -0.63005987 0.98927759
v -0.06978131 -0.33471151 0.99976549
v -0.21883219 -0.44270714 0.99872290
v -0.07151726 -0.41370443 0.99916264
v -0.14664390 -0.47011519 0.99819100
v -0.98188198 -0.04871060 0.68565184
v -0.93798249 -0.15258078 0.82658595
v -0.98600686 -0.12695271 0.65787737
v -0.69224086 -0.34154901 0.98046629
v -0.83895138 -0.25492033 0.93097023
v -0.99179571 -0.28335035 0.60223711
v -0.94914146 -0.23726694 0.80330363
v -0.98927759 -0.20543964 0.63005987
v -0.97249668 -0.18142822 0.73216354
v -0.43834504 -0.97623307 0.70925717
v -0.54701098 -0.88865106 0.88508235
v -0.39663976 -0.95490394 0.78719305
v -0.54800034 -0.97227341 0.71005823
v -0.61119359 -0.48154783 0.98893201
v -0.59991216 -0.69926743 0.97067826
v -0.52828972 -0.51402010 0.99318774
v -0.29591646 -0.86915845 0.91009177
v -0.48427619 -0.82926895 0.93353450
v -0.34862259 -0.91951620 0.85612794
v -0.32613700 -0.78080518 0.95782941
v -0.44657520 -0.90586606 0.87195399
v -0.77268620 -0.93660935 0.69438959
v -0.66264765 -0.87136149 0.88412603
v -0.66231414 -0.96161020 0.70703466
v -0.61208946 -0.93611352 0.80615470
v -0.36579978 -0.57341213 0.99357386
v -0.50861684 -0.72777878 0.97021799
v -0.44586422 -0.54447047 0.99426703
v -0.34867562 -0.67803452 0.98278195
v -0.52142222 -0.62097797 0.98665652
v -0.41714488 -0.75583010 0.96514908
v -0.06694767 -0.04137594 0.99999998
v -0.20422058 -0.12621526 0.99998724
v -0.06727123 -0.11131470 0.99999967
v -0.51946156 -0.32104490 0.99651256
v -0.35223260 -0.21769172 0.99966369
v -0.44300507 -0.35318093 0.99841043
v -0.06886072 -0.25584845 0.99995323
v -0.20634122 -0.19951921 0.99997662
v -0.06786054 -0.18298307 0.99999373
v -0.13984864 -0.30584811 0.99986228
v -0.13605511 -0.15473181 0.99999666
v -0.29427204 -0.41286985 0.99906406
v -0.28216312 -0.24830580 0.99987679
v -0.36762839 -0.38386211 0.99905311
v -0.21493167 -0.35817824 0.99963131
v -0.35963932 -0.29861766 0.99952062
v -0.21078925 -0.27691433 0.99991021
v -0.98893201 -0.61119359 0.48154783
v -0.97067826 -0.59991216 0.69926743
v -0.99318774 -0.52828972 0.51402010
v -0.97227341 -0.71005823 0.54800034
v -0.70925717 -0.43834504 0.97623307
v -0.88508235 -0.54701098 0.88865106
v -0.78719305 -0.39663976 0.95490394
v -0.71005823 -0.54800034 0.97227341
v -0.99357386 -0.36579978 0.57341213
v -0.97021799 -0.50861684 0.72777878
v -0.99426703 -0.44586422 0.54447047
v -0.98278195 -0.34867562 0.67803452
v -0.98665652 -0.52142222 0.62097797
v -0.87136149 -0.88412603 0.66264765
v -0.93660935 -0.69438959 0.77268620
v -0.93611352 -0.80615470 0.61208946
v -0.83564682 -0.87230061 0.77633974
v -0.96161020 -0.70703466 0.66231414
v -0.91009177 -0.29591646 0.86915845
v -0.93353450 -0.48427619 0.82926895
v -0.85612794 -0.34862259 0.91951620
v -0.95782941 -0.32613700 0.78080518
v -0.87195399 -0.44657520 0.90586606
v -0.96514908 -0.41714488 0.75583010
v -0.69438959 -0.77268620 0.93660935
v -0.88412603 -0.66264765 0.87136149
v -0.70703466 -0.66231414 0.96161020
v -0.77633974 -0.83564682 0.87230061
v -0.80615470 -0.61208946 0.93611352
v -0.87230061 -0.77633974 0.83564682
v -0.07595712 0.58482918 0.99321758
v -0.22553414 0.52958040 0.99626685
v -0.12695271 0.65787737 0.98600686
v -0.07352175 0.49750152 0.99745680
v -0.53208882 0.41192017 0.99534980
v -0.37618713 0.47289092 0.99765001
v -0.23726694 0.80330363 0.94914146
v -0.28335035 0.60223711 0.99179571
v -0.18142822 0.73216354 0.97249668
v -0.20543964 0.63005987 0.98927759
v -0.06978131 0.33471151 0.99976549
v -0.21883219 0.44270714 0.99872290
v -0.07151726 0.41370443 0.99916264
v -0.14664390 0.47011519 0.99819100
v -0.98188198 0.04871060 0.68565184
v -0.93798249 0.15258078 0.82658595
v -0.98600686 0.12695271 0.65787737
v -0.96546641 0.00000000 0.75829172
v -0.69224086 0.34154901 0.98046629
v -0.83895138 0.25492033 0.93097023
v -0.99179571 0.28335035 0.60223711
v -0.94914146 0.23726694 0.80330363
v -0.98927759 0.20543964 0.63005987
v -0.97249668 0.18142822 0.73216354
v -0.89609583 -0.10183957 0.88554510
v -0.89609583 0.10183957 0.88554510
v -0.93775986 -0.05085828 0.82700949
v -0.93775986 0.05085828 0.82700949
v -0.43834504 0.97623307 0.70925717
v -0.54701098 0.88865106 0.88508235
v -0.39663976 0.95490394 0.78719305
v -0.54800034 0.97227341 0.71005823
v -0.61119359 0.48154783 0.98893201
v -0.59991216 0.69926743 0.97067826
v -0.52828972 0.51402010 0.99318774
v -0.29591646 0.86915845 0.91009177
v -0.48427619 0.82926895 0.93353450
v -0.34862259 0.91951620 0.85612794
v -0.32613700 0.78080518 0.95782941
v -0.44657520 0.90586606 0.87195399
v -0.77268620 0.93660935 0.69438959
v -0.66264765 0.87136149 0.88412603
v -0.66231414 0.96161020 0.70703466
v -0.61208946 0.93611352 0.80615470
v -0.36579978 0.57341213 0.99357386
v -0.50861684 0.72777878 0.97021799
v -0.44586422 0.54447047 0.99426703
v -0.34867562 0.67803452 0.98278195
v -0.52142222 0.62097797 0.98665652
v -0.41714488 0.75583010 0.96514908
v -0.06694767 0.04137594 0.99999998
v -0.20422058 0.12621526 0.99998724
v -0.06727123 0.11131470 0.99999967
v -0.13472972 0.00000000 0.99999900
v -0.51946156 0.32104490 0.99651256
v -0.35223260 0.21769172 0.99966369
v -0.44300507 0.35318093 0.99841043
v -0.06886072 0.25584845 0.99995323
v -0.20634122 0.19951921 0.99997662
v -0.06786054 0.18298307 0.99999373
v -0.13984864 0.30584811 0.99986228
v -0.13605511 0.15473181 0.99999666
v -0.27637265 -0.08483276 0.99992565
v -0.27637265 0.08483276 0.99992565
v -0.20469421 -0.04214162 0.99998774
v -0.20469421 0.04214162 0.99998774
v -0.29427204 0.41286985 0.99906406
v -0.28216312 0.24830580 0.99987679
v -0.36762839 0.38386211 0.99905311
v -0.21493167 0.35817824 0.99963131
v -0.35963932 0.29861766 0.99952062
v -0.21078925 0.27691433 0.99991021
v -0.98893201 0.61119359 0.48154783
v -0.97067826 0.59991216 0.69926743
v -0.99318774 0.52828972 0.51402010
v -0.97227341 0.71005823 0.54800034
v -0.70925717 0.43834504 0.97623307
v -0.88508235 0.54701098 0.88865106
v -0.78719305 0.39663976 0.95490394
v -0.71005823 0.54800034 0.97227341
v -0.99357386 0.36579978 0.57341213
v -0.97021799 0.50861684 0.72777878
v -0.99426703 0.44586422 0.54447047
v -0.98278195 0.34867562 0.67803452
v -0.98665652 0.52142222 0.62097797
v -0.87136149 0.88412603 0.66264765
v -0.93660935 0.69438959 0.77268620
v -0.93611352 0.80615470 0.61208946
v -0.83564682 0.87230061 0.77633974
v -0.96161020 0.70703466 0.66231414
v -0.91009177 0.29591646 0.86915845
v -0.93353450 0.48427619 0.82926895
v -0.85612794 0.34862259 0.91951620
v -0.95782941 0.32613700 0.78080518
v -0.87195399 0.44657520 0.90586606
v -0.96514908 0.41714488 0.75583010
v -0.69438959 0.77268620 0.93660935
v -0.88412603 0.66264765 0.87136149
v -0.70703466 0.66231414 0.96161020
v -0.77633974 0.83564682 0.87230061
v -0.80615470 0.61208946 0.93611352
v -0.87230061 0.77633974 0.83564682
v -0.61242424 -0.27966778 0.99092324
v -0.61247303 -0.09168693 0.99100218
v -0.69090334 -0.24144284 0.98095477
v -0.52124565 -0.22745710 0.99660550
v -0.61242424 0.27966778 0.99092324
v -0.61247303 0.09168693 0.99100218
v -0.69090334 0.24144284 0.98095477
v -0.52124565 0.22745710 0.99660550
v -0.83650329 -0.15294443 0.93247085
v -0.68949426 -0.04882048 0.98123390
v -0.76754898 -0.19905691 0.96257992
v -0.83693782 -0.05100233 0.93222092
v -0.68997225 -0.14385375 0.98115023
v -0.35527680 -0.13127467 0.99966371
v -0.52287477 -0.04651805 0.99656471
v -0.43509095 -0.17773658 0.99886085
v -0.35473937 -0.04384820 0.99966760
v -0.52232977 -0.13572218 0.99658526
v -0.83650329 0.15294443 0.93247085
v -0.68949426 0.04882048 0.98123390
v -0.76754898 0.19905691 0.96257992
v -0.83693782 0.05100233 0.93222092
v -0.68997225 0.14385375 0.98115023
v -0.76570240 0.00000000 0.96318323
v -0.35527680 0.13127467 0.99966371
v -0.52287477 0.04651805 0.99656471
v -0.43509095 0.17773658 0.99886085
v -0.35473937 0.04384820 0.99966760
v -0.52232977 0.13572218 0.99658526
v -0.43718328 0.00000000 0.99883293
v -0.99650567 0.00000000 -0.52434896
v -0.99963473 0.00000000 -0.36035232
v -0.99745680 0.07352175 -0.49750152
v -0.99745680 -0.07352175 -0.49750152
v -0.99999998 0.00000000 -0.06930745
v -0.99998545 0.00000000 -0.21062158
v -0.99872290 0.21883219 -0.44270714
v -0.99976549 0.06978131 -0.33471151
v -0.99819100 0.14664390 -0.47011519
v -0.99916264 0.07151726 -0.41370443
v -0.99872290 -0.21883219 -0.44270714
v -0.99976549 -0.06978131 -0.33471151
v -0.99819100 -0.14664390 -0.47011519
v -0.99916264 -0.07151726 -0.41370443
v -0.99650567 0.00000000 0.52434896
v -0.99963473 0.00000000 0.36035232
v -0.99745680 0.07352175 0.49750152
v -0.99745680 -0.07352175 0.49750152
v -0.99999998 0.00000000 0.06930745
v -0.99998545 0.00000000 0.21062158
v -0.99872290 0.21883219 0.44270714
v -0.99976549 0.06978131 0.33471151
v -0.99819100 0.14664390 0.47011519
v -0.99916264 0.07151726 0.41370443
v -0.99872290 -0.21883219 0.44270714
v -0.99976549 -0.06978131 0.33471151
v -0.99819100 -0.14664390 0.47011519
v -0.99916264 -0.07151726 0.41370443
v -0.99651256 0.51946156 -0.32104490
v -0.99966369 0.35223260 -0.21769172
v -0.99841043 0.44300507 -0.35318093
v -0.99660550 0.52124565 -0.22745710
v -0.99999998 0.06694767 -0.04137594
v -0.99998724 0.20422058 -0.12621526
v -0.99999967 0.06727123 -0.11131470
v -0.99906406 0.29427204 -0.41286985
v -0.99987679 0.28216312 -0.24830580
v -0.99905311 0.36762839 -0.38386211
v -0.99963131 0.21493167 -0.35817824
v -0.99952062 0.35963932 -0.29861766
v -0.99656471 0.52287477 -0.04651805
v -0.99966371 0.35527680 -0.13127467
v -0.99658526 0.52232977 -0.13572218
v -0.99886085 0.43509095 -0.17773658
v -0.99995323 0.06886072 -0.25584845
v -0.99997662 0.20634122 -0.19951921
v -0.99999373 0.06786054 -0.18298307
v -0.99986228 0.13984864 -0.30584811
v -0.99999666 0.13605511 -0.15473181
v -0.99991021 0.21078925 -0.27691433
v -0.99651256 -0.51946156 -0.32104490
v -0.99966369 -0.35223260 -0.21769172
v -0.99841043 -0.44300507 -0.35318093
v -0.99660550 -0.52124565 -0.22745710
v -0.99999998 -0.06694767 -0.04137594
v -0.99998724 -0.20422058 -0.12621526
v -0.99999967 -0.06727123 -0.11131470
v -0.99906406 -0.29427204 -0.41286985
v -0.99987679 -0.28216312 -0.24830580
v -0.99905311 -0.36762839 -0.38386211
v -0.99963131 -0.21493167 -0.35817824
v -0.99952062 -0.35963932 -0.29861766
v -0.99656471 -0.52287477 -0.04651805
v -0.99966371 -0.35527680 -0.13127467
v -0.99658526 -0.52232977 -0.13572218
v -0.99886085 -0.43509095 -0.17773658
v -0.99995323 -0.06886072 -0.25584845
v -0.99997662 -0.20634122 -0.19951921
v -0.99999373 -0.06786054 -0.18298307
v -0.99986228 -0.13984864 -0.30584811
v -0.99999666 -0.13605511 -0.15473181
v -0.99991021 -0.21078925 -0.27691433
v -0.99651256 0.51946156 0.32104490
v -0.99966369 0.35223260 0.21769172
v -0.99841043 0.44300507 0.35318093
v -0.99660550 0.52124565 0.22745710
v -0.99999998 0.06694767 0.04137594
v -0.99998724 0.20422058 0.12621526
v -0.99999967 0.06727123 0.11131470
v -0.99999900 0.13472972 0.00000000
v -0.99906406 0.29427204 0.41286985
v -0.99987679 0.28216312 0.24830580
v -0.99905311 0.36762839 0.38386211
v -0.99963131 0.21493167 0.35817824
v -0.99952062 0.35963932 0.29861766
v -0.99656471 0.52287477 0.04651805
v -0.99966371 0.35527680 0.13127467
v -0.99658526 0.52232977 0.13572218
v -0.99883293 0.43718328 0.00000000
v -0.99886085 0.43509095 0.17773658
v -0.99995323 0.06886072 0.25584845
v -0.99997662 0.20634122 0.19951921
v -0.99999373 0.06786054 0.18298307
v -0.99986228 0.13984864 0.30584811
v -0.99999666 0.13605511 0.15473181
v -0.99991021 0.21078925 0.27691433
v -0.99992565 0.27637265 -0.08483276
v -0.99992565 0.27637265 0.08483276
v -0.99998774 0.20469421 -0.04214162
v -0.99966760 0.35473937 -0.04384820
v -0.99998774 0.20469421 0.04214162
v -0.99966760 0.35473937 0.04384820
v -0.99651256 -0.51946156 0.32104490
v -0.99966369 -0.35223260 0.21769172
v -0.99841043 -0.44300507 0.35318093
v -0.99660550 -0.52124565 0.22745710
v -0.99999998 -0.06694767 0.04137594
v -0.99998724 -0.20422058 0.12621526
v -0.99999967 -0.06727123 0.11131470
v -0.99999900 -0.13472972 0.00000000
v -0.99906406 -0.29427204 0.41286985
v -0.99987679 -0.28216312 0.24830580
v -0.99905311 -0.36762839 0.38386211
v -0.99963131 -0.21493167 0.35817824
v -0.99952062 -0.35963932 0.29861766
v -0.99656471 -0.52287477 0.04651805
v -0.99966371 -0.35527680 0.13127467
v -0.99658526 -0.52232977 0.13572218
v -0.99883293 -0.43718328 0.00000000
v -0.99886085 -0.43509095 0.17773658
v -0.99995323 -0.06886072 0.25584845
v -0.99997662 -0.20634122 0.19951921
v -0.99999373 -0.06786054 0.18298307
v -0.99986228 -0.13984864 0.30584811
v -0.99999666 -0.13605511 0.15473181
v -0.99991021 -0.21078925 0.27691433
v -0.99992565 -0.27637265 -0.08483276
v -0.99992565 -0.27637265 0.08483276
v -0.99998774 -0.20469421 -0.04214162
v -0.99966760 -0.35473937 -0.04384820
v -0.99998774 -0.20469421 0.04214162
v -0.99966760 -0.35473937 0.04384820
v -0.56796164 0.99432559 0.00000000
v -0.48177134 0.99790507 0.00000000
v -0.32179634 0.99981484 0.00000000
v -0.39981532 0.99931806 0.00000000
v -0.03461221 1.00000000 0.00000000
v -0.10416953 0.99999979 0.00000000
v -0.24702845 0.99996212 0.00000000
v -0.17473773 0.99999526 0.00000000
v 0.56796164 0.99432559 0.00000000
v 0.48177134 0.99790507 0.00000000
v 0.32179634 0.99981484 0.00000000
v 0.39981532 0.99931806 0.00000000
v 0.03461221 1.00000000 0.00000000
v 0.10416953 0.99999979 0.00000000
v 0.24702845 0.99996212 0.00000000
v 0.17473773 0.99999526 0.00000000
v -0.56796164 -0.99432559 0.00000000
v -0.48177134 -0.99790507 0.00000000
v -0.32179634 -0.99981484 0.00000000
v -0.39981532 -0.99931806 0.00000000
v -0.03461221 -1.00000000 0.00000000
v -0.10416953 -0.99999979 0.00000000
v -0.24702845 -0.99996212 0.00000000
v -0.17473773 -0.99999526 0.00000000
v 0.56796164 -0.99432559 0.00000000
v 0.48177134 -0.99790507 0.00000000
v 0.32179634 -0.99981484 0.00000000
v 0.39981532 -0.99931806 0.00000000
v 0.03461221 -1.00000000 0.00000000
v 0.10416953 -0.99999979 0.00000000
v 0.24702845 -0.99996212 0.00000000
v 0.17473773 -0.99999526 0.00000000
v -0.59863078 -0.99217851 0.03814282
v -0.57104706 -0.99413495 0.11352352
v -0.55432757 -0.99510491 0.03750297
v -0.51562731 -0.99678696 0.26290536
v -0.54344848 -0.99565222 0.18823254
v -0.46860067 -0.99822748 0.03633924
v -0.52703700 -0.99639548 0.11167419
v -0.51088751 -0.99701433 0.03690912
v -0.54066247 -0.99579297 0.07475059
v -0.39547355 -0.99341639 0.57201828
v -0.42779405 -0.99657061 0.49250578
v -0.48732473 -0.99750290 0.33816089
v -0.45820088 -0.99759724 0.41456077
v -0.30918034 -0.99985436 0.03460591
v -0.36073628 -0.99963216 0.10565346
v -0.34749778 -0.99970632 0.03498946
v -0.47164987 -0.99810614 0.25890960
v -0.41463802 -0.99914554 0.18003311
v -0.48557533 -0.99778301 0.22218900
v -0.42694530 -0.99898800 0.03588619
v -0.40051502 -0.99931061 0.10697919
v -0.38678065 -0.99944122 0.03540713
v -0.45505690 -0.99851453 0.07251829
v -0.37373550 -0.99954528 0.07064373
v -0.51314508 -0.99693184 0.14879822
v -0.42819452 -0.99896853 0.14449047
v -0.49942738 -0.99738992 0.18546189
v -0.48379661 -0.99785109 0.11015144
v -0.45642898 -0.99848113 0.18272484
v -0.44156808 -0.99876041 0.10858845
v -0.02402475 -0.64896143 0.98714403
v -0.07402170 -0.72223597 0.97481101
v -0.17897383 -0.85754038 0.91896991
v -0.12612858 -0.79328317 0.95335022
v -0.36041071 -0.98633111 0.65234976
v -0.32164032 -0.97246982 0.73142393
v -0.23041644 -0.91009606 0.86932830
v -0.27834399 -0.94814976 0.80542451
v -0.02065603 -1.00000000 0.03342216
v -0.06222437 -0.99999982 0.10068114
v -0.05534652 -0.99999999 0.03346226
v -0.14826653 -0.99996646 0.23990029
v -0.10457399 -0.99999587 0.16920427
v -0.12529073 -0.99999936 0.03365612
v -0.09731920 -0.99999968 0.10093305
v -0.09024816 -0.99999991 0.03353486
v -0.07625266 -0.99999995 0.06710903
v -0.34924038 -0.99418725 0.56508281
v -0.29382236 -0.99795802 0.47541457
v -0.36589274 -0.99604158 0.52574204
v -0.19391987 -0.99983203 0.31376894
v -0.24221061 -0.99936147 0.39190499
v -0.39758710 -0.99798134 0.44815009
v -0.30987745 -0.99867247 0.43792504
v -0.38200931 -0.99724809 0.48669515
v -0.33732707 -0.99767720 0.48099036
v -0.26991791 -0.99993554 0.03451374
v -0.24180984 -0.99996648 0.10312932
v -0.23309808 -0.99997326 0.03422064
v -0.29487108 -0.99989039 0.06931822
v -0.18524085 -0.99996046 0.24117452
v -0.21368169 -0.99997985 0.17178174
v -0.16265588 -0.99998444 0.20527528
v -0.16103438 -0.99999709 0.03377629
v -0.20520195 -0.99998736 0.10236503
v -0.19678171 -0.99999032 0.03398127
v -0.14696462 -0.99999830 0.06756448
v -0.21914069 -0.99998152 0.06835737
v -0.34611527 -0.99971195 0.14109576
v -0.26643591 -0.99993919 0.13861884
v -0.32027003 -0.99981983 0.10484393
v -0.28060651 -0.99991841 0.10400841
v -0.11884972 -0.99999850 0.13538972
v -0.19100572 -0.99999082 0.13672723
v -0.14052540 -0.99999469 0.17001525
v -0.13288878 -0.99999890 0.10145005
v -0.17691599 -0.99999074 0.17086892
v -0.16887240 -0.99999595 0.10192208
v -0.45661884 -0.99836744 0.29736449
v -0.37025783 -0.99946828 0.29118765
v -0.44233895 -0.99851274 0.33445250
v -0.42784466 -0.99892744 0.25645624
v -0.20925071 -0.99990696 0.27924648
v -0.28808356 -0.99981509 0.28512556
v -0.23310502 -0.99980410 0.31698287
v -0.22359427 -0.99994421 0.24375584
v -0.41296686 -0.99837935 0.40963065
v -0.35580371 -0.99945666 0.32718163
v -0.42777641 -0.99853232 0.37190644
v -0.36867107 -0.99884168 0.40509054
v -0.39846023 -0.99911265 0.33078425
v -0.37278187 -0.99954680 0.17861121
v -0.34349701 -0.99968389 0.25140938
v -0.39989785 -0.99929981 0.21687989
v -0.33167268 -0.99977289 0.17689427
v -0.38508803 -0.99941092 0.25395150
v -0.28323754 -0.99926964 0.39602687
v -0.31375488 -0.99964896 0.32369924
v -0.25776341 -0.99961200 0.35590651
v -0.32540374 -0.99911182 0.40055196
v -0.27306695 -0.99975082 0.32028835
v -0.34072346 -0.99935303 0.36360643
v -0.25206106 -0.99995268 0.17367935
v -0.30242500 -0.99983280 0.24888763
v -0.23788074 -0.99995608 0.20854833
v -0.29140948 -0.99989308 0.17525577
v -0.26267738 -0.99990800 0.24632124
v -0.31709214 -0.99981500 0.21284570
v 0.59863078 -0.99217851 0.03814282
v 0.57104706 -0.99413495 0.11352352
v 0.55432757 -0.99510491 0.03750297
v 0.51562731 -0.99678696 0.26290536
v 0.54344848 -0.99565222 0.18823254
v 0.46860067 -0.99822748 0.03633924
v 0.52703700 -0.99639548 0.11167419
v 0.51088751 -0.99701433 0.03690912
v 0.54066247 -0.99579297 0.07475059
v 0.39547355 -0.99341639 0.57201828
v 0.42779405 -0.99657061 0.49250578
v 0.48732473 -0.99750290 0.33816089
v 0.45820088 -0.99759724 0.41456077
v 0.30918034 -0.99985436 0.03460591
v 0.36073628 -0.99963216 0.10565346
v 0.34749778 -0.99970632 0.03498946
v 0.47164987 -0.99810614 0.25890960
v 0.41463802 -0.99914554 0.18003311
v 0.48557533 -0.99778301 0.22218900
v 0.42694530 -0.99898800 0.03588619
v 0.40051502 -0.99931061 0.10697919
v 0.38678065 -0.99944122 0.03540713
v 0.45505690 -0.99851453 0.07251829
v 0.37373550 -0.99954528 0.07064373
v 0.51314508 -0.99693184 0.14879822
v 0.42819452 -0.99896853 0.14449047
v 0.49942738 -0.99738992 0.18546189
v 0.48379661 -0.99785109 0.11015144
v 0.45642898 -0.99848113 0.18272484
v 0.44156808 -0.99876041 0.10858845
v 0.02402475 -0.64896143 0.98714403
v 0.07402170 -0.72223597 0.97481101
v 0.00000000 -0.68565184 0.98188198
v 0.17897383 -0.85754038 0.91896991
v 0.12612858 -0.79328317 0.95335022
v -0.04985500 -0.75829172 0.96546640
v 0.04985500 -0.75829172 0.96546640
v -0.02467313 -0.72229604 0.97479763
v 0.02467313 -0.72229604 0.97479763
v 0.36041071 -0.98633111 0.65234976
v 0.32164032 -0.97246982 0.73142393
v 0.23041644 -0.91009606 0.86932830
v 0.27834399 -0.94814976 0.80542451
v -0.15317579 -0.88554336 0.89609407
v -0.05083688 -0.88554527 0.89609599
v -0.12750400 -0.85768957 0.91887154
v 0.15317579 -0.88554336 0.89609407
v 0.05083688 -0.88554527 0.89609599
v 0.12750400 -0.85768957 0.91887154
v -0.07567908 -0.79362160 0.95321584
v -0.02556416 -0.85783357 0.91877052
v -0.10155496 -0.82679918 0.93787170
v -0.02522537 -0.79356477 0.95323861
v -0.07636883 -0.85778573 0.91880441
v 0.07567908 -0.79362160 0.95321584
v 0.02556416 -0.85783357 0.91877052
v 0.10155496 -0.82679918 0.93787170
v 0.02522537 -0.79356477 0.95323861
v 0.07636883 -0.85778573 0.91880441
v 0.00000000 -0.82700949 0.93775987
v 0.02065603 -1.00000000 0.03342216
v 0.06222437 -0.99999982 0.10068114
v 0.05534652 -0.99999999 0.03346226
v 0.00000000 -0.99999998 0.06694767
v 0.14826653 -0.99996646 0.23990029
v 0.10457399 -0.99999587 0.16920427
v 0.12529073 -0.99999936 0.03365612
v 0.09731920 -0.99999968 0.10093305
v 0.09024816 -0.99999991 0.03353486
v 0.07625266 -0.99999995 0.06710903
v -0.04156313 -0.99999900 0.13472972
v 0.04156313 -0.99999900 0.13472972
v -0.02074907 -0.99999983 0.10073864
v 0.02074907 -0.99999983 0.10073864
v 0.34924038 -0.99418725 0.56508281
v 0.29382236 -0.99795802 0.47541457
v 0.36589274 -0.99604158 0.52574204
v 0.19391987 -0.99983203 0.31376894
v 0.24221061 -0.99936147 0.39190499
v 0.39758710 -0.99798134 0.44815009
v 0.30987745 -0.99867247 0.43792504
v 0.38200931 -0.99724809 0.48669515
v 0.33732707 -0.99767720 0.48099036
v 0.26991791 -0.99993554 0.03451374
v 0.24180984 -0.99996648 0.10312932
v 0.23309808 -0.99997326 0.03422064
v 0.29487108 -0.99989039 0.06931822
v 0.18524085 -0.99996046 0.24117452
v 0.21368169 -0.99997985 0.17178174
v 0.16265588 -0.99998444 0.20527528
v 0.16103438 -0.99999709 0.03377629
v 0.20520195 -0.99998736 0.10236503
v 0.19678171 -0.99999032 0.03398127
v 0.14696462 -0.99999830 0.06756448
v 0.21914069 -0.99998152 0.06835737
v 0.34611527 -0.99971195 0.14109576
v 0.26643591 -0.99993919 0.13861884
v 0.32027003 -0.99981983 0.10484393
v 0.28060651 -0.99991841 0.10400841
v 0.11884972 -0.99999850 0.13538972
v 0.19100572 -0.99999082 0.13672723
v 0.14052540 -0.99999469 0.17001525
v 0.13288878 -0.99999890 0.10145005
v 0.17691599 -0.99999074 0.17086892
v 0.16887240 -0.99999595 0.10192208
v -0.12760432 -0.99992500 0.27637247
v -0.04234571 -0.99992571 0.27637267
v -0.10564996 -0.99996785 0.24008178
v 0.12760432 -0.99992500 0.27637247
v 0.04234571 -0.99992571 0.27637267
v 0.10564996 -0.99996785 0.24008178
v -0.06279703 -0.99999603 0.16955542
v -0.02123298 -0.99996794 0.24026064
v -0.08403883 -0.99998777 0.20445824
v -0.02094055 -0.99999605 0.16949607
v -0.06328828 -0.99996798 0.24020093
v 0.06279703 -0.99999603 0.16955542
v 0.02123298 -0.99996794 0.24026064
v 0.08403883 -0.99998777 0.20445824
v 0.02094055 -0.99999605 0.16949607
v 0.06328828 -0.99996798 0.24020093
v 0.00000000 -0.99998774 0.20469421
v 0.45661884 -0.99836744 0.29736449
v 0.37025783 -0.99946828 0.29118765
v 0.44233895 -0.99851274 0.33445250
v 0.42784466 -0.99892744 0.25645624
v 0.20925071 -0.99990696 0.27924648
v 0.28808356 -0.99981509 0.28512556
v 0.23310502 -0.99980410 0.31698287
v 0.22359427 -0.99994421 0.24375584
v 0.41296686 -0.99837935 0.40963065
v 0.35580371 -0.99945666 0.32718163
v 0.42777641 -0.99853232 0.37190644
v 0.36867107 -0.99884168 0.40509054
v 0.39846023 -0.99911265 0.33078425
v 0.37278187 -0.99954680 0.17861121
v 0.34349701 -0.99968389 0.25140938
v 0.39989785 -0.99929981 0.21687989
v 0.33167268 -0.99977289 0.17689427
v 0.38508803 -0.99941092 0.25395150
v 0.28323754 -0.99926964 0.39602687
v 0.31375488 -0.99964896 0.32369924
v 0.25776341 -0.99961200 0.35590651
v 0.32540374 -0.99911182 0.40055196
v 0.27306695 -0.99975082 0.32028835
v 0.34072346 -0.99935303 0.36360643
v 0.25206106 -0.99995268 0.17367935
v 0.30242500 -0.99983280 0.24888763
v 0.23788074 -0.99995608 0.20854833
v 0.29140948 -0.99989308 0.17525577
v 0.26267738 -0.99990800 0.24632124
v 0.31709214 -0.99981500 0.21284570
v -0.32849318 -0.99079464 0.61234476
v -0.23172555 -0.99097671 0.61245729
v -0.31022913 -0.98660127 0.65204761
v -0.30078830 -0.99433479 0.56569949
v -0.04577270 -0.99100228 0.61247309
v -0.13788586 -0.99100115 0.61247239
v -0.27085020 -0.97285154 0.73040003
v -0.21261511 -0.98681792 0.65145702
v -0.29102413 -0.98075885 0.69159802
v -0.26095807 -0.98674261 0.65173987
v -0.24780808 -0.99799573 0.47669518
v -0.20639799 -0.99439779 0.56654733
v -0.27382981 -0.99659130 0.52037843
v -0.25314314 -0.99438837 0.56617292
v 0.32849318 -0.99079464 0.61234476
v 0.23172555 -0.99097671 0.61245729
v 0.31022913 -0.98660127 0.65204761
v 0.30078830 -0.99433479 0.56569949
v 0.04577270 -0.99100228 0.61247309
v 0.13788586 -0.99100115 0.61247239
v 0.27085020 -0.97285154 0.73040003
v 0.21261511 -0.98681792 0.65145702
v 0.29102413 -0.98075885 0.69159802
v 0.26095807 -0.98674261 0.65173987
v 0.24780808 -0.99799573 0.47669518
v 0.20639799 -0.99439779 0.56654733
v 0.27382981 -0.99659130 0.52037843
v 0.25314314 -0.99438837 0.56617292
v -0.17922801 -0.91114515 0.86803958
v -0.12649246 -0.94968274 0.80213804
v -0.20359661 -0.93173934 0.83773162
v -0.12769318 -0.91103433 0.86819042
v -0.02406380 -0.98690636 0.65088145
v -0.07422410 -0.97350813 0.72793869
v -0.07059132 -0.98689891 0.65094099
v -0.24941143 -0.96224635 0.76846842
v -0.14936403 -0.96288719 0.76662426
v -0.22705609 -0.94872285 0.80428417
v -0.22072170 -0.97305547 0.72976718
v -0.17643670 -0.94922520 0.80318457
v -0.02561776 -0.91092104 0.86833592
v -0.07591455 -0.94953243 0.80248913
v -0.07648535 -0.91095903 0.86828757
v -0.10180815 -0.93234638 0.83672207
v -0.16454895 -0.98685844 0.65123668
v -0.12239528 -0.97342411 0.72829498
v -0.11742357 -0.98688385 0.65105803
v -0.19233234 -0.98106182 0.69044088
v -0.09618311 -0.98119283 0.68973293
v -0.17123201 -0.97323947 0.72906241
v -0.15121120 -0.99983353 0.31550870
v -0.11091969 -0.99935791 0.39579778
v -0.17422251 -0.99966837 0.35376557
v -0.10774837 -0.99983588 0.31531117
v -0.02366395 -0.99437013 0.56722664
v -0.06862550 -0.99796330 0.47952424
v -0.06872423 -0.99437430 0.56715739
v -0.22230683 -0.99886257 0.43402178
v -0.13370389 -0.99884859 0.43614259
v -0.19793512 -0.99937223 0.39328875
v -0.20216649 -0.99800427 0.47745435
v -0.15414778 -0.99936773 0.39458201
v -0.02167184 -0.99983675 0.31511585
v -0.06661635 -0.99936223 0.39538388
v -0.06454540 -0.99983654 0.31518113
v -0.08741044 -0.99966601 0.35500728
v -0.15971945 -0.99439236 0.56681077
v -0.11251825 -0.99797324 0.47912276
v -0.11410450 -0.99438211 0.56702198
v -0.18130661 -0.99660142 0.52179426
v -0.09098277 -0.99657539 0.52260334
v -0.15704573 -0.99799299 0.47825900
v 0.17922801 -0.91114515 0.86803958
v 0.12649246 -0.94968274 0.80213804
v 0.20359661 -0.93173934 0.83773162
v 0.12769318 -0.91103433 0.86819042
v 0.02406380 -0.98690636 0.65088145
v 0.07422410 -0.97350813 0.72793869
v 0.07059132 -0.98689891 0.65094099
v 0.00000000 -0.98123390 0.68949426
v 0.24941143 -0.96224635 0.76846842
v 0.14936403 -0.96288719 0.76662426
v 0.22705609 -0.94872285 0.80428417
v 0.22072170 -0.97305547 0.72976718
v 0.17643670 -0.94922520 0.80318457
v 0.02561776 -0.91092104 0.86833592
v 0.07591455 -0.94953243 0.80248913
v 0.07648535 -0.91095903 0.86828757
v 0.00000000 -0.93222092 0.83693782
v 0.10180815 -0.93234638 0.83672207
v 0.16454895 -0.98685844 0.65123668
v 0.12239528 -0.97342411 0.72829498
v 0.11742357 -0.98688385 0.65105803
v 0.19233234 -0.98106182 0.69044088
v 0.09618311 -0.98119283 0.68973293
v 0.17123201 -0.97323947 0.72906241
v -0.05000318 -0.96318322 0.76570240
v 0.05000318 -0.96318322 0.76570240
v -0.02474337 -0.97349340 0.72800182
v -0.02530676 -0.94955791 0.80243010
v 0.02474337 -0.97349340 0.72800182
v 0.02530676 -0.94955791 0.80243010
v 0.15121120 -0.99983353 0.31550870
v 0.11091969 -0.99935791 0.39579778
v 0.17422251 -0.99966837 0.35376557
v 0.10774837 -0.99983588 0.31531117
v 0.02366395 -0.99437013 0.56722664
v 0.06862550 -0.99796330 0.47952424
v 0.06872423 -0.99437430 0.56715739
v 0.00000000 -0.99656471 0.52287477
v 0.22230683 -0.99886257 0.43402178
v 0.13370389 -0.99884859 0.43614259
v 0.19793512 -0.99937223 0.39328875
v 0.20216649 -0.99800427 0.47745435
v 0.15414778 -0.99936773 0.39458201
v 0.02167184 -0.99983675 0.31511585
v 0.06661635 -0.99936223 0.39538388
v 0.06454540 -0.99983654 0.31518113
v 0.00000000 -0.99966760 0.35473937
v 0.08741044 -0.99966601 0.35500728
v 0.15971945 -0.99439236 0.56681077
v 0.11251825 -0.99797324 0.47912276
v 0.11410450 -0.99438211 0.56702198
v 0.18130661 -0.99660142 0.52179426
v 0.09098277 -0.99657539 0.52260334
v 0.15704573 -0.99799299 0.47825900
v -0.04495580 -0.99883293 0.43718328
v 0.04495580 -0.99883293 0.43718328
v -0.02288647 -0.99796518 0.47945138
v -0.02221854 -0.99936156 0.39545397
v 0.02288647 -0.99796518 0.47945138
v 0.02221854 -0.99936156 0.39545397
v -0.59863078 0.99217851 0.03814282
v -0.57104706 0.99413495 0.11352352
v -0.55432757 0.99510491 0.03750297
v -0.51562731 0.99678696 0.26290536
v -0.54344848 0.99565222 0.18823254
v -0.46860067 0.99822748 0.03633924
v -0.52703700 0.99639548 0.11167419
v -0.51088751 0.99701433 0.03690912
v -0.54066247 0.99579297 0.07475059
v -0.39547355 0.99341639 0.57201828
v -0.42779405 0.99657061 0.49250578
v -0.48732473 0.99750290 0.33816089
v -0.45820088 0.99759724 0.41456077
v -0.30918034 0.99985436 0.03460591
v -0.36073628 0.99963216 0.10565346
v -0.34749778 0.99970632 0.03498946
v -0.47164987 0.99810614 0.25890960
v -0.41463802 0.99914554 0.18003311
v -0.48557533 0.99778301 0.22218900
v -0.42694530 0.99898800 0.03588619
v -0.40051502 0.99931061 0.10697919
v -0.38678065 0.99944122 0.03540713
v -0.45505690 0.99851453 0.07251829
v -0.37373550 0.99954528 0.07064373
v -0.51314508 0.99693184 0.14879822
v -0.42819452 0.99896853 0.14449047
v -0.49942738 0.99738992 0.18546189
v -0.48379661 0.99785109 0.11015144
v -0.45642898 0.99848113 0.18272484
v -0.44156808 0.99876041 0.10858845
v -0.02402475 0.64896143 0.98714403
v -0.07402170 0.72223597 0.97481101
v -0.17897383 0.85754038 0.91896991
v -0.12612858 0.79328317 0.95335022
v -0.36041071 0.98633111 0.65234976
v -0.32164032 0.97246982 0.73142393
v -0.23041644 0.91009606 0.86932830
v -0.27834399 0.94814976 0.80542451
v -0.02065603 1.00000000 0.03342216
v -0.06222437 0.99999982 0.10068114
v -0.05534652 0.99999999 0.03346226
v -0.14826653 0.99996646 0.23990029
v -0.10457399 0.99999587 0.16920427
v -0.12529073 0.99999936 0.03365612
v -0.09731920 0.99999968 0.10093305
v -0.09024816 0.99999991 0.03353486
v -0.07625266 0.99999995 0.06710903
v -0.34924038 0.99418725 0.56508281
v -0.29382236 0.99795802 0.47541457
v -0.36589274 0.99604158 0.52574204
v -0.19391987 0.99983203 0.31376894
v -0.24221061 0.99936147 0.39190499
v -0.39758710 0.99798134 0.44815009
v -0.30987745 0.99867247 0.43792504
v -0.38200931 0.99724809 0.48669515
v -0.33732707 0.99767720 0.48099036
v -0.26991791 0.99993554 0.03451374
v -0.24180984 0.99996648 0.10312932
v -0.23309808 0.99997326 0.03422064
v -0.29487108 0.99989039 0.06931822
v -0.18524085 0.99996046 0.24117452
v -0.21368169 0.99997985 0.17178174
v -0.16265588 0.99998444 0.20527528
v -0.16103438 0.99999709 0.03377629
v -0.20520195 0.99998736 0.10236503
v -0.19678171 0.99999032 0.03398127
v -0.14696462 0.99999830 0.06756448
v -0.21914069 0.99998152 0.06835737
v -0.34611527 0.99971195 0.14109576
v -0.26643591 0.99993919 0.13861884
v -0.32027003 0.99981983 0.10484393
v -0.28060651 0.99991841 0.10400841
v -0.11884972 0.99999850 0.13538972
v -0.19100572 0.99999082 0.13672723
v -0.14052540 0.99999469 0.17001525
v -0.13288878 0.99999890 0.10145005
v -0.17691599 0.99999074 0.17086892
v -0.16887240 0.99999595 0.10192208
v -0.45661884 0.99836744 0.29736449
v -0.37025783 0.99946828 0.29118765
v -0.44233895 0.99851274 0.33445250
v -0.42784466 0.99892744 0.25645624
v -0.20925071 0.99990696 0.27924648
v -0.28808356 0.99981509 0.28512556
v -0.23310502 0.99980410 0.31698287
v -0.22359427 0.99994421 0.24375584
v -0.41296686 0.99837935 0.40963065
v -0.35580371 0.99945666 0.32718163
v -0.42777641 0.99853232 0.37190644
v -0.36867107 0.99884168 0.40509054
v -0.39846023 0.99911265 0.33078425
v -0.37278187 0.99954680 0.17861121
v -0.34349701 0.99968389 0.25140938
v -0.39989785 0.99929981 0.21687989
v -0.33167268 0.99977289 0.17689427
v -0.38508803 0.99941092 0.25395150
v -0.28323754 0.99926964 0.39602687
v -0.31375488 0.99964896 0.32369924
v -0.25776341 0.99961200 0.35590651
v -0.32540374 0.99911182 0.40055196
v -0.27306695 0.99975082 0.32028835
v -0.34072346 0.99935303 0.36360643
v -0.25206106 0.99995268 0.17367935
v -0.30242500 0.99983280 0.24888763
v -0.23788074 0.99995608 0.20854833
v -0.29140948 0.99989308 0.17525577
v -0.26267738 0.99990800 0.24632124
v -0.31709214 0.99981500 0.21284570
v 0.59863078 0.99217851 0.03814282
v 0.57104706 0.99413495 0.11352352
v 0.55432757 0.99510491 0.03750297
v 0.51562731 0.99678696 0.26290536
v 0.54344848 0.99565222 0.18823254
v 0.46860067 0.99822748 0.03633924
v 0.52703700 0.99639548 0.11167419
v 0.51088751 0.99701433 0.03690912
v 0.54066247 0.99579297 0.07475059
v 0.39547355 0.99341639 0.57201828
v 0.42779405 0.99657061 0.49250578
v 0.48732473 0.99750290 0.33816089
v 0.45820088 0.99759724 0.41456077
v 0.30918034 0.99985436 0.03460591
v 0.36073628 0.99963216 0.10565346
v 0.34749778 0.99970632 0.03498946
v 0.47164987 0.99810614 0.25890960
v 0.41463802 0.99914554 0.18003311
v 0.48557533 0.99778301 0.22218900
v 0.42694530 0.99898800 0.03588619
v 0.40051502 0.99931061 0.10697919
v 0.38678065 0.99944122 0.03540713
v 0.45505690 0.99851453 0.07251829
v 0.37373550 0.99954528 0.07064373
v 0.51314508 0.99693184 0.14879822
v 0.42819452 0.99896853 0.14449047
v 0.49942738 0.99738992 0.18546189
v 0.48379661 0.99785109 0.11015144
v 0.45642898 0.99848113 0.18272484
v 0.44156808 0.99876041 0.10858845
v 0.02402475 0.64896143 0.98714403
v 0.07402170 0.72223597 0.97481101
v 0.00000000 0.68565184 0.98188198
v 0.17897383 0.85754038 0.91896991
v 0.12612858 0.79328317 0.95335022
v -0.04985500 0.75829172 0.96546640
v 0.04985500 0.75829172 0.96546640
v -0.02467313 0.72229604 0.97479763
v 0.02467313 0.72229604 0.97479763
v 0.36041071 0.98633111 0.65234976
v 0.32164032 0.97246982 0.73142393
v 0.23041644 0.91009606 0.86932830
v 0.27834399 0.94814976 0.80542451
v -0.15317579 0.88554336 0.89609407
v -0.05083688 0.88554527 0.89609599
v -0.12750400 0.85768957 0.91887154
v 0.15317579 0.88554336 0.89609407
v 0.05083688 0.88554527 0.89609599
v 0.12750400 0.85768957 0.91887154
v -0.07567908 0.79362160 0.95321584
v -0.02556416 0.85783357 0.91877052
v -0.10155496 0.82679918 0.93787170
v -0.02522537 0.79356477 0.95323861
v -0.07636883 0.85778573 0.91880441
v 0.07567908 0.79362160 0.95321584
v 0.02556416 0.85783357 0.91877052
v 0.10155496 0.82679918 0.93787170
v 0.02522537 0.79356477 0.95323861
v 0.07636883 0.85778573 0.91880441
v 0.00000000 0.82700949 0.93775987
v 0.02065603 1.00000000 0.03342216
v 0.06222437 0.99999982 0.10068114
v 0.05534652 0.99999999 0.03346226
v 0.00000000 0.99999998 0.06694767
v 0.14826653 0.99996646 0.23990029
v 0.10457399 0.99999587 0.16920427
v 0.12529073 0.99999936 0.03365612
v 0.09731920 0.99999968 0.10093305
v 0.09024816 0.99999991 0.03353486
v 0.07625266 0.99999995 0.06710903
v -0.04156313 0.99999900 0.13472972
v 0.04156313 0.99999900 0.13472972
v -0.02074907 0.99999983 0.10073864
v 0.02074907 0.99999983 0.10073864
v 0.34924038 0.99418725 0.56508281
v 0.29382236 0.99795802 0.47541457
v 0.36589274 0.99604158 0.52574204
v 0.19391987 0.99983203 0.31376894
v 0.24221061 0.99936147 0.39190499
v 0.39758710 0.99798134 0.44815009
v 0.30987745 0.99867247 0.43792504
v 0.38200931 0.99724809 0.48669515
v 0.33732707 0.99767720 0.48099036
v 0.26991791 0.99993554 0.03451374
v 0.24180984 0.99996648 0.10312932
v 0.23309808 0.99997326 0.03422064
v 0.29487108 0.99989039 0.06931822
v 0.18524085 0.99996046 0.24117452
v 0.21368169 0.99997985 0.17178174
v 0.16265588 0.99998444 0.20527528
v 0.16103438 0.99999709 0.03377629
v 0.20520195 0.99998736 0.10236503
v 0.19678171 0.99999032 0.03398127
v 0.14696462 0.99999830 0.06756448
v 0.21914069 0.99998152 0.06835737
v 0.34611527 0.99971195 0.14109576
v 0.26643591 0.99993919 0.13861884
v 0.32027003 0.99981983 0.10484393
v 0.28060651 0.99991841 0.10400841
v 0.11884972 0.99999850 0.13538972
v 0.19100572 0.99999082 0.13672723
v 0.14052540 0.99999469 0.17001525
v 0.13288878 0.99999890 0.10145005
v 0.17691599 0.99999074 0.17086892
v 0.16887240 0.99999595 0.10192208
v -0.12760432 0.99992500 0.27637247
v -0.04234571 0.99992571 0.27637267
v -0.10564996 0.99996785 0.24008178
v 0.12760432 0.99992500 0.27637247
v 0.04234571 0.99992571 0.27637267
v 0.10564996 0.99996785 0.24008178
v -0.06279703 0.99999603 0.16955542
v -0.02123298 0.99996794 0.24026064
v -0.08403883 0.99998777 0.20445824
v -0.02094055 0.99999605 0.16949607
v -0.06328828 0.99996798 0.24020093
v 0.06279703 0.99999603 0.16955542
v 0.02123298 0.99996794 0.24026064
v 0.08403883 0.99998777 0.20445824
v 0.02094055 0.99999605 0.16949607
v 0.06328828 0.99996798 0.24020093
v 0.00000000 0.99998774 0.20469421
v 0.45661884 0.99836744 0.29736449
v 0.37025783 0.99946828 0.29118765
v 0.44233895 0.99851274 0.33445250
v 0.42784466 0.99892744 0.25645624
v 0.20925071 0.99990696 0.27924648
v 0.28808356 0.99981509 0.28512556
v 0.23310502 0.99980410 0.31698287
v 0.22359427 0.99994421 0.24375584
v 0.41296686 0.99837935 0.40963065
v 0.35580371 0.99945666 0.32718163
v 0.42777641 0.99853232 0.37190644
v 0.36867107 0.99884168 0.40509054
v 0.39846023 0.99911265 0.33078425
v 0.37278187 0.99954680 0.17861121
v 0.34349701 0.99968389 0.25140938
v 0.39989785 0.99929981 0.21687989
v 0.33167268 0.99977289 0.17689427
v 0.38508803 0.99941092 0.25395150
v 0.28323754 0.99926964 0.39602687
v 0.31375488 0.99964896 0.32369924
v 0.25776341 0.99961200 0.35590651
v 0.32540374 0.99911182 0.40055196
v 0.27306695 0.99975082 0.32028835
v 0.34072346 0.99935303 0.36360643
v 0.25206106 0.99995268 0.17367935
v 0.30242500 0.99983280 0.24888763
v 0.23788074 0.99995608 0.20854833
v 0.29140948 0.99989308 0.17525577
v 0.26267738 0.99990800 0.24632124
v 0.31709214 0.99981500 0.21284570
v -0.32849318 0.99079464 0.61234476
v -0.23172555 0.99097671 0.61245729
v -0.31022913 0.98660127 0.65204761
v -0.30078830 0.99433479 0.56569949
v -0.04577270 0.99100228 0.61247309
v -0.13788586 0.99100115 0.61247239
v -0.27085020 0.97285154 0.73040003
v -0.21261511 0.98681792 0.65145702
v -0.29102413 0.98075885 0.69159802
v -0.26095807 0.98674261 0.65173987
v -0.24780808 0.99799573 0.47669518
v -0.20639799 0.99439779 0.56654733
v -0.27382981 0.99659130 0.52037843
v -0.25314314 0.99438837 0.56617292
v 0.32849318 0.99079464 0.61234476
v 0.23172555 0.99097671 0.61245729
v 0.31022913 0.98660127 0.65204761
v 0.30078830 0.99433479 0.56569949
v 0.04577270 0.99100228 0.61247309
v 0.13788586 0.99100115 0.61247239
v 0.27085020 0.97285154 0.73040003
v 0.21261511 0.98681792 0.65145702
v 0.29102413 0.98075885 0.69159802
v 0.26095807 0.98674261 0.65173987
v 0.24780808 0.99799573 0.47669518
v 0.20639799 0.99439779 0.56654733
v 0.27382981 0.99659130 0.52037843
v 0.25314314 0.99438837 0.56617292
v -0.17922801 0.91114515 0.86803958
v -0.12649246 0.94968274 0.80213804
v -0.20359661 0.93173934 0.83773162
v -0.12769318 0.91103433 0.86819042
v -0.02406380 0.98690636 0.65088145
v -0.07422410 0.97350813 0.72793869
v -0.07059132 0.98689891 0.65094099
v -0.24941143 0.96224635 0.76846842
v -0.14936403 0.96288719 0.76662426
v -0.22705609 0.94872285 0.80428417
v -0.22072170 0.97305547 0.72976718
v -0.17643670 0.94922520 0.80318457
v -0.02561776 0.91092104 0.86833592
v -0.07591455 0.94953243 0.80248913
v -0.07648535 0.91095903 0.86828757
v -0.10180815 0.93234638 0.83672207
v -0.16454895 0.98685844 0.65123668
v -0.12239528 0.97342411 0.72829498
v -0.11742357 0.98688385 0.65105803
v -0.19233234 0.98106182 0.69044088
v -0.09618311 0.98119283 0.68973293
v -0.17123201 0.97323947 0.72906241
v -0.15121120 0.99983353 0.31550870
v -0.11091969 0.99935791 0.39579778
v -0.17422251 0.99966837 0.35376557
v -0.10774837 0.99983588 0.31531117
v -0.02366395 0.99437013 0.56722664
v -0.06862550 0.99796330 0.47952424
v -0.06872423 0.99437430 0.56715739
v -0.22230683 0.99886257 0.43402178
v -0.13370389 0.99884859 0.43614259
v -0.19793512 0.99937223 0.39328875
v -0.20216649 0.99800427 0.47745435
v -0.15414778 0.99936773 0.39458201
v -0.02167184 0.99983675 0.31511585
v -0.06661635 0.99936223 0.39538388
v -0.06454540 0.99983654 0.31518113
v -0.08741044 0.99966601 0.35500728
v -0.15971945 0.99439236 0.56681077
v -0.11251825 0.99797324 0.47912276
v -0.11410450 0.99438211 0.56702198
v -0.18130661 0.99660142 0.52179426
v -0.09098277 0.99657539 0.52260334
v -0.15704573 0.99799299 0.47825900
v 0.17922801 0.91114515 0.86803958
v 0.12649246 0.94968274 0.80213804
v 0.20359661 0.93173934 0.83773162
v 0.12769318 0.91103433 0.86819042
v 0.02406380 0.98690636 0.65088145
v 0.07422410 0.97350813 0.72793869
v 0.07059132 0.98689891 0.65094099
v 0.00000000 0.98123390 0.68949426
v 0.24941143 0.96224635 0.76846842
v 0.14936403 0.96288719 0.76662426
v 0.22705609 0.94872285 0.80428417
v 0.22072170 0.97305547 0.72976718
v 0.17643670 0.94922520 0.80318457
v 0.02561776 0.91092104 0.86833592
v 0.07591455 0.94953243 0.80248913
v 0.07648535 0.91095903 0.86828757
v 0.00000000 0.93222092 0.83693782
v 0.10180815 0.93234638 0.83672207
v 0.16454895 0.98685844 0.65123668
v 0.12239528 0.97342411 0.72829498
v 0.11742357 0.98688385 0.65105803
v 0.19233234 0.98106182 0.69044088
v 0.09618311 0.98119283 0.68973293
v 0.17123201 0.97323947 0.72906241
v -0.05000318 0.96318322 0.76570240
v 0.05000318 0.96318322 0.76570240
v -0.02474337 0.97349340 0.72800182
v -0.02530676 0.94955791 0.80243010
v 0.02474337 0.97349340 0.72800182
v 0.02530676 0.94955791 0.80243010
v 0.15121120 0.99983353 0.31550870
v 0.11091969 0.99935791 0.39579778
v 0.17422251 0.99966837 0.35376557
v 0.10774837 0.99983588 0.31531117
v 0.02366395 0.99437013 0.56722664
v 0.06862550 0.99796330 0.47952424
v 0.06872423 0.99437430 0.56715739
v 0.00000000 0.99656471 0.52287477
v 0.22230683 0.99886257 0.43402178
v 0.13370389 0.99884859 0.43614259
v 0.19793512 0.99937223 0.39328875
v 0.20216649 0.99800427 0.47745435
v 0.15414778 0.99936773 0.39458201
v 0.02167184 0.99983675 0.31511585
v 0.06661635 0.99936223 0.39538388
v 0.06454540 0.99983654 0.31518113
v 0.00000000 0.99966760 0.35473937
v 0.08741044 0.99966601 0.35500728
v 0.15971945 0.99439236 0.56681077
v 0.11251825 0.99797324 0.47912276
v 0.11410450 0.99438211 0.56702198
v 0.18130661 0.99660142 0.52179426
v 0.09098277 0.99657539 0.52260334
v 0.15704573 0.99799299 0.47825900
v -0.04495580 0.99883293 0.43718328
v 0.04495580 0.99883293 0.43718328
v -0.02288647 0.99796518 0.47945138
v -0.02221854 0.99936156 0.39545397
v 0.02288647 0.99796518 0.47945138
v 0.02221854 0.99936156 0.39545397
v 0.00000000 -0.56796164 0.99432559
v 0.00000000 -0.48177134 0.99790507
v 0.00000000 -0.32179634 0.99981484
v 0.00000000 -0.39981532 0.99931806
v 0.00000000 -0.03461221 1.00000000
v 0.00000000 -0.10416953 0.99999979
v 0.00000000 -0.24702845 0.99996212
v 0.00000000 -0.17473773 0.99999526
v 0.00000000 0.56796164 0.99432559
v 0.00000000 0.48177134 0.99790507
v 0.00000000 0.32179634 0.99981484
v 0.00000000 0.39981532 0.99931806
v 0.00000000 0.03461221 1.00000000
v 0.00000000 0.10416953 0.99999979
v 0.00000000 0.24702845 0.99996212
v 0.00000000 0.17473773 0.99999526
v -0.59863078 -0.99217851 -0.03814282
v -0.57104706 -0.99413495 -0.11352352
v -0.55432757 -0.99510491 -0.03750297
v -0.51562731 -0.99678696 -0.26290536
v -0.54344848 -0.99565222 -0.18823254
v -0.46860067 -0.99822748 -0.03633924
v -0.52703700 -0.99639548 -0.11167419
v -0.51088751 -0.99701433 -0.03690912
v -0.54066247 -0.99579297 -0.07475059
v -0.39547355 -0.99341639 -0.57201828
v -0.42779405 -0.99657061 -0.49250578
v -0.48732473 -0.99750290 -0.33816089
v -0.45820088 -0.99759724 -0.41456077
v -0.30918034 -0.99985436 -0.03460591
v -0.36073628 -0.99963216 -0.10565346
v -0.34749778 -0.99970632 -0.03498946
v -0.47164987 -0.99810614 -0.25890960
v -0.41463802 -0.99914554 -0.18003311
v -0.48557533 -0.99778301 -0.22218900
v -0.42694530 -0.99898800 -0.03588619
v -0.40051502 -0.99931061 -0.10697919
v -0.38678065 -0.99944122 -0.03540713
v -0.45505690 -0.99851453 -0.07251829
v -0.37373550 -0.99954528 -0.07064373
v -0.51314508 -0.99693184 -0.14879822
v -0.42819452 -0.99896853 -0.14449047
v -0.49942738 -0.99738992 -0.18546189
v -0.48379661 -0.99785109 -0.11015144
v -0.45642898 -0.99848113 -0.18272484
v -0.44156808 -0.99876041 -0.10858845
v -0.02402475 -0.64896143 -0.98714403
v -0.07402170 -0.72223597 -0.97481101
v -0.17897383 -0.85754038 -0.91896991
v -0.12612858 -0.79328317 -0.95335022
v -0.36041071 -0.98633111 -0.65234976
v -0.32164032 -0.97246982 -0.73142393
v -0.23041644 -0.91009606 -0.86932830
v -0.27834399 -0.94814976 -0.80542451
v -0.02065603 -1.00000000 -0.03342216
v -0.06222437 -0.99999982 -0.10068114
v -0.05534652 -0.99999999 -0.03346226
v -0.14826653 -0.99996646 -0.23990029
v -0.10457399 -0.99999587 -0.16920427
v -0.12529073 -0.99999936 -0.03365612
v -0.09731920 -0.99999968 -0.10093305
v -0.09024816 -0.99999991 -0.03353486
v -0.07625266 -0.99999995 -0.06710903
v -0.34924038 -0.99418725 -0.56508281
v -0.29382236 -0.99795802 -0.47541457
v -0.36589274 -0.99604158 -0.52574204
v -0.19391987 -0.99983203 -0.31376894
v -0.24221061 -0.99936147 -0.39190499
v -0.39758710 -0.99798134 -0.44815009
v -0.30987745 -0.99867247 -0.43792504
v -0.38200931 -0.99724809 -0.48669515
v -0.33732707 -0.99767720 -0.48099036
v -0.26991791 -0.99993554 -0.03451374
v -0.24180984 -0.99996648 -0.10312932
v -0.23309808 -0.99997326 -0.03422064
v -0.29487108 -0.99989039 -0.06931822
v -0.18524085 -0.99996046 -0.24117452
v -0.21368169 -0.99997985 -0.17178174
v -0.16265588 -0.99998444 -0.20527528
v -0.16103438 -0.99999709 -0.03377629
v -0.20520195 -0.99998736 -0.10236503
v -0.19678171 -0.99999032 -0.03398127
v -0.14696462 -0.99999830 -0.06756448
v -0.21914069 -0.99998152 -0.06835737
v -0.34611527 -0.99971195 -0.14109576
v -0.26643591 -0.99993919 -0.13861884
v -0.32027003 -0.99981983 -0.10484393
v -0.28060651 -0.99991841 -0.10400841
v -0.11884972 -0.99999850 -0.13538972
v -0.19100572 -0.99999082 -0.13672723
v -0.14052540 -0.99999469 -0.17001525
v -0.13288878 -0.99999890 -0.10145005
v -0.17691599 -0.99999074 -0.17086892
v -0.16887240 -0.99999595 -0.10192208
v -0.45661884 -0.99836744 -0.29736449
v -0.37025783 -0.99946828 -0.29118765
v -0.44233895 -0.99851274 -0.33445250
v -0.42784466 -0.99892744 -0.25645624
v -0.20925071 -0.99990696 -0.27924648
v -0.28808356 -0.99981509 -0.28512556
v -0.23310502 -0.99980410 -0.31698287
v -0.22359427 -0.99994421 -0.24375584
v -0.41296686 -0.99837935 -0.40963065
v -0.35580371 -0.99945666 -0.32718163
v -0.42777641 -0.99853232 -0.37190644
v -0.36867107 -0.99884168 -0.40509054
v -0.39846023 -0.99911265 -0.33078425
v -0.37278187 -0.99954680 -0.17861121
v -0.34349701 -0.99968389 -0.25140938
v -0.39989785 -0.99929981 -0.21687989
v -0.33167268 -0.99977289 -0.17689427
v -0.38508803 -0.99941092 -0.25395150
v -0.28323754 -0.99926964 -0.39602687
v -0.31375488 -0.99964896 -0.32369924
v -0.25776341 -0.99961200 -0.35590651
v -0.32540374 -0.99911182 -0.40055196
v -0.27306695 -0.99975082 -0.32028835
v -0.34072346 -0.99935303 -0.36360643
v -0.25206106 -0.99995268 -0.17367935
v -0.30242500 -0.99983280 -0.24888763
v -0.23788074 -0.99995608 -0.20854833
v -0.29140948 -0.99989308 -0.17525577
v -0.26267738 -0.99990800 -0.24632124
v -0.31709214 -0.99981500 -0.21284570
v 0.59863078 -0.99217851 -0.03814282
v 0.57104706 -0.99413495 -0.11352352
v 0.55432757 -0.99510491 -0.03750297
v 0.51562731 -0.99678696 -0.26290536
v 0.54344848 -0.99565222 -0.18823254
v 0.46860067 -0.99822748 -0.03633924
v 0.52703700 -0.99639548 -0.11167419
v 0.51088751 -0.99701433 -0.03690912
v 0.54066247 -0.99579297 -0.07475059
v 0.39547355 -0.99341639 -0.57201828
v 0.42779405 -0.99657061 -0.49250578
v 0.48732473 -0.99750290 -0.33816089
v 0.45820088 -0.99759724 -0.41456077
v 0.30918034 -0.99985436 -0.03460591
v 0.36073628 -0.99963216 -0.10565346
v 0.34749778 -0.99970632 -0.03498946
v 0.47164987 -0.99810614 -0.25890960
v 0.41463802 -0.99914554 -0.18003311
v 0.48557533 -0.99778301 -0.22218900
v 0.42694530 -0.99898800 -0.03588619
v 0.40051502 -0.99931061 -0.10697919
v 0.38678065 -0.99944122 -0.03540713
v 0.45505690 -0.99851453 -0.07251829
v 0.37373550 -0.99954528 -0.07064373
v 0.51314508 -0.99693184 -0.14879822
v 0.42819452 -0.99896853 -0.14449047
v 0.49942738 -0.99738992 -0.18546189
v 0.48379661 -0.99785109 -0.11015144
v 0.45642898 -0.99848113 -0.18272484
v 0.44156808 -0.99876041 -0.10858845
v 0.02402475 -0.64896143 -0.98714403
v 0.07402170 -0.72223597 -0.97481101
v 0.00000000 -0.68565184 -0.98188198
v 0.17897383 -0.85754038 -0.91896991
v 0.12612858 -0.79328317 -0.95335022
v -0.04985500 -0.75829172 -0.96546640
v 0.04985500 -0.75829172 -0.96546640
v -0.02467313 -0.72229604 -0.97479763
v 0.02467313 -0.72229604 -0.97479763
v 0.36041071 -0.98633111 -0.65234976
v 0.32164032 -0.97246982 -0.73142393
v 0.23041644 -0.91009606 -0.86932830
v 0.27834399 -0.94814976 -0.80542451
v -0.15317579 -0.88554336 -0.89609407
v -0.05083688 -0.88554527 -0.89609599
v -0.12750400 -0.85768957 -0.91887154
v 0.15317579 -0.88554336 -0.89609407
v 0.05083688 -0.88554527 -0.89609599
v 0.12750400 -0.85768957 -0.91887154
v -0.07567908 -0.79362160 -0.95321584
v -0.02556416 -0.85783357 -0.91877052
v -0.10155496 -0.82679918 -0.93787170
v -0.02522537 -0.79356477 -0.95323861
v -0.07636883 -0.85778573 -0.91880441
v 0.07567908 -0.79362160 -0.95321584
v 0.02556416 -0.85783357 -0.91877052
v 0.10155496 -0.82679918 -0.93787170
v 0.02522537 -0.79356477 -0.95323861
v 0.07636883 -0.85778573 -0.91880441
v 0.00000000 -0.82700949 -0.93775987
v 0.02065603 -1.00000000 -0.03342216
v 0.06222437 -0.99999982 -0.10068114
v 0.05534652 -0.99999999 -0.03346226
v 0.00000000 -0.99999998 -0.06694767
v 0.14826653 -0.99996646 -0.23990029
v 0.10457399 -0.99999587 -0.16920427
v 0.12529073 -0.99999936 -0.03365612
v 0.09731920 -0.99999968 -0.10093305
v 0.09024816 -0.99999991 -0.03353486
v 0.07625266 -0.99999995 -0.06710903
v -0.04156313 -0.99999900 -0.13472972
v 0.04156313 -0.99999900 -0.13472972
v -0.02074907 -0.99999983 -0.10073864
v 0.02074907 -0.99999983 -0.10073864
v 0.34924038 -0.99418725 -0.56508281
v 0.29382236 -0.99795802 -0.47541457
v 0.36589274 -0.99604158 -0.52574204
v 0.19391987 -0.99983203 -0.31376894
v 0.24221061 -0.99936147 -0.39190499
v 0.39758710 -0.99798134 -0.44815009
v 0.30987745 -0.99867247 -0.43792504
v 0.38200931 -0.99724809 -0.48669515
v 0.33732707 -0.99767720 -0.48099036
v 0.26991791 -0.99993554 -0.03451374
v 0.24180984 -0.99996648 -0.10312932
v 0.23309808 -0.99997326 -0.03422064
v 0.29487108 -0.99989039 -0.06931822
v 0.18524085 -0.99996046 -0.24117452
v 0.21368169 -0.99997985 -0.17178174
v 0.16265588 -0.99998444 -0.20527528
v 0.16103438 -0.99999709 -0.03377629
v 0.20520195 -0.99998736 -0.10236503
v 0.19678171 -0.99999032 -0.03398127
v 0.14696462 -0.99999830 -0.06756448
v 0.21914069 -0.99998152 -0.06835737
v 0.34611527 -0.99971195 -0.14109576
v 0.26643591 -0.99993919 -0.13861884
v 0.32027003 -0.99981983 -0.10484393
v 0.28060651 -0.99991841 -0.10400841
v 0.11884972 -0.99999850 -0.13538972
v 0.19100572 -0.99999082 -0.13672723
v 0.14052540 -0.99999469 -0.17001525
v 0.13288878 -0.99999890 -0.10145005
v 0.17691599 -0.99999074 -0.17086892
v 0.16887240 -0.99999595 -0.10192208
v -0.12760432 -0.99992500 -0.27637247
v -0.04234571 -0.99992571 -0.27637267
v -0.10564996 -0.99996785 -0.24008178
v 0.12760432 -0.99992500 -0.27637247
v 0.04234571 -0.99992571 -0.27637267
v 0.10564996 -0.99996785 -0.24008178
v -0.06279703 -0.99999603 -0.16955542
v -0.02123298 -0.99996794 -0.24026064
v -0.08403883 -0.99998777 -0.20445824
v -0.02094055 -0.99999605 -0.16949607
v -0.06328828 -0.99996798 -0.24020093
v 0.06279703 -0.99999603 -0.16955542
v 0.02123298 -0.99996794 -0.24026064
v 0.08403883 -0.99998777 -0.20445824
v 0.02094055 -0.99999605 -0.16949607
v 0.06328828 -0.99996798 -0.24020093
v 0.00000000 -0.99998774 -0.20469421
v 0.45661884 -0.99836744 -0.29736449
v 0.37025783 -0.99946828 -0.29118765
v 0.44233895 -0.99851274 -0.33445250
v 0.42784466 -0.99892744 -0.25645624
v 0.20925071 -0.99990696 -0.27924648
v 0.28808356 -0.99981509 -0.28512556
v 0.23310502 -0.99980410 -0.31698287
v 0.22359427 -0.99994421 -0.24375584
v 0.41296686 -0.99837935 -0.40963065
v 0.35580371 -0.99945666 -0.32718163
v 0.42777641 -0.99853232 -0.37190644
v 0.36867107 -0.99884168 -0.40509054
v 0.39846023 -0.99911265 -0.33078425
v 0.37278187 -0.99954680 -0.17861121
v 0.34349701 -0.99968389 -0.25140938
v 0.39989785 -0.99929981 -0.21687989
v 0.33167268 -0.99977289 -0.17689427
v 0.38508803 -0.99941092 -0.25395150
v 0.28323754 -0.99926964 -0.39602687
v 0.31375488 -0.99964896 -0.32369924
v 0.25776341 -0.99961200 -0.35590651
v 0.32540374 -0.99911182 -0.40055196
v 0.27306695 -0.99975082 -0.32028835
v 0.34072346 -0.99935303 -0.36360643
v 0.25206106 -0.99995268 -0.17367935
v 0.30242500 -0.99983280 -0.24888763
v 0.23788074 -0.99995608 -0.20854833
v 0.29140948 -0.99989308 -0.17525577
v 0.26267738 -0.99990800 -0.24632124
v 0.31709214 -0.99981500 -0.21284570
v -0.32849318 -0.99079464 -0.61234476
v -0.23172555 -0.99097671 -0.61245729
v -0.31022913 -0.98660127 -0.65204761
v -0.30078830 -0.99433479 -0.56569949
v -0.04577270 -0.99100228 -0.61247309
v -0.13788586 -0.99100115 -0.61247239
v -0.27085020 -0.97285154 -0.73040003
v -0.21261511 -0.98681792 -0.65145702
v -0.29102413 -0.98075885 -0.69159802
v -0.26095807 -0.98674261 -0.65173987
v -0.24780808 -0.99799573 -0.47669518
v -0.20639799 -0.99439779 -0.56654733
v -0.27382981 -0.99659130 -0.52037843
v -0.25314314 -0.99438837 -0.56617292
v 0.32849318 -0.99079464 -0.61234476
v 0.23172555 -0.99097671 -0.61245729
v 0.31022913 -0.98660127 -0.65204761
v 0.30078830 -0.99433479 -0.56569949
v 0.04577270 -0.99100228 -0.61247309
v 0.13788586 -0.99100115 -0.61247239
v 0.27085020 -0.97285154 -0.73040003
v 0.21261511 -0.98681792 -0.65145702
v 0.29102413 -0.98075885 -0.69159802
v 0.26095807 -0.98674261 -0.65173987
v 0.24780808 -0.99799573 -0.47669518
v 0.20639799 -0.99439779 -0.56654733
v 0.27382981 -0.99659130 -0.52037843
v 0.25314314 -0.99438837 -0.56617292
v -0.17922801 -0.91114515 -0.86803958
v -0.12649246 -0.94968274 -0.80213804
v -0.20359661 -0.93173934 -0.83773162
v -0.12769318 -0.91103433 -0.86819042
v -0.02406380 -0.98690636 -0.65088145
v -0.07422410 -0.97350813 -0.72793869
v -0.07059132 -0.98689891 -0.65094099
v -0.24941143 -0.96224635 -0.76846842
v -0.14936403 -0.96288719 -0.76662426
v -0.22705609 -0.94872285 -0.80428417
v -0.22072170 -0.97305547 -0.72976718
v -0.17643670 -0.94922520 -0.80318457
v -0.02561776 -0.91092104 -0.86833592
v -0.07591455 -0.94953243 -0.80248913
v -0.07648535 -0.91095903 -0.86828757
v -0.10180815 -0.93234638 -0.83672207
v -0.16454895 -0.98685844 -0.65123668
v -0.12239528 -0.97342411 -0.72829498
v -0.11742357 -0.98688385 -0.65105803
v -0.19233234 -0.98106182 -0.69044088
v -0.09618311 -0.98119283 -0.68973293
v -0.17123201 -0.97323947 -0.72906241
v -0.15121120 -0.99983353 -0.31550870
v -0.11091969 -0.99935791 -0.39579778
v -0.17422251 -0.99966837 -0.35376557
v -0.10774837 -0.99983588 -0.31531117
v -0.02366395 -0.99437013 -0.56722664
v -0.06862550 -0.99796330 -0.47952424
v -0.06872423 -0.99437430 -0.56715739
v -0.22230683 -0.99886257 -0.43402178
v -0.13370389 -0.99884859 -0.43614259
v -0.19793512 -0.99937223 -0.39328875
v -0.20216649 -0.99800427 -0.47745435
v -0.15414778 -0.99936773 -0.39458201
v -0.02167184 -0.99983675 -0.31511585
v -0.06661635 -0.99936223 -0.39538388
v -0.06454540 -0.99983654 -0.31518113
v -0.08741044 -0.99966601 -0.35500728
v -0.15971945 -0.99439236 -0.56681077
v -0.11251825 -0.99797324 -0.47912276
v -0.11410450 -0.99438211 -0.56702198
v -0.18130661 -0.99660142 -0.52179426
v -0.09098277 -0.99657539 -0.52260334
v -0.15704573 -0.99799299 -0.47825900
v 0.17922801 -0.91114515 -0.86803958
v 0.12649246 -0.94968274 -0.80213804
v 0.20359661 -0.93173934 -0.83773162
v 0.12769318 -0.91103433 -0.86819042
v 0.02406380 -0.98690636 -0.65088145
v 0.07422410 -0.97350813 -0.72793869
v 0.07059132 -0.98689891 -0.65094099
v 0.00000000 -0.98123390 -0.68949426
v 0.24941143 -0.96224635 -0.76846842
v 0.14936403 -0.96288719 -0.76662426
v 0.22705609 -0.94872285 -0.80428417
v 0.22072170 -0.97305547 -0.72976718
v 0.17643670 -0.94922520 -0.80318457
v 0.02561776 -0.91092104 -0.86833592
v 0.07591455 -0.94953243 -0.80248913
v 0.07648535 -0.91095903 -0.86828757
v 0.00000000 -0.93222092 -0.83693782
v 0.10180815 -0.93234638 -0.83672207
v 0.16454895 -0.98685844 -0.65123668
v 0.12239528 -0.97342411 -0.72829498
v 0.11742357 -0.98688385 -0.65105803
v 0.19233234 -0.98106182 -0.69044088
v 0.09618311 -0.98119283 -0.68973293
v 0.17123201 -0.97323947 -0.72906241
v -0.05000318 -0.96318322 -0.76570240
v 0.05000318 -0.96318322 -0.76570240
v -0.02474337 -0.97349340 -0.72800182
v -0.02530676 -0.94955791 -0.80243010
v 0.02474337 -0.97349340 -0.72800182
v 0.02530676 -0.94955791 -0.80243010
v 0.15121120 -0.99983353 -0.31550870
v 0.11091969 -0.99935791 -0.39579778
v 0.17422251 -0.99966837 -0.35376557
v 0.10774837 -0.99983588 -0.31531117
v 0.02366395 -0.99437013 -0.56722664
v 0.06862550 -0.99796330 -0.47952424
v 0.06872423 -0.99437430 -0.56715739
v 0.00000000 -0.99656471 -0.52287477
v 0.22230683 -0.99886257 -0.43402178
v 0.13370389 -0.99884859 -0.43614259
v 0.19793512 -0.99937223 -0.39328875
v 0.20216649 -0.99800427 -0.47745435
v 0.15414778 -0.99936773 -0.39458201
v 0.02167184 -0.99983675 -0.31511585
v 0.06661635 -0.99936223 -0.39538388
v 0.06454540 -0.99983654 -0.31518113
v 0.00000000 -0.99966760 -0.35473937
v 0.08741044 -0.99966601 -0.35500728
v 0.15971945 -0.99439236 -0.56681077
v 0.11251825 -0.99797324 -0.47912276
v 0.11410450 -0.99438211 -0.56702198
v 0.18130661 -0.99660142 -0.52179426
v 0.09098277 -0.99657539 -0.52260334
v 0.15704573 -0.99799299 -0.47825900
v -0.04495580 -0.99883293 -0.43718328
v 0.04495580 -0.99883293 -0.43718328
v -0.02288647 -0.99796518 -0.47945138
v -0.02221854 -0.99936156 -0.39545397
v 0.02288647 -0.99796518 -0.47945138
v 0.02221854 -0.99936156 -0.39545397
v -0.59863078 0.99217851 -0.03814282
v -0.57104706 0.99413495 -0.11352352
v -0.55432757 0.99510491 -0.03750297
v -0.51562731 0.99678696 -0.26290536
v -0.54344848 0.99565222 -0.18823254
v -0.46860067 0.99822748 -0.03633924
v -0.52703700 0.99639548 -0.11167419
v -0.51088751 0.99701433 -0.03690912
v -0.54066247 0.99579297 -0.07475059
v -0.39547355 0.99341639 -0.57201828
v -0.42779405 0.99657061 -0.49250578
v -0.48732473 0.99750290 -0.33816089
v -0.45820088 0.99759724 -0.41456077
v -0.30918034 0.99985436 -0.03460591
v -0.36073628 0.99963216 -0.10565346
v -0.34749778 0.99970632 -0.03498946
v -0.47164987 0.99810614 -0.25890960
v -0.41463802 0.99914554 -0.18003311
v -0.48557533 0.99778301 -0.22218900
v -0.42694530 0.99898800 -0.03588619
v -0.40051502 0.99931061 -0.10697919
v -0.38678065 0.99944122 -0.03540713
v -0.45505690 0.99851453 -0.07251829
v -0.37373550 0.99954528 -0.07064373
v -0.51314508 0.99693184 -0.14879822
v -0.42819452 0.99896853 -0.14449047
v -0.49942738 0.99738992 -0.18546189
v -0.48379661 0.99785109 -0.11015144
v -0.45642898 0.99848113 -0.18272484
v -0.44156808 0.99876041 -0.10858845
v -0.02402475 0.64896143 -0.98714403
v -0.07402170 0.72223597 -0.97481101
v -0.17897383 0.85754038 -0.91896991
v -0.12612858 0.79328317 -0.95335022
v -0.36041071 0.98633111 -0.65234976
v -0.32164032 0.97246982 -0.73142393
v -0.23041644 0.91009606 -0.86932830
v -0.27834399 0.94814976 -0.80542451
v -0.02065603 1.00000000 -0.03342216
v -0.06222437 0.99999982 -0.10068114
v -0.05534652 0.99999999 -0.03346226
v -0.14826653 0.99996646 -0.23990029
v -0.10457399 0.99999587 -0.16920427
v -0.12529073 0.99999936 -0.03365612
v -0.09731920 0.99999968 -0.10093305
v -0.09024816 0.99999991 -0.03353486
v -0.07625266 0.99999995 -0.06710903
v -0.34924038 0.99418725 -0.56508281
v -0.29382236 0.99795802 -0.47541457
v -0.36589274 0.99604158 -0.52574204
v -0.19391987 0.99983203 -0.31376894
v -0.24221061 0.99936147 -0.39190499
v -0.39758710 0.99798134 -0.44815009
v -0.30987745 0.99867247 -0.43792504
v -0.38200931 0.99724809 -0.48669515
v -0.33732707 0.99767720 -0.48099036
v -0.26991791 0.99993554 -0.03451374
v -0.24180984 0.99996648 -0.10312932
v -0.23309808 0.99997326 -0.03422064
v -0.29487108 0.99989039 -0.06931822
v -0.18524085 0.99996046 -0.24117452
v -0.21368169 0.99997985 -0.17178174
v -0.16265588 0.99998444 -0.20527528
v -0.16103438 0.99999709 -0.03377629
v -0.20520195 0.99998736 -0.10236503
v -0.19678171 0.99999032 -0.03398127
v -0.14696462 0.99999830 -0.06756448
v -0.21914069 0.99998152 -0.06835737
v -0.34611527 0.99971195 -0.14109576
v -0.26643591 0.99993919 -0.13861884
v -0.32027003 0.99981983 -0.10484393
v -0.28060651 0.99991841 -0.10400841
v -0.11884972 0.99999850 -0.13538972
v -0.19100572 0.99999082 -0.13672723
v -0.14052540 0.99999469 -0.17001525
v -0.13288878 0.99999890 -0.10145005
v -0.17691599 0.99999074 -0.17086892
v -0.16887240 0.99999595 -0.10192208
v -0.45661884 0.99836744 -0.29736449
v -0.37025783 0.99946828 -0.29118765
v -0.44233895 0.99851274 -0.33445250
v -0.42784466 0.99892744 -0.25645624
v -0.20925071 0.99990696 -0.27924648
v -0.28808356 0.99981509 -0.28512556
v -0.23310502 0.99980410 -0.31698287
v -0.22359427 0.99994421 -0.24375584
v -0.41296686 0.99837935 -0.40963065
v -0.35580371 0.99945666 -0.32718163
v -0.42777641 0.99853232 -0.37190644
v -0.36867107 0.99884168 -0.40509054
v -0.39846023 0.99911265 -0.33078425
v -0.37278187 0.99954680 -0.17861121
v -0.34349701 0.99968389 -0.25140938
v -0.39989785 0.99929981 -0.21687989
v -0.33167268 0.99977289 -0.17689427
v -0.38508803 0.99941092 -0.25395150
v -0.28323754 0.99926964 -0.39602687
v -0.31375488 0.99964896 -0.32369924
v -0.25776341 0.99961200 -0.35590651
v -0.32540374 0.99911182 -0.40055196
v -0.27306695 0.99975082 -0.32028835
v -0.34072346 0.99935303 -0.36360643
v -0.25206106 0.99995268 -0.17367935
v -0.30242500 0.99983280 -0.24888763
v -0.23788074 0.99995608 -0.20854833
v -0.29140948 0.99989308 -0.17525577
v -0.26267738 0.99990800 -0.24632124
v -0.31709214 0.99981500 -0.21284570
v 0.59863078 0.99217851 -0.03814282
v 0.57104706 0.99413495 -0.11352352
v 0.55432757 0.99510491 -0.03750297
v 0.51562731 0.99678696 -0.26290536
v 0.54344848 0.99565222 -0.18823254
v 0.46860067 0.99822748 -0.03633924
v 0.52703700 0.99639548 -0.11167419
v 0.51088751 0.99701433 -0.03690912
v 0.54066247 0.99579297 -0.07475059
v 0.39547355 0.99341639 -0.57201828
v 0.42779405 0.99657061 -0.49250578
v 0.48732473 0.99750290 -0.33816089
v 0.45820088 0.99759724 -0.41456077
v 0.30918034 0.99985436 -0.03460591
v 0.36073628 0.99963216 -0.10565346
v 0.34749778 0.99970632 -0.03498946
v 0.47164987 0.99810614 -0.25890960
v 0.41463802 0.99914554 -0.18003311
v 0.48557533 0.99778301 -0.22218900
v 0.42694530 0.99898800 -0.03588619
v 0.40051502 0.99931061 -0.10697919
v 0.38678065 0.99944122 -0.03540713
v 0.45505690 0.99851453 -0.07251829
v 0.37373550 0.99954528 -0.07064373
v 0.51314508 0.99693184 -0.14879822
v 0.42819452 0.99896853 -0.14449047
v 0.49942738 0.99738992 -0.18546189
v 0.48379661 0.99785109 -0.11015144
v 0.45642898 0.99848113 -0.18272484
v 0.44156808 0.99876041 -0.10858845
v 0.02402475 0.64896143 -0.98714403
v 0.07402170 0.72223597 -0.97481101
v 0.00000000 0.68565184 -0.98188198
v 0.17897383 0.85754038 -0.91896991
v 0.12612858 0.79328317 -0.95335022
v -0.04985500 0.75829172 -0.96546640
v 0.04985500 0.75829172 -0.96546640
v -0.02467313 0.72229604 -0.97479763
v 0.02467313 0.72229604 -0.97479763
v 0.36041071 0.98633111 -0.65234976
v 0.32164032 0.97246982 -0.73142393
v 0.23041644 0.91009606 -0.86932830
v 0.27834399 0.94814976 -0.80542451
v -0.15317579 0.88554336 -0.89609407
v -0.05083688 0.88554527 -0.89609599
v -0.12750400 0.85768957 -0.91887154
v 0.15317579 0.88554336 -0.89609407
v 0.05083688 0.88554527 -0.89609599
v 0.12750400 0.85768957 -0.91887154
v -0.07567908 0.79362160 -0.95321584
v -0.02556416 0.85783357 -0.91877052
v -0.10155496 0.82679918 -0.93787170
v -0.02522537 0.79356477 -0.95323861
v -0.07636883 0.85778573 -0.91880441
v 0.07567908 0.79362160 -0.95321584
v 0.02556416 0.85783357 -0.91877052
v 0.10155496 0.82679918 -0.93787170
v 0.02522537 0.79356477 -0.95323861
v 0.07636883 0.85778573 -0.91880441
v 0.00000000 0.82700949 -0.93775987
v 0.02065603 1.00000000 -0.03342216
v 0.06222437 0.99999982 -0.10068114
v 0.05534652 0.99999999 -0.03346226
v 0.00000000 0.99999998 -0.06694767
v 0.14826653 0.99996646 -0.23990029
v 0.10457399 0.99999587 -0.16920427
v 0.12529073 0.99999936 -0.03365612
v 0.09731920 0.99999968 -0.10093305
v 0.09024816 0.99999991 -0.03353486
v 0.07625266 0.99999995 -0.06710903
v -0.04156313 0.99999900 -0.13472972
v 0.04156313 0.99999900 -0.13472972
v -0.02074907 0.99999983 -0.10073864
v 0.02074907 0.99999983 -0.10073864
v 0.34924038 0.99418725 -0.56508281
v 0.29382236 0.99795802 -0.47541457
v 0.36589274 0.99604158 -0.52574204
v 0.19391987 0.99983203 -0.31376894
v 0.24221061 0.99936147 -0.39190499
v 0.39758710 0.99798134 -0.44815009
v 0.30987745 0.99867247 -0.43792504
v 0.38200931 0.99724809 -0.48669515
v 0.33732707 0.99767720 -0.48099036
v 0.26991791 0.99993554 -0.03451374
v 0.24180984 0.99996648 -0.10312932
v 0.23309808 0.99997326 -0.03422064
v 0.29487108 0.99989039 -0.06931822
v 0.18524085 0.99996046 -0.24117452
v 0.21368169 0.99997985 -0.17178174
v 0.16265588 0.99998444 -0.20527528
v 0.16103438 0.99999709 -0.03377629
v 0.20520195 0.99998736 -0.10236503
v 0.19678171 0.99999032 -0.03398127
v 0.14696462 0.99999830 -0.06756448
v 0.21914069 0.99998152 -0.06835737
v 0.34611527 0.99971195 -0.14109576
v 0.26643591 0.99993919 -0.13861884
v 0.32027003 0.99981983 -0.10484393
v 0.28060651 0.99991841 -0.10400841
v 0.11884972 0.99999850 -0.13538972
v 0.19100572 0.99999082 -0.13672723
v 0.14052540 0.99999469 -0.17001525
v 0.13288878 0.99999890 -0.10145005
v 0.17691599 0.99999074 -0.17086892
v 0.16887240 0.99999595 -0.10192208
v -0.12760432 0.99992500 -0.27637247
v -0.04234571 0.99992571 -0.27637267
v -0.10564996 0.99996785 -0.24008178
v 0.12760432 0.99992500 -0.27637247
v 0.04234571 0.99992571 -0.27637267
v 0.10564996 0.99996785 -0.24008178
v -0.06279703 0.99999603 -0.16955542
v -0.02123298 0.99996794 -0.24026064
v -0.08403883 0.99998777 -0.20445824
v -0.02094055 0.99999605 -0.16949607
v -0.06328828 0.99996798 -0.24020093
v 0.06279703 0.99999603 -0.16955542
v 0.02123298 0.99996794 -0.24026064
v 0.08403883 0.99998777 -0.20445824
v 0.02094055 0.99999605 -0.16949607
v 0.06328828 0.99996798 -0.24020093
v 0.00000000 0.99998774 -0.20469421
v 0.45661884 0.99836744 -0.29736449
v 0.37025783 0.99946828 -0.29118765
v 0.44233895 0.99851274 -0.33445250
v 0.42784466 0.99892744 -0.25645624
v 0.20925071 0.99990696 -0.27924648
v 0.28808356 0.99981509 -0.28512556
v 0.23310502 0.99980410 -0.31698287
v 0.22359427 0.99994421 -0.24375584
v 0.41296686 0.99837935 -0.40963065
v 0.35580371 0.99945666 -0.32718163
v 0.42777641 0.99853232 -0.37190644
v 0.36867107 0.99884168 -0.40509054
v 0.39846023 0.99911265 -0.33078425
v 0.37278187 0.99954680 -0.17861121
v 0.34349701 0.99968389 -0.25140938
v 0.39989785 0.99929981 -0.21687989
v 0.33167268 0.99977289 -0.17689427
v 0.38508803 0.99941092 -0.25395150
v 0.28323754 0.99926964 -0.39602687
v 0.31375488 0.99964896 -0.32369924
v 0.25776341 0.99961200 -0.35590651
v 0.32540374 0.99911182 -0.40055196
v 0.27306695 0.99975082 -0.32028835
v 0.34072346 0.99935303 -0.36360643
v 0.25206106 0.99995268 -0.17367935
v 0.30242500 0.99983280 -0.24888763
v 0.23788074 0.99995608 -0.20854833
v 0.29140948 0.99989308 -0.17525577
v 0.26267738 0.99990800 -0.24632124
v 0.31709214 0.99981500 -0.21284570
v -0.32849318 0.99079464 -0.61234476
v -0.23172555 0.99097671 -0.61245729
v -0.31022913 0.98660127 -0.65204761
v -0.30078830 0.99433479 -0.56569949
v -0.04577270 0.99100228 -0.61247309
v -0.13788586 0.99100115 -0.61247239
v -0.27085020 0.97285154 -0.73040003
v -0.21261511 0.98681792 -0.65145702
v -0.29102413 0.98075885 -0.69159802
v -0.26095807 0.98674261 -0.65173987
v -0.24780808 0.99799573 -0.47669518
v -0.20639799 0.99439779 -0.56654733
v -0.27382981 0.99659130 -0.52037843
v -0.25314314 0.99438837 -0.56617292
v 0.32849318 0.99079464 -0.61234476
v 0.23172555 0.99097671 -0.61245729
v 0.31022913 0.98660127 -0.65204761
v 0.30078830 0.99433479 -0.56569949
v 0.04577270 0.99100228 -0.61247309
v 0.13788586 0.99100115 -0.61247239
v 0.27085020 0.97285154 -0.73040003
v 0.21261511 0.98681792 -0.65145702
v 0.29102413 0.98075885 -0.69159802
v 0.26095807 0.98674261 -0.65173987
v 0.24780808 0.99799573 -0.47669518
v 0.20639799 0.99439779 -0.56654733
v 0.27382981 0.99659130 -0.52037843
v 0.25314314 0.99438837 -0.56617292
v -0.17922801 0.91114515 -0.86803958
v -0.12649246 0.94968274 -0.80213804
v -0.20359661 0.93173934 -0.83773162
v -0.12769318 0.91103433 -0.86819042
v -0.02406380 0.98690636 -0.65088145
v -0.07422410 0.97350813 -0.72793869
v -0.07059132 0.98689891 -0.65094099
v -0.24941143 0.96224635 -0.76846842
v -0.14936403 0.96288719 -0.76662426
v -0.22705609 0.94872285 -0.80428417
v -0.22072170 0.97305547 -0.72976718
v -0.17643670 0.94922520 -0.80318457
v -0.02561776 0.91092104 -0.86833592
v -0.07591455 0.94953243 -0.80248913
v -0.07648535 0.91095903 -0.86828757
v -0.10180815 0.93234638 -0.83672207
v -0.16454895 0.98685844 -0.65123668
v -0.12239528 0.97342411 -0.72829498
v -0.11742357 0.98688385 -0.65105803
v -0.19233234 0.98106182 -0.69044088
v -0.09618311 0.98119283 -0.68973293
v -0.17123201 0.97323947 -0.72906241
v -0.15121120 0.99983353 -0.31550870
v -0.11091969 0.99935791 -0.39579778
v -0.17422251 0.99966837 -0.35376557
v -0.10774837 0.99983588 -0.31531117
v -0.02366395 0.99437013 -0.56722664
v -0.06862550 0.99796330 -0.47952424
v -0.06872423 0.99437430 -0.56715739
v -0.22230683 0.99886257 -0.43402178
v -0.13370389 0.99884859 -0.43614259
v -0.19793512 0.99937223 -0.39328875
v -0.20216649 0.99800427 -0.47745435
v -0.15414778 0.99936773 -0.39458201
v -0.02167184 0.99983675 -0.31511585
v -0.06661635 0.99936223 -0.39538388
v -0.06454540 0.99983654 -0.31518113
v -0.08741044 0.99966601 -0.35500728
v -0.15971945 0.99439236 -0.56681077
v -0.11251825 0.99797324 -0.47912276
v -0.11410450 0.99438211 -0.56702198
v -0.18130661 0.99660142 -0.52179426
v -0.09098277 0.99657539 -0.52260334
v -0.15704573 0.99799299 -0.47825900
v 0.17922801 0.91114515 -0.86803958
v 0.12649246 0.94968274 -0.80213804
v 0.20359661 0.93173934 -0.83773162
v 0.12769318 0.91103433 -0.86819042
v 0.02406380 0.98690636 -0.65088145
v 0.07422410 0.97350813 -0.72793869
v 0.07059132 0.98689891 -0.65094099
v 0.00000000 0.98123390 -0.68949426
v 0.24941143 0.96224635 -0.76846842
v 0.14936403 0.96288719 -0.76662426
v 0.22705609 0.94872285 -0.80428417
v 0.22072170 0.97305547 -0.72976718
v 0.17643670 0.94922520 -0.80318457
v 0.02561776 0.91092104 -0.86833592
v 0.07591455 0.94953243 -0.80248913
v 0.07648535 0.91095903 -0.86828757
v 0.00000000 0.93222092 -0.83693782
v 0.10180815 0.93234638 -0.83672207
v 0.16454895 0.98685844 -0.65123668
v 0.12239528 0.97342411 -0.72829498
v 0.11742357 0.98688385 -0.65105803
v 0.19233234 0.98106182 -0.69044088
v 0.09618311 0.98119283 -0.68973293
v 0.17123201 0.97323947 -0.72906241
v -0.05000318 0.96318322 -0.76570240
v 0.05000318 0.96318322 -0.76570240
v -0.02474337 0.97349340 -0.72800182
v -0.02530676 0.94955791 -0.80243010
v 0.02474337 0.97349340 -0.72800182
v 0.02530676 0.94955791 -0.80243010
v 0.15121120 0.99983353 -0.31550870
v 0.11091969 0.99935791 -0.39579778
v 0.17422251 0.99966837 -0.35376557
v 0.10774837 0.99983588 -0.31531117
v 0.02366395 0.99437013 -0.56722664
v 0.06862550 0.99796330 -0.47952424
v 0.06872423 0.99437430 -0.56715739
v 0.00000000 0.99656471 -0.52287477
v 0.22230683 0.99886257 -0.43402178
v 0.13370389 0.99884859 -0.43614259
v 0.19793512 0.99937223 -0.39328875
v 0.20216649 0.99800427 -0.47745435
v 0.15414778 0.99936773 -0.39458201
v 0.02167184 0.99983675 -0.31511585
v 0.06661635 0.99936223 -0.39538388
v 0.06454540 0.99983654 -0.31518113
v 0.00000000 0.99966760 -0.35473937
v 0.08741044 0.99966601 -0.35500728
v 0.15971945 0.99439236 -0.56681077
v 0.11251825 0.99797324 -0.47912276
v 0.11410450 0.99438211 -0.56702198
v 0.18130661 0.99660142 -0.52179426
v 0.09098277 0.99657539 -0.52260334
v 0.15704573 0.99799299 -0.47825900
v -0.04495580 0.99883293 -0.43718328
v 0.04495580 0.99883293 -0.43718328
v -0.02288647 0.99796518 -0.47945138
v -0.02221854 0.99936156 -0.39545397
v 0.02288647 0.99796518 -0.47945138
v 0.02221854 0.99936156 -0.39545397
v 0.00000000 -0.56796164 -0.99432559
v 0.00000000 -0.48177134 -0.99790507
v 0.00000000 -0.32179634 -0.99981484
v 0.00000000 -0.39981532 -0.99931806
v 0.00000000 -0.03461221 -1.00000000
v 0.00000000 -0.10416953 -0.99999979
v 0.00000000 -0.24702845 -0.99996212
v 0.00000000 -0.17473773 -0.99999526
v 0.00000000 0.56796164 -0.99432559
v 0.00000000 0.48177134 -0.99790507
v 0.00000000 0.32179634 -0.99981484
v 0.00000000 0.39981532 -0.99931806
v 0.00000000 0.03461221 -1.00000000
v 0.00000000 0.10416953 -0.99999979
v 0.00000000 0.24702845 -0.99996212
v 0.00000000 0.17473773 -0.99999526
v 0.64896143 0.98714403 -0.02402475
v 0.72223597 0.97481101 -0.07402170
v 0.63501960 0.98876007 -0.06265551
v 0.85754038 0.91896991 -0.17897383
v 0.79328317 0.95335022 -0.12612858
v 0.60722839 0.99146338 -0.13927886
v 0.70856577 0.97770020 -0.11384399
v 0.62110677 0.99019399 -0.10110655
v 0.67179994 0.98405675 -0.08794697
v 0.98633111 0.65234976 -0.36041071
v 0.97246982 0.73142393 -0.32164032
v 0.91009606 0.86932830 -0.23041644
v 0.94814976 0.80542451 -0.27834399
v 0.55140944 0.99515307 -0.29220507
v 0.65367496 0.98647880 -0.27366696
v 0.56543368 0.99443154 -0.25399357
v 0.84718080 0.92592706 -0.22197644
v 0.75540238 0.96627058 -0.25086804
v 0.81515197 0.94375365 -0.19485929
v 0.59328988 0.99259023 -0.17778742
v 0.66740990 0.98466679 -0.23384774
v 0.57939249 0.99357585 -0.21582069
v 0.64402029 0.98773473 -0.16623424
v 0.61622388 0.99062137 -0.24435622
v 0.74534223 0.96913858 -0.14069004
v 0.71874458 0.97555695 -0.22215183
v 0.78093819 0.95802560 -0.16762365
v 0.69506352 0.98025547 -0.15389682
v 0.76830806 0.96233007 -0.20924742
v 0.68134277 0.98257539 -0.19393815
v 0.99217851 0.03814282 -0.59863078
v 0.99413495 0.11352352 -0.57104706
v 0.99678696 0.26290536 -0.51562731
v 0.99565222 0.18823254 -0.54344848
v 0.99341639 0.57201828 -0.39547355
v 0.99657061 0.49250578 -0.42779405
v 0.99750290 0.33816089 -0.48732473
v 0.99759724 0.41456077 -0.45820088
v 0.42933881 0.98996509 -0.61183207
v 0.53495058 0.98709309 -0.61005708
v 0.44618119 0.99277632 -0.57104941
v 0.75279286 0.95837223 -0.59230661
v 0.64439857 0.97880683 -0.60493589
v 0.47798130 0.99565469 -0.49014036
v 0.55122395 0.98947292 -0.56769033
v 0.46237139 0.99458886 -0.53037914
v 0.49817644 0.99158065 -0.56967274
v 0.98483632 0.66043027 -0.40816836
v 0.96354770 0.75766986 -0.46826572
v 0.97856677 0.70076207 -0.38933387
v 0.84920255 0.91632811 -0.56632192
v 0.92075496 0.84730529 -0.52366347
v 0.95859961 0.77831101 -0.34808573
v 0.95060569 0.79590174 -0.44630146
v 0.96997643 0.74030450 -0.36930914
v 0.96706299 0.74909533 -0.41823757
v 0.53691819 0.99573642 -0.33254841
v 0.61098060 0.99041912 -0.40017176
v 0.52260755 0.99613086 -0.37125737
v 0.58794844 0.99279228 -0.32444537
v 0.76637233 0.95760063 -0.54535626
v 0.68856532 0.97936152 -0.47184782
v 0.71409541 0.97105529 -0.55421404
v 0.49325695 0.99618254 -0.44982803
v 0.59666834 0.99105212 -0.44121696
v 0.50806127 0.99630326 -0.41039669
v 0.52951322 0.99401670 -0.48690267
v 0.55911529 0.99407863 -0.40566531
v 0.69171237 0.98070063 -0.30568162
v 0.66397768 0.98452799 -0.39196352
v 0.63980256 0.98805211 -0.31556539
v 0.62557991 0.98938303 -0.35778091
v 0.60564965 0.98587836 -0.56473637
v 0.63553481 0.98657903 -0.47834234
v 0.66003806 0.98008913 -0.56045474
v 0.56708215 0.99074310 -0.52531854
v 0.67470734 0.98017519 -0.51596487
v 0.58220087 0.99120023 -0.48306624
v 0.87757582 0.90322607 -0.25022704
v 0.86022170 0.91664357 -0.34214111
v 0.90335494 0.87736305 -0.27626286
v 0.83761075 0.93174157 -0.26683326
v 0.81701690 0.93768182 -0.53267620
v 0.84041734 0.92849965 -0.43633072
v 0.86070150 0.91175012 -0.51654348
v 0.78049038 0.95501330 -0.49810637
v 0.94378710 0.81455856 -0.32523643
v 0.88844227 0.89256801 -0.37004132
v 0.92548537 0.84762774 -0.30137945
v 0.93911550 0.82324850 -0.37341678
v 0.89615961 0.88513068 -0.32285238
v 0.74327792 0.96956436 -0.29437587
v 0.81689471 0.94245183 -0.35782080
v 0.79226314 0.95365103 -0.28154417
v 0.73035632 0.97265059 -0.33831596
v 0.82752937 0.93726877 -0.31216953
v 0.92771052 0.84001323 -0.47284420
v 0.88004974 0.89961185 -0.41848266
v 0.89788077 0.87893851 -0.49644489
v 0.93382189 0.83178791 -0.42268751
v 0.87089093 0.90606978 -0.46713465
v 0.91306220 0.86422630 -0.39716079
v 0.70328652 0.97760025 -0.42734736
v 0.80554913 0.94724124 -0.40447188
v 0.74221437 0.96805654 -0.46271358
v 0.71704082 0.97535464 -0.38269715
v 0.79349008 0.95147764 -0.45103132
v 0.76860293 0.96171996 -0.37144139
v 0.64896143 -0.98714403 -0.02402475
v 0.72223597 -0.97481101 -0.07402170
v 0.63501960 -0.98876007 -0.06265551
v 0.85754038 -0.91896991 -0.17897383
v 0.79328317 -0.95335022 -0.12612858
v 0.60722839 -0.99146338 -0.13927886
v 0.70856577 -0.97770020 -0.11384399
v 0.62110677 -0.99019399 -0.10110655
v 0.67179994 -0.98405675 -0.08794697
v 0.98633111 -0.65234976 -0.36041071
v 0.97246982 -0.73142393 -0.32164032
v 0.91009606 -0.86932830 -0.23041644
v 0.94814976 -0.80542451 -0.27834399
v 0.55140944 -0.99515307 -0.29220507
v 0.65367496 -0.98647880 -0.27366696
v 0.56543368 -0.99443154 -0.25399357
v 0.84718080 -0.92592706 -0.22197644
v 0.75540238 -0.96627058 -0.25086804
v 0.81515197 -0.94375365 -0.19485929
v 0.59328988 -0.99259023 -0.17778742
v 0.66740990 -0.98466679 -0.23384774
v 0.57939249 -0.99357585 -0.21582069
v 0.64402029 -0.98773473 -0.16623424
v 0.61622388 -0.99062137 -0.24435622
v 0.74534223 -0.96913858 -0.14069004
v 0.71874458 -0.97555695 -0.22215183
v 0.78093819 -0.95802560 -0.16762365
v 0.69506352 -0.98025547 -0.15389682
v 0.76830806 -0.96233007 -0.20924742
v 0.68134277 -0.98257539 -0.19393815
v 0.99217851 -0.03814282 -0.59863078
v 0.99413495 -0.11352352 -0.57104706
v 0.99678696 -0.26290536 -0.51562731
v 0.99565222 -0.18823254 -0.54344848
v 0.99341639 -0.57201828 -0.39547355
v 0.99657061 -0.49250578 -0.42779405
v 0.99750290 -0.33816089 -0.48732473
v 0.99759724 -0.41456077 -0.45820088
v 0.42933881 -0.98996509 -0.61183207
v 0.53495058 -0.98709309 -0.61005708
v 0.44618119 -0.99277632 -0.57104941
v 0.75279286 -0.95837223 -0.59230661
v 0.64439857 -0.97880683 -0.60493589
v 0.47798130 -0.99565469 -0.49014036
v 0.55122395 -0.98947292 -0.56769033
v 0.46237139 -0.99458886 -0.53037914
v 0.49817644 -0.99158065 -0.56967274
v 0.98483632 -0.66043027 -0.40816836
v 0.96354770 -0.75766986 -0.46826572
v 0.97856677 -0.70076207 -0.38933387
v 0.84920255 -0.91632811 -0.56632192
v 0.92075496 -0.84730529 -0.52366347
v 0.95859961 -0.77831101 -0.34808573
v 0.95060569 -0.79590174 -0.44630146
v 0.96997643 -0.74030450 -0.36930914
v 0.96706299 -0.74909533 -0.41823757
v 0.53691819 -0.99573642 -0.33254841
v 0.61098060 -0.99041912 -0.40017176
v 0.52260755 -0.99613086 -0.37125737
v 0.58794844 -0.99279228 -0.32444537
v 0.76637233 -0.95760063 -0.54535626
v 0.68856532 -0.97936152 -0.47184782
v 0.71409541 -0.97105529 -0.55421404
v 0.49325695 -0.99618254 -0.44982803
v 0.59666834 -0.99105212 -0.44121696
v 0.50806127 -0.99630326 -0.41039669
v 0.52951322 -0.99401670 -0.48690267
v 0.55911529 -0.99407863 -0.40566531
v 0.69171237 -0.98070063 -0.30568162
v 0.66397768 -0.98452799 -0.39196352
v 0.63980256 -0.98805211 -0.31556539
v 0.62557991 -0.98938303 -0.35778091
v 0.60564965 -0.98587836 -0.56473637
v 0.63553481 -0.98657903 -0.47834234
v 0.66003806 -0.98008913 -0.56045474
v 0.56708215 -0.99074310 -0.52531854
v 0.67470734 -0.98017519 -0.51596487
v 0.58220087 -0.99120023 -0.48306624
v 0.87757582 -0.90322607 -0.25022704
v 0.86022170 -0.91664357 -0.34214111
v 0.90335494 -0.87736305 -0.27626286
v 0.83761075 -0.93174157 -0.26683326
v 0.81701690 -0.93768182 -0.53267620
v 0.84041734 -0.92849965 -0.43633072
v 0.86070150 -0.91175012 -0.51654348
v 0.78049038 -0.95501330 -0.49810637
v 0.94378710 -0.81455856 -0.32523643
v 0.88844227 -0.89256801 -0.37004132
v 0.92548537 -0.84762774 -0.30137945
v 0.93911550 -0.82324850 -0.37341678
v 0.89615961 -0.88513068 -0.32285238
v 0.74327792 -0.96956436 -0.29437587
v 0.81689471 -0.94245183 -0.35782080
v 0.79226314 -0.95365103 -0.28154417
v 0.73035632 -0.97265059 -0.33831596
v 0.82752937 -0.93726877 -0.31216953
v 0.92771052 -0.84001323 -0.47284420
v 0.88004974 -0.89961185 -0.41848266
v 0.89788077 -0.87893851 -0.49644489
v 0.93382189 -0.83178791 -0.42268751
v 0.87089093 -0.90606978 -0.46713465
v 0.91306220 -0.86422630 -0.39716079
v 0.70328652 -0.97760025 -0.42734736
v 0.80554913 -0.94724124 -0.40447188
v 0.74221437 -0.96805654 -0.46271358
v 0.71704082 -0.97535464 -0.38269715
v 0.79349008 -0.95147764 -0.45103132
v 0.76860293 -0.96171996 -0.37144139
v 0.03814282 -0.59863078 -0.99217851
v 0.11352352 -0.57104706 -0.99413495
v 0.06265551 -0.63501960 -0.98876007
v 0.03750297 -0.55432757 -0.99510491
v 0.26290536 -0.51562731 -0.99678696
v 0.18823254 -0.54344848 -0.99565222
v 0.11384399 -0.70856577 -0.97770020
v 0.13927886 -0.60722839 -0.99146338
v 0.08794697 -0.67179994 -0.98405675
v 0.10110655 -0.62110677 -0.99019399
v 0.03633924 -0.46860067 -0.99822748
v 0.11167419 -0.52703700 -0.99639548
v 0.03690912 -0.51088751 -0.99701433
v 0.07475059 -0.54066247 -0.99579297
v 0.57201828 -0.39547355 -0.99341639
v 0.49250578 -0.42779405 -0.99657061
v 0.33816089 -0.48732473 -0.99750290
v 0.41456077 -0.45820088 -0.99759724
v 0.22197644 -0.84718080 -0.92592706
v 0.25086804 -0.75540238 -0.96627058
v 0.19485929 -0.81515197 -0.94375365
v 0.29220507 -0.55140944 -0.99515307
v 0.27366696 -0.65367496 -0.98647880
v 0.25399357 -0.56543368 -0.99443154
v 0.14069004 -0.74534223 -0.96913858
v 0.22215183 -0.71874458 -0.97555695
v 0.16762365 -0.78093819 -0.95802560
v 0.15389682 -0.69506352 -0.98025547
v 0.20924742 -0.76830806 -0.96233007
v 0.17778742 -0.59328988 -0.99259023
v 0.23384774 -0.66740990 -0.98466679
v 0.21582069 -0.57939249 -0.99357585
v 0.16623424 -0.64402029 -0.98773473
v 0.24435622 -0.61622388 -0.99062137
v 0.19393815 -0.68134277 -0.98257539
v 0.03460591 -0.30918034 -0.99985436
v 0.10565346 -0.36073628 -0.99963216
v 0.03498946 -0.34749778 -0.99970632
v 0.25890960 -0.47164987 -0.99810614
v 0.18003311 -0.41463802 -0.99914554
v 0.22218900 -0.48557533 -0.99778301
v 0.03588619 -0.42694530 -0.99898800
v 0.10697919 -0.40051502 -0.99931061
v 0.03540713 -0.38678065 -0.99944122
v 0.07251829 -0.45505690 -0.99851453
v 0.07064373 -0.37373550 -0.99954528
v 0.14879822 -0.51314508 -0.99693184
v 0.14449047 -0.42819452 -0.99896853
v 0.18546189 -0.49942738 -0.99738992
v 0.11015144 -0.48379661 -0.99785109
v 0.18272484 -0.45642898 -0.99848113
v 0.10858845 -0.44156808 -0.99876041
v 0.98714403 -0.02402475 -0.64896143
v 0.97481101 -0.07402170 -0.72223597
v 0.98876007 -0.06265551 -0.63501960
v 0.91896991 -0.17897383 -0.85754038
v 0.95335022 -0.12612858 -0.79328317
v 0.99146338 -0.13927886 -0.60722839
v 0.97770020 -0.11384399 -0.70856577
v 0.99019399 -0.10110655 -0.62110677
v 0.98405675 -0.08794697 -0.67179994
v 0.65234976 -0.36041071 -0.98633111
v 0.73142393 -0.32164032 -0.97246982
v 0.86932830 -0.23041644 -0.91009606
v 0.80542451 -0.27834399 -0.94814976
v 0.99515307 -0.29220507 -0.55140944
v 0.98647880 -0.27366696 -0.65367496
v 0.99443154 -0.25399357 -0.56543368
v 0.92592706 -0.22197644 -0.84718080
v 0.96627058 -0.25086804 -0.75540238
v 0.94375365 -0.19485929 -0.81515197
v 0.99259023 -0.17778742 -0.59328988
v 0.98466679 -0.23384774 -0.66740990
v 0.99357585 -0.21582069 -0.57939249
v 0.98773473 -0.16623424 -0.64402029
v 0.99062137 -0.24435622 -0.61622388
v 0.96913858 -0.14069004 -0.74534223
v 0.97555695 -0.22215183 -0.71874458
v 0.95802560 -0.16762365 -0.78093819
v 0.98025547 -0.15389682 -0.69506352
v 0.96233007 -0.20924742 -0.76830806
v 0.98257539 -0.19393815 -0.68134277
v 0.40816836 -0.98483632 -0.66043027
v 0.46826572 -0.96354770 -0.75766986
v 0.38933387 -0.97856677 -0.70076207
v 0.46076086 -0.98392288 -0.66059097
v 0.56632192 -0.84920255 -0.91632811
v 0.52366347 -0.92075496 -0.84730529
v 0.34808573 -0.95859961 -0.77831101
v 0.44630146 -0.95060569 -0.79590174
v 0.36930914 -0.96997643 -0.74030450
v 0.41823757 -0.96706299 -0.74909533
v 0.56969357 -0.97956707 -0.65955092
v 0.52389499 -0.96119390 -0.75868446
v 0.51473018 -0.98231036 -0.66039970
v 0.49257882 -0.97472969 -0.70997719
v 0.61183207 -0.42933881 -0.98996509
v 0.61005708 -0.53495058 -0.98709309
v 0.57104941 -0.44618119 -0.99277632
v 0.59230661 -0.75279286 -0.95837223
v 0.60493589 -0.64439857 -0.97880683
v 0.49014036 -0.47798130 -0.99565469
v 0.56769033 -0.55122395 -0.98947292
v 0.53037914 -0.46237139 -0.99458886
v 0.56967274 -0.49817644 -0.99158065
v 0.25022704 -0.87757582 -0.90322607
v 0.34214111 -0.86022170 -0.91664357
v 0.27626286 -0.90335494 -0.87736305
v 0.26683326 -0.83761075 -0.93174157
v 0.53267620 -0.81701690 -0.93768182
v 0.43633072 -0.84041734 -0.92849965
v 0.51654348 -0.86070150 -0.91175012
v 0.32523643 -0.94378710 -0.81455856
v 0.37004132 -0.88844227 -0.89256801
v 0.30137945 -0.92548537 -0.84762774
v 0.37341678 -0.93911550 -0.82324850
v 0.32285238 -0.89615961 -0.88513068
v 0.29437587 -0.74327792 -0.96956436
v 0.35782080 -0.81689471 -0.94245183
v 0.28154417 -0.79226314 -0.95365103
v 0.31216953 -0.82752937 -0.93726877
v 0.47284420 -0.92771052 -0.84001323
v 0.41848266 -0.88004974 -0.89961185
v 0.49644489 -0.89788077 -0.87893851
v 0.42268751 -0.93382189 -0.83178791
v 0.46713465 -0.87089093 -0.90606978
v 0.39716079 -0.91306220 -0.86422630
v 0.78944922 -0.94010993 -0.63820900
v 0.75224634 -0.92897819 -0.74864813
v 0.73707325 -0.95649426 -0.64778388
v 0.62355049 -0.83977519 -0.91594253
v 0.69746390 -0.89695220 -0.84504602
v 0.60477204 -0.88122228 -0.88571153
v 0.62614694 -0.97496019 -0.65761527
v 0.69657174 -0.94243729 -0.75491620
v 0.68202995 -0.96768831 -0.65395771
v 0.60496726 -0.96815794 -0.70939994
v 0.71853851 -0.95152910 -0.70246272
v 0.55415568 -0.94164639 -0.80586533
v 0.67019317 -0.92797152 -0.80435119
v 0.58134455 -0.91531148 -0.84856670
v 0.58106652 -0.95734350 -0.75931370
v 0.63966653 -0.90769486 -0.84813144
v 0.63900577 -0.95142476 -0.75833921
v 0.33254841 -0.53691819 -0.99573642
v 0.40017176 -0.61098060 -0.99041912
v 0.37125737 -0.52260755 -0.99613086
v 0.32444537 -0.58794844 -0.99279228
v 0.54535626 -0.76637233 -0.95760063
v 0.47184782 -0.68856532 -0.97936152
v 0.55421404 -0.71409541 -0.97105529
v 0.49810637 -0.78049038 -0.95501330
v 0.44982803 -0.49325695 -0.99618254
v 0.44121696 -0.59666834 -0.99105212
v 0.41039669 -0.50806127 -0.99630326
v 0.48690267 -0.52951322 -0.99401670
v 0.40566531 -0.55911529 -0.99407863
v 0.30568162 -0.69171237 -0.98070063
v 0.39196352 -0.66397768 -0.98452799
v 0.31556539 -0.63980256 -0.98805211
v 0.33831596 -0.73035632 -0.97265059
v 0.35778091 -0.62557991 -0.98938303
v 0.56473637 -0.60564965 -0.98587836
v 0.47834234 -0.63553481 -0.98657903
v 0.56045474 -0.66003806 -0.98008913
v 0.52531854 -0.56708215 -0.99074310
v 0.51596487 -0.67470734 -0.98017519
v 0.48306624 -0.58220087 -0.99120023
v 0.40447188 -0.80554913 -0.94724124
v 0.42734736 -0.70328652 -0.97760025
v 0.45103132 -0.79349008 -0.95147764
v 0.37144139 -0.76860293 -0.96171996
v 0.46271358 -0.74221437 -0.96805654
v 0.38269715 -0.71704082 -0.97535464
v 0.03342216 -0.02065603 -1.00000000
v 0.10068114 -0.06222437 -0.99999982
v 0.03346226 -0.05534652 -0.99999999
v 0.23990029 -0.14826653 -0.99996646
v 0.16920427 -0.10457399 -0.99999587
v 0.03365612 -0.12529073 -0.99999936
v 0.10093305 -0.09731920 -0.99999968
v 0.03353486 -0.09024816 -0.99999991
v 0.06710903 -0.07625266 -0.99999995
v 0.56508281 -0.34924038 -0.99418725
v 0.47541457 -0.29382236 -0.99795802
v 0.52574204 -0.36589274 -0.99604158
v 0.31376894 -0.19391987 -0.99983203
v 0.39190499 -0.24221061 -0.99936147
v 0.44815009 -0.39758710 -0.99798134
v 0.43792504 -0.30987745 -0.99867247
v 0.48669515 -0.38200931 -0.99724809
v 0.48099036 -0.33732707 -0.99767720
v 0.03451374 -0.26991791 -0.99993554
v 0.10312932 -0.24180984 -0.99996648
v 0.03422064 -0.23309808 -0.99997326
v 0.06931822 -0.29487108 -0.99989039
v 0.24117452 -0.18524085 -0.99996046
v 0.17178174 -0.21368169 -0.99997985
v 0.20527528 -0.16265588 -0.99998444
v 0.03377629 -0.16103438 -0.99999709
v 0.10236503 -0.20520195 -0.99998736
v 0.03398127 -0.19678171 -0.99999032
v 0.06756448 -0.14696462 -0.99999830
v 0.06835737 -0.21914069 -0.99998152
v 0.14109576 -0.34611527 -0.99971195
v 0.13861884 -0.26643591 -0.99993919
v 0.10484393 -0.32027003 -0.99981983
v 0.10400841 -0.28060651 -0.99991841
v 0.13538972 -0.11884972 -0.99999850
v 0.13672723 -0.19100572 -0.99999082
v 0.17001525 -0.14052540 -0.99999469
v 0.10145005 -0.13288878 -0.99999890
v 0.17086892 -0.17691599 -0.99999074
v 0.10192208 -0.16887240 -0.99999595
v 0.29736449 -0.45661884 -0.99836744
v 0.29118765 -0.37025783 -0.99946828
v 0.33445250 -0.44233895 -0.99851274
v 0.25645624 -0.42784466 -0.99892744
v 0.27924648 -0.20925071 -0.99990696
v 0.28512556 -0.28808356 -0.99981509
v 0.31698287 -0.23310502 -0.99980410
v 0.24375584 -0.22359427 -0.99994421
v 0.40963065 -0.41296686 -0.99837935
v 0.32718163 -0.35580371 -0.99945666
v 0.37190644 -0.42777641 -0.99853232
v 0.40509054 -0.36867107 -0.99884168
v 0.33078425 -0.39846023 -0.99911265
v 0.17861121 -0.37278187 -0.99954680
v 0.25140938 -0.34349701 -0.99968389
v 0.21687989 -0.39989785 -0.99929981
v 0.17689427 -0.33167268 -0.99977289
v 0.25395150 -0.38508803 -0.99941092
v 0.39602687 -0.28323754 -0.99926964
v 0.32369924 -0.31375488 -0.99964896
v 0.35590651 -0.25776341 -0.99961200
v 0.40055196 -0.32540374 -0.99911182
v 0.32028835 -0.27306695 -0.99975082
v 0.36360643 -0.34072346 -0.99935303
v 0.17367935 -0.25206106 -0.99995268
v 0.24888763 -0.30242500 -0.99983280
v 0.20854833 -0.23788074 -0.99995608
v 0.17525577 -0.29140948 -0.99989308
v 0.24632124 -0.26267738 -0.99990800
v 0.21284570 -0.31709214 -0.99981500
v 0.98996509 -0.61183207 -0.42933881
v 0.98709309 -0.61005708 -0.53495058
v 0.99277632 -0.57104941 -0.44618119
v 0.98392288 -0.66059097 -0.46076086
v 0.95837223 -0.59230661 -0.75279286
v 0.97880683 -0.60493589 -0.64439857
v 0.99565469 -0.49014036 -0.47798130
v 0.98947292 -0.56769033 -0.55122395
v 0.99458886 -0.53037914 -0.46237139
v 0.99158065 -0.56967274 -0.49817644
v 0.96119390 -0.75868446 -0.52389499
v 0.97956707 -0.65955092 -0.56969357
v 0.97472969 -0.70997719 -0.49257882
v 0.98231036 -0.66039970 -0.51473018
v 0.66043027 -0.40816836 -0.98483632
v 0.75766986 -0.46826572 -0.96354770
v 0.70076207 -0.38933387 -0.97856677
v 0.66059097 -0.46076086 -0.98392288
v 0.91632811 -0.56632192 -0.84920255
v 0.84730529 -0.52366347 -0.92075496
v 0.77831101 -0.34808573 -0.95859961
v 0.79590174 -0.44630146 -0.95060569
v 0.74030450 -0.36930914 -0.96997643
v 0.74909533 -0.41823757 -0.96706299
v 0.65955092 -0.56969357 -0.97956707
v 0.75868446 -0.52389499 -0.96119390
v 0.66039970 -0.51473018 -0.98231036
v 0.70997719 -0.49257882 -0.97472969
v 0.99573642 -0.33254841 -0.53691819
v 0.99041912 -0.40017176 -0.61098060
v 0.99613086 -0.37125737 -0.52260755
v 0.99279228 -0.32444537 -0.58794844
v 0.95760063 -0.54535626 -0.76637233
v 0.97936152 -0.47184782 -0.68856532
v 0.97105529 -0.55421404 -0.71409541
v 0.99618254 -0.44982803 -0.49325695
v 0.99105212 -0.44121696 -0.59666834
v 0.99630326 -0.41039669 -0.50806127
v 0.99401670 -0.48690267 -0.52951322
v 0.99407863 -0.40566531 -0.55911529
v 0.98070063 -0.30568162 -0.69171237
v 0.98452799 -0.39196352 -0.66397768
v 0.98805211 -0.31556539 -0.63980256
v 0.98938303 -0.35778091 -0.62557991
v 0.98587836 -0.56473637 -0.60564965
v 0.98657903 -0.47834234 -0.63553481
v 0.98008913 -0.56045474 -0.66003806
v 0.99074310 -0.52531854 -0.56708215
v 0.98017519 -0.51596487 -0.67470734
v 0.99120023 -0.48306624 -0.58220087
v 0.83977519 -0.91594253 -0.62355049
v 0.89695220 -0.84504602 -0.69746390
v 0.88122228 -0.88571153 -0.60477204
v 0.82529924 -0.91423849 -0.68139252
v 0.94010993 -0.63820900 -0.78944922
v 0.92897819 -0.74864813 -0.75224634
v 0.95649426 -0.64778388 -0.73707325
v 0.94164639 -0.80586533 -0.55415568
v 0.92797152 -0.80435119 -0.67019317
v 0.91531148 -0.84856670 -0.58134455
v 0.95734350 -0.75931370 -0.58106652
v 0.90769486 -0.84813144 -0.63966653
v 0.78400957 -0.89762361 -0.79086441
v 0.88011609 -0.83942645 -0.75510156
v 0.80701357 -0.90854738 -0.73780752
v 0.85596959 -0.88062358 -0.72084188
v 0.97496019 -0.65761527 -0.62614694
v 0.94243729 -0.75491620 -0.69657174
v 0.96768831 -0.65395771 -0.68202995
v 0.96815794 -0.70939994 -0.60496726
v 0.95152910 -0.70246272 -0.71853851
v 0.95142476 -0.75833921 -0.63900577
v 0.90322607 -0.25022704 -0.87757582
v 0.91664357 -0.34214111 -0.86022170
v 0.87736305 -0.27626286 -0.90335494
v 0.93174157 -0.26683326 -0.83761075
v 0.93768182 -0.53267620 -0.81701690
v 0.92849965 -0.43633072 -0.84041734
v 0.91175012 -0.51654348 -0.86070150
v 0.95501330 -0.49810637 -0.78049038
v 0.81455856 -0.32523643 -0.94378710
v 0.89256801 -0.37004132 -0.88844227
v 0.84762774 -0.30137945 -0.92548537
v 0.82324850 -0.37341678 -0.93911550
v 0.88513068 -0.32285238 -0.89615961
v 0.96956436 -0.29437587 -0.74327792
v 0.94245183 -0.35782080 -0.81689471
v 0.95365103 -0.28154417 -0.79226314
v 0.97265059 -0.33831596 -0.73035632
v 0.93726877 -0.31216953 -0.82752937
v 0.84001323 -0.47284420 -0.92771052
v 0.89961185 -0.41848266 -0.88004974
v 0.87893851 -0.49644489 -0.89788077
v 0.83178791 -0.42268751 -0.93382189
v 0.90606978 -0.46713465 -0.87089093
v 0.86422630 -0.39716079 -0.91306220
v 0.97760025 -0.42734736 -0.70328652
v 0.94724124 -0.40447188 -0.80554913
v 0.96805654 -0.46271358 -0.74221437
v 0.97535464 -0.38269715 -0.71704082
v 0.95147764 -0.45103132 -0.79349008
v 0.96171996 -0.37144139 -0.76860293
v 0.63820900 -0.78944922 -0.94010993
v 0.74864813 -0.75224634 -0.92897819
v 0.64778388 -0.73707325 -0.95649426
v 0.68139252 -0.82529924 -0.91423849
v 0.91594253 -0.62355049 -0.83977519
v 0.84504602 -0.69746390 -0.89695220
v 0.88571153 -0.60477204 -0.88122228
v 0.91423849 -0.68139252 -0.82529924
v 0.65761527 -0.62614694 -0.97496019
v 0.75491620 -0.69657174 -0.94243729
v 0.65395771 -0.68202995 -0.96768831
v 0.70939994 -0.60496726 -0.96815794
v 0.70246272 -0.71853851 -0.95152910
v 0.75510156 -0.88011609 -0.83942645
v 0.79086441 -0.78400957 -0.89762361
v 0.72084188 -0.85596959 -0.88062358
v 0.80929813 -0.85747530 -0.82770017
v 0.73780752 -0.80701357 -0.90854738
v 0.80586533 -0.55415568 -0.94164639
v 0.80435119 -0.67019317 -0.92797152
v 0.84856670 -0.58134455 -0.91531148
v 0.75931370 -0.58106652 -0.95734350
v 0.84813144 -0.63966653 -0.90769486
v 0.75833921 -0.63900577 -0.95142476
v 0.89762361 -0.79086441 -0.78400957
v 0.83942645 -0.75510156 -0.88011609
v 0.90854738 -0.73780752 -0.80701357
v 0.85747530 -0.82770017 -0.80929813
v 0.88062358 -0.72084188 -0.85596959
v 0.82770017 -0.80929813 -0.85747530
v 0.03814282 0.59863078 -0.99217851
v 0.11352352 0.57104706 -0.99413495
v 0.06265551 0.63501960 -0.98876007
v 0.03750297 0.55432757 -0.99510491
v 0.26290536 0.51562731 -0.99678696
v 0.18823254 0.54344848 -0.99565222
v 0.11384399 0.70856577 -0.97770020
v 0.13927886 0.60722839 -0.99146338
v 0.08794697 0.67179994 -0.98405675
v 0.10110655 0.62110677 -0.99019399
v 0.03633924 0.46860067 -0.99822748
v 0.11167419 0.52703700 -0.99639548
v 0.03690912 0.51088751 -0.99701433
v 0.07475059 0.54066247 -0.99579297
v 0.57201828 0.39547355 -0.99341639
v 0.49250578 0.42779405 -0.99657061
v 0.33816089 0.48732473 -0.99750290
v 0.41456077 0.45820088 -0.99759724
v 0.22197644 0.84718080 -0.92592706
v 0.25086804 0.75540238 -0.96627058
v 0.19485929 0.81515197 -0.94375365
v 0.29220507 0.55140944 -0.99515307
v 0.27366696 0.65367496 -0.98647880
v 0.25399357 0.56543368 -0.99443154
v 0.14069004 0.74534223 -0.96913858
v 0.22215183 0.71874458 -0.97555695
v 0.16762365 0.78093819 -0.95802560
v 0.15389682 0.69506352 -0.98025547
v 0.20924742 0.76830806 -0.96233007
v 0.17778742 0.59328988 -0.99259023
v 0.23384774 0.66740990 -0.98466679
v 0.21582069 0.57939249 -0.99357585
v 0.16623424 0.64402029 -0.98773473
v 0.24435622 0.61622388 -0.99062137
v 0.19393815 0.68134277 -0.98257539
v 0.03460591 0.30918034 -0.99985436
v 0.10565346 0.36073628 -0.99963216
v 0.03498946 0.34749778 -0.99970632
v 0.25890960 0.47164987 -0.99810614
v 0.18003311 0.41463802 -0.99914554
v 0.22218900 0.48557533 -0.99778301
v 0.03588619 0.42694530 -0.99898800
v 0.10697919 0.40051502 -0.99931061
v 0.03540713 0.38678065 -0.99944122
v 0.07251829 0.45505690 -0.99851453
v 0.07064373 0.37373550 -0.99954528
v 0.14879822 0.51314508 -0.99693184
v 0.14449047 0.42819452 -0.99896853
v 0.18546189 0.49942738 -0.99738992
v 0.11015144 0.48379661 -0.99785109
v 0.18272484 0.45642898 -0.99848113
v 0.10858845 0.44156808 -0.99876041
v 0.98714403 0.02402475 -0.64896143
v 0.97481101 0.07402170 -0.72223597
v 0.98876007 0.06265551 -0.63501960
v 0.98188198 0.00000000 -0.68565184
v 0.91896991 0.17897383 -0.85754038
v 0.95335022 0.12612858 -0.79328317
v 0.99146338 0.13927886 -0.60722839
v 0.97770020 0.11384399 -0.70856577
v 0.99019399 0.10110655 -0.62110677
v 0.98405675 0.08794697 -0.67179994
v 0.96546640 -0.04985500 -0.75829172
v 0.96546640 0.04985500 -0.75829172
v 0.97479763 -0.02467313 -0.72229604
v 0.97479763 0.02467313 -0.72229604
v 0.65234976 0.36041071 -0.98633111
v 0.73142393 0.32164032 -0.97246982
v 0.86932830 0.23041644 -0.91009606
v 0.80542451 0.27834399 -0.94814976
v 0.99515307 0.29220507 -0.55140944
v 0.98647880 0.27366696 -0.65367496
v 0.99443154 0.25399357 -0.56543368
v 0.92592706 0.22197644 -0.84718080
v 0.96627058 0.25086804 -0.75540238
v 0.94375365 0.19485929 -0.81515197
v 0.99259023 0.17778742 -0.59328988
v 0.98466679 0.23384774 -0.66740990
v 0.99357585 0.21582069 -0.57939249
v 0.98773473 0.16623424 -0.64402029
v 0.99062137 0.24435622 -0.61622388
v 0.96913858 0.14069004 -0.74534223
v 0.97555695 0.22215183 -0.71874458
v 0.95802560 0.16762365 -0.78093819
v 0.98025547 0.15389682 -0.69506352
v 0.96233007 0.20924742 -0.76830806
v 0.98257539 0.19393815 -0.68134277
v 0.89609407 -0.15317579 -0.88554336
v 0.89609599 -0.05083688 -0.88554527
v 0.91887154 -0.12750400 -0.85768957
v 0.89609407 0.15317579 -0.88554336
v 0.89609599 0.05083688 -0.88554527
v 0.91887154 0.12750400 -0.85768957
v 0.95321584 -0.07567908 -0.79362160
v 0.91877052 -0.02556416 -0.85783357
v 0.93787170 -0.10155496 -0.82679918
v 0.95323861 -0.02522537 -0.79356477
v 0.91880441 -0.07636883 -0.85778573
v 0.95321584 0.07567908 -0.79362160
v 0.91877052 0.02556416 -0.85783357
v 0.93787170 0.10155496 -0.82679918
v 0.95323861 0.02522537 -0.79356477
v 0.91880441 0.07636883 -0.85778573
v 0.93775987 0.00000000 -0.82700949
v 0.40816836 0.98483632 -0.66043027
v 0.46826572 0.96354770 -0.75766986
v 0.38933387 0.97856677 -0.70076207
v 0.46076086 0.98392288 -0.66059097
v 0.56632192 0.84920255 -0.91632811
v 0.52366347 0.92075496 -0.84730529
v 0.34808573 0.95859961 -0.77831101
v 0.44630146 0.95060569 -0.79590174
v 0.36930914 0.96997643 -0.74030450
v 0.41823757 0.96706299 -0.74909533
v 0.56969357 0.97956707 -0.65955092
v 0.52389499 0.96119390 -0.75868446
v 0.51473018 0.98231036 -0.66039970
v 0.49257882 0.97472969 -0.70997719
v 0.61183207 0.42933881 -0.98996509
v 0.61005708 0.53495058 -0.98709309
v 0.57104941 0.44618119 -0.99277632
v 0.59230661 0.75279286 -0.95837223
v 0.60493589 0.64439857 -0.97880683
v 0.49014036 0.47798130 -0.99565469
v 0.56769033 0.55122395 -0.98947292
v 0.53037914 0.46237139 -0.99458886
v 0.56967274 0.49817644 -0.99158065
v 0.25022704 0.87757582 -0.90322607
v 0.34214111 0.86022170 -0.91664357
v 0.27626286 0.90335494 -0.87736305
v 0.26683326 0.83761075 -0.93174157
v 0.53267620 0.81701690 -0.93768182
v 0.43633072 0.84041734 -0.92849965
v 0.51654348 0.86070150 -0.91175012
v 0.32523643 0.94378710 -0.81455856
v 0.37004132 0.88844227 -0.89256801
v 0.30137945 0.92548537 -0.84762774
v 0.37341678 0.93911550 -0.82324850
v 0.32285238 0.89615961 -0.88513068
v 0.29437587 0.74327792 -0.96956436
v 0.35782080 0.81689471 -0.94245183
v 0.28154417 0.79226314 -0.95365103
v 0.31216953 0.82752937 -0.93726877
v 0.47284420 0.92771052 -0.84001323
v 0.41848266 0.88004974 -0.89961185
v 0.49644489 0.89788077 -0.87893851
v 0.42268751 0.93382189 -0.83178791
v 0.46713465 0.87089093 -0.90606978
v 0.39716079 0.91306220 -0.86422630
v 0.78944922 0.94010993 -0.63820900
v 0.75224634 0.92897819 -0.74864813
v 0.73707325 0.95649426 -0.64778388
v 0.62355049 0.83977519 -0.91594253
v 0.69746390 0.89695220 -0.84504602
v 0.60477204 0.88122228 -0.88571153
v 0.62614694 0.97496019 -0.65761527
v 0.69657174 0.94243729 -0.75491620
v 0.68202995 0.96768831 -0.65395771
v 0.60496726 0.96815794 -0.70939994
v 0.71853851 0.95152910 -0.70246272
v 0.55415568 0.94164639 -0.80586533
v 0.67019317 0.92797152 -0.80435119
v 0.58134455 0.91531148 -0.84856670
v 0.58106652 0.95734350 -0.75931370
v 0.63966653 0.90769486 -0.84813144
v 0.63900577 0.95142476 -0.75833921
v 0.33254841 0.53691819 -0.99573642
v 0.40017176 0.61098060 -0.99041912
v 0.37125737 0.52260755 -0.99613086
v 0.32444537 0.58794844 -0.99279228
v 0.54535626 0.76637233 -0.95760063
v 0.47184782 0.68856532 -0.97936152
v 0.55421404 0.71409541 -0.97105529
v 0.49810637 0.78049038 -0.95501330
v 0.44982803 0.49325695 -0.99618254
v 0.44121696 0.59666834 -0.99105212
v 0.41039669 0.50806127 -0.99630326
v 0.48690267 0.52951322 -0.99401670
v 0.40566531 0.55911529 -0.99407863
v 0.30568162 0.69171237 -0.98070063
v 0.39196352 0.66397768 -0.98452799
v 0.31556539 0.63980256 -0.98805211
v 0.33831596 0.73035632 -0.97265059
v 0.35778091 0.62557991 -0.98938303
v 0.56473637 0.60564965 -0.98587836
v 0.47834234 0.63553481 -0.98657903
v 0.56045474 0.66003806 -0.98008913
v 0.52531854 0.56708215 -0.99074310
v 0.51596487 0.67470734 -0.98017519
v 0.48306624 0.58220087 -0.99120023
v 0.40447188 0.80554913 -0.94724124
v 0.42734736 0.70328652 -0.97760025
v 0.45103132 0.79349008 -0.95147764
v 0.37144139 0.76860293 -0.96171996
v 0.46271358 0.74221437 -0.96805654
v 0.38269715 0.71704082 -0.97535464
v 0.03342216 0.02065603 -1.00000000
v 0.10068114 0.06222437 -0.99999982
v 0.03346226 0.05534652 -0.99999999
v 0.06694767 0.00000000 -0.99999998
v 0.23990029 0.14826653 -0.99996646
v 0.16920427 0.10457399 -0.99999587
v 0.03365612 0.12529073 -0.99999936
v 0.10093305 0.09731920 -0.99999968
v 0.03353486 0.09024816 -0.99999991
v 0.06710903 0.07625266 -0.99999995
v 0.13472972 -0.04156313 -0.99999900
v 0.13472972 0.04156313 -0.99999900
v 0.10073864 -0.02074907 -0.99999983
v 0.10073864 0.02074907 -0.99999983
v 0.56508281 0.34924038 -0.99418725
v 0.47541457 0.29382236 -0.99795802
v 0.52574204 0.36589274 -0.99604158
v 0.31376894 0.19391987 -0.99983203
v 0.39190499 0.24221061 -0.99936147
v 0.44815009 0.39758710 -0.99798134
v 0.43792504 0.30987745 -0.99867247
v 0.48669515 0.38200931 -0.99724809
v 0.48099036 0.33732707 -0.99767720
v 0.03451374 0.26991791 -0.99993554
v 0.10312932 0.24180984 -0.99996648
v 0.03422064 0.23309808 -0.99997326
v 0.06931822 0.29487108 -0.99989039
v 0.24117452 0.18524085 -0.99996046
v 0.17178174 0.21368169 -0.99997985
v 0.20527528 0.16265588 -0.99998444
v 0.03377629 0.16103438 -0.99999709
v 0.10236503 0.20520195 -0.99998736
v 0.03398127 0.19678171 -0.99999032
v 0.06756448 0.14696462 -0.99999830
v 0.06835737 0.21914069 -0.99998152
v 0.14109576 0.34611527 -0.99971195
v 0.13861884 0.26643591 -0.99993919
v 0.10484393 0.32027003 -0.99981983
v 0.10400841 0.28060651 -0.99991841
v 0.13538972 0.11884972 -0.99999850
v 0.13672723 0.19100572 -0.99999082
v 0.17001525 0.14052540 -0.99999469
v 0.10145005 0.13288878 -0.99999890
v 0.17086892 0.17691599 -0.99999074
v 0.10192208 0.16887240 -0.99999595
v 0.27637247 -0.12760432 -0.99992500
v 0.27637267 -0.04234571 -0.99992571
v 0.24008178 -0.10564996 -0.99996785
v 0.27637247 0.12760432 -0.99992500
v 0.27637267 0.04234571 -0.99992571
v 0.24008178 0.10564996 -0.99996785
v 0.16955542 -0.06279703 -0.99999603
v 0.24026064 -0.02123298 -0.99996794
v 0.20445824 -0.08403883 -0.99998777
v 0.16949607 -0.02094055 -0.99999605
v 0.24020093 -0.06328828 -0.99996798
v 0.16955542 0.06279703 -0.99999603
v 0.24026064 0.02123298 -0.99996794
v 0.20445824 0.08403883 -0.99998777
v 0.16949607 0.02094055 -0.99999605
v 0.24020093 0.06328828 -0.99996798
v 0.20469421 0.00000000 -0.99998774
v 0.29736449 0.45661884 -0.99836744
v 0.29118765 0.37025783 -0.99946828
v 0.33445250 0.44233895 -0.99851274
v 0.25645624 0.42784466 -0.99892744
v 0.27924648 0.20925071 -0.99990696
v 0.28512556 0.28808356 -0.99981509
v 0.31698287 0.23310502 -0.99980410
v 0.24375584 0.22359427 -0.99994421
v 0.40963065 0.41296686 -0.99837935
v 0.32718163 0.35580371 -0.99945666
v 0.37190644 0.42777641 -0.99853232
v 0.40509054 0.36867107 -0.99884168
v 0.33078425 0.39846023 -0.99911265
v 0.17861121 0.37278187 -0.99954680
v 0.25140938 0.34349701 -0.99968389
v 0.21687989 0.39989785 -0.99929981
v 0.17689427 0.33167268 -0.99977289
v 0.25395150 0.38508803 -0.99941092
v 0.39602687 0.28323754 -0.99926964
v 0.32369924 0.31375488 -0.99964896
v 0.35590651 0.25776341 -0.99961200
v 0.40055196 0.32540374 -0.99911182
v 0.32028835 0.27306695 -0.99975082
v 0.36360643 0.34072346 -0.99935303
v 0.17367935 0.25206106 -0.99995268
v 0.24888763 0.30242500 -0.99983280
v 0.20854833 0.23788074 -0.99995608
v 0.17525577 0.29140948 -0.99989308
v 0.24632124 0.26267738 -0.99990800
v 0.21284570 0.31709214 -0.99981500
v 0.98996509 0.61183207 -0.42933881
v 0.98709309 0.61005708 -0.53495058
v 0.99277632 0.57104941 -0.44618119
v 0.98392288 0.66059097 -0.46076086
v 0.95837223 0.59230661 -0.75279286
v 0.97880683 0.60493589 -0.64439857
v 0.99565469 0.49014036 -0.47798130
v 0.98947292 0.56769033 -0.55122395
v 0.99458886 0.53037914 -0.46237139
v 0.99158065 0.56967274 -0.49817644
v 0.96119390 0.75868446 -0.52389499
v 0.97956707 0.65955092 -0.56969357
v 0.97472969 0.70997719 -0.49257882
v 0.98231036 0.66039970 -0.51473018
v 0.66043027 0.40816836 -0.98483632
v 0.75766986 0.46826572 -0.96354770
v 0.70076207 0.38933387 -0.97856677
v 0.66059097 0.46076086 -0.98392288
v 0.91632811 0.56632192 -0.84920255
v 0.84730529 0.52366347 -0.92075496
v 0.77831101 0.34808573 -0.95859961
v 0.79590174 0.44630146 -0.95060569
v 0.74030450 0.36930914 -0.96997643
v 0.74909533 0.41823757 -0.96706299
v 0.65955092 0.56969357 -0.97956707
v 0.75868446 0.52389499 -0.96119390
v 0.66039970 0.51473018 -0.98231036
v 0.70997719 0.49257882 -0.97472969
v 0.99573642 0.33254841 -0.53691819
v 0.99041912 0.40017176 -0.61098060
v 0.99613086 0.37125737 -0.52260755
v 0.99279228 0.32444537 -0.58794844
v 0.95760063 0.54535626 -0.76637233
v 0.97936152 0.47184782 -0.68856532
v 0.97105529 0.55421404 -0.71409541
v 0.99618254 0.44982803 -0.49325695
v 0.99105212 0.44121696 -0.59666834
v 0.99630326 0.41039669 -0.50806127
v 0.99401670 0.48690267 -0.52951322
v 0.99407863 0.40566531 -0.55911529
v 0.98070063 0.30568162 -0.69171237
v 0.98452799 0.39196352 -0.66397768
v 0.98805211 0.31556539 -0.63980256
v 0.98938303 0.35778091 -0.62557991
v 0.98587836 0.56473637 -0.60564965
v 0.98657903 0.47834234 -0.63553481
v 0.98008913 0.56045474 -0.66003806
v 0.99074310 0.52531854 -0.56708215
v 0.98017519 0.51596487 -0.67470734
v 0.99120023 0.48306624 -0.58220087
v 0.83977519 0.91594253 -0.62355049
v 0.89695220 0.84504602 -0.69746390
v 0.88122228 0.88571153 -0.60477204
v 0.82529924 0.91423849 -0.68139252
v 0.94010993 0.63820900 -0.78944922
v 0.92897819 0.74864813 -0.75224634
v 0.95649426 0.64778388 -0.73707325
v 0.94164639 0.80586533 -0.55415568
v 0.92797152 0.80435119 -0.67019317
v 0.91531148 0.84856670 -0.58134455
v 0.95734350 0.75931370 -0.58106652
v 0.90769486 0.84813144 -0.63966653
v 0.78400957 0.89762361 -0.79086441
v 0.88011609 0.83942645 -0.75510156
v 0.80701357 0.90854738 -0.73780752
v 0.85596959 0.88062358 -0.72084188
v 0.97496019 0.65761527 -0.62614694
v 0.94243729 0.75491620 -0.69657174
v 0.96768831 0.65395771 -0.68202995
v 0.96815794 0.70939994 -0.60496726
v 0.95152910 0.70246272 -0.71853851
v 0.95142476 0.75833921 -0.63900577
v 0.90322607 0.25022704 -0.87757582
v 0.91664357 0.34214111 -0.86022170
v 0.87736305 0.27626286 -0.90335494
v 0.93174157 0.26683326 -0.83761075
v 0.93768182 0.53267620 -0.81701690
v 0.92849965 0.43633072 -0.84041734
v 0.91175012 0.51654348 -0.86070150
v 0.95501330 0.49810637 -0.78049038
v 0.81455856 0.32523643 -0.94378710
v 0.89256801 0.37004132 -0.88844227
v 0.84762774 0.30137945 -0.92548537
v 0.82324850 0.37341678 -0.93911550
v 0.88513068 0.32285238 -0.89615961
v 0.96956436 0.29437587 -0.74327792
v 0.94245183 0.35782080 -0.81689471
v 0.95365103 0.28154417 -0.79226314
v 0.97265059 0.33831596 -0.73035632
v 0.93726877 0.31216953 -0.82752937
v 0.84001323 0.47284420 -0.92771052
v 0.89961185 0.41848266 -0.88004974
v 0.87893851 0.49644489 -0.89788077
v 0.83178791 0.42268751 -0.93382189
v 0.90606978 0.46713465 -0.87089093
v 0.86422630 0.39716079 -0.91306220
v 0.97760025 0.42734736 -0.70328652
v 0.94724124 0.40447188 -0.80554913
v 0.96805654 0.46271358 -0.74221437
v 0.97535464 0.38269715 -0.71704082
v 0.95147764 0.45103132 -0.79349008
v 0.96171996 0.37144139 -0.76860293
v 0.63820900 0.78944922 -0.94010993
v 0.74864813 0.75224634 -0.92897819
v 0.64778388 0.73707325 -0.95649426
v 0.68139252 0.82529924 -0.91423849
v 0.91594253 0.62355049 -0.83977519
v 0.84504602 0.69746390 -0.89695220
v 0.88571153 0.60477204 -0.88122228
v 0.91423849 0.68139252 -0.82529924
v 0.65761527 0.62614694 -0.97496019
v 0.75491620 0.69657174 -0.94243729
v 0.65395771 0.68202995 -0.96768831
v 0.70939994 0.60496726 -0.96815794
v 0.70246272 0.71853851 -0.95152910
v 0.75510156 0.88011609 -0.83942645
v 0.79086441 0.78400957 -0.89762361
v 0.72084188 0.85596959 -0.88062358
v 0.80929813 0.85747530 -0.82770017
v 0.73780752 0.80701357 -0.90854738
v 0.80586533 0.55415568 -0.94164639
v 0.80435119 0.67019317 -0.92797152
v 0.84856670 0.58134455 -0.91531148
v 0.75931370 0.58106652 -0.95734350
v 0.84813144 0.63966653 -0.90769486
v 0.75833921 0.63900577 -0.95142476
v 0.89762361 0.79086441 -0.78400957
v 0.83942645 0.75510156 -0.88011609
v 0.90854738 0.73780752 -0.80701357
v 0.85747530 0.82770017 -0.80929813
v 0.88062358 0.72084188 -0.85596959
v 0.82770017 0.80929813 -0.85747530
v 0.61234476 -0.32849318 -0.99079464
v 0.61245729 -0.23172555 -0.99097671
v 0.65204761 -0.31022913 -0.98660127
v 0.56569949 -0.30078830 -0.99433479
v 0.61247309 -0.04577270 -0.99100228
v 0.61247239 -0.13788586 -0.99100115
v 0.73040003 -0.27085020 -0.97285154
v 0.65145702 -0.21261511 -0.98681792
v 0.69159802 -0.29102413 -0.98075885
v 0.65173987 -0.26095807 -0.98674261
v 0.47669518 -0.24780808 -0.99799573
v 0.56654733 -0.20639799 -0.99439779
v 0.52037843 -0.27382981 -0.99659130
v 0.56617292 -0.25314314 -0.99438837
v 0.61234476 0.32849318 -0.99079464
v 0.61245729 0.23172555 -0.99097671
v 0.65204761 0.31022913 -0.98660127
v 0.56569949 0.30078830 -0.99433479
v 0.61247309 0.04577270 -0.99100228
v 0.61247239 0.13788586 -0.99100115
v 0.73040003 0.27085020 -0.97285154
v 0.65145702 0.21261511 -0.98681792
v 0.69159802 0.29102413 -0.98075885
v 0.65173987 0.26095807 -0.98674261
v 0.47669518 0.24780808 -0.99799573
v 0.56654733 0.20639799 -0.99439779
v 0.52037843 0.27382981 -0.99659130
v 0.56617292 0.25314314 -0.99438837
v 0.86803958 -0.17922801 -0.91114515
v 0.80213804 -0.12649246 -0.94968274
v 0.83773162 -0.20359661 -0.93173934
v 0.86819042 -0.12769318 -0.91103433
v 0.65088145 -0.02406380 -0.98690636
v 0.72793869 -0.07422410 -0.97350813
v 0.65094099 -0.07059132 -0.98689891
v 0.76846842 -0.24941143 -0.96224635
v 0.76662426 -0.14936403 -0.96288719
v 0.80428417 -0.22705609 -0.94872285
v 0.72976718 -0.22072170 -0.97305547
v 0.80318457 -0.17643670 -0.94922520
v 0.86833592 -0.02561776 -0.91092104
v 0.80248913 -0.07591455 -0.94953243
v 0.86828757 -0.07648535 -0.91095903
v 0.83672207 -0.10180815 -0.93234638
v 0.65123668 -0.16454895 -0.98685844
v 0.72829498 -0.12239528 -0.97342411
v 0.65105803 -0.11742357 -0.98688385
v 0.69044088 -0.19233234 -0.98106182
v 0.68973293 -0.09618311 -0.98119283
v 0.72906241 -0.17123201 -0.97323947
v 0.31550870 -0.15121120 -0.99983353
v 0.39579778 -0.11091969 -0.99935791
v 0.35376557 -0.17422251 -0.99966837
v 0.31531117 -0.10774837 -0.99983588
v 0.56722664 -0.02366395 -0.99437013
v 0.47952424 -0.06862550 -0.99796330
v 0.56715739 -0.06872423 -0.99437430
v 0.43402178 -0.22230683 -0.99886257
v 0.43614259 -0.13370389 -0.99884859
v 0.39328875 -0.19793512 -0.99937223
v 0.47745435 -0.20216649 -0.99800427
v 0.39458201 -0.15414778 -0.99936773
v 0.31511585 -0.02167184 -0.99983675
v 0.39538388 -0.06661635 -0.99936223
v 0.31518113 -0.06454540 -0.99983654
v 0.35500728 -0.08741044 -0.99966601
v 0.56681077 -0.15971945 -0.99439236
v 0.47912276 -0.11251825 -0.99797324
v 0.56702198 -0.11410450 -0.99438211
v 0.52179426 -0.18130661 -0.99660142
v 0.52260334 -0.09098277 -0.99657539
v 0.47825900 -0.15704573 -0.99799299
v 0.86803958 0.17922801 -0.91114515
v 0.80213804 0.12649246 -0.94968274
v 0.83773162 0.20359661 -0.93173934
v 0.86819042 0.12769318 -0.91103433
v 0.65088145 0.02406380 -0.98690636
v 0.72793869 0.07422410 -0.97350813
v 0.65094099 0.07059132 -0.98689891
v 0.68949426 0.00000000 -0.98123390
v 0.76846842 0.24941143 -0.96224635
v 0.76662426 0.14936403 -0.96288719
v 0.80428417 0.22705609 -0.94872285
v 0.72976718 0.22072170 -0.97305547
v 0.80318457 0.17643670 -0.94922520
v 0.86833592 0.02561776 -0.91092104
v 0.80248913 0.07591455 -0.94953243
v 0.86828757 0.07648535 -0.91095903
v 0.83693782 0.00000000 -0.93222092
v 0.83672207 0.10180815 -0.93234638
v 0.65123668 0.16454895 -0.98685844
v 0.72829498 0.12239528 -0.97342411
v 0.65105803 0.11742357 -0.98688385
v 0.69044088 0.19233234 -0.98106182
v 0.68973293 0.09618311 -0.98119283
v 0.72906241 0.17123201 -0.97323947
v 0.76570240 -0.05000318 -0.96318322
v 0.76570240 0.05000318 -0.96318322
v 0.72800182 -0.02474337 -0.97349340
v 0.80243010 -0.02530676 -0.94955791
v 0.72800182 0.02474337 -0.97349340
v 0.80243010 0.02530676 -0.94955791
v 0.31550870 0.15121120 -0.99983353
v 0.39579778 0.11091969 -0.99935791
v 0.35376557 0.17422251 -0.99966837
v 0.31531117 0.10774837 -0.99983588
v 0.56722664 0.02366395 -0.99437013
v 0.47952424 0.06862550 -0.99796330
v 0.56715739 0.06872423 -0.99437430
v 0.52287477 0.00000000 -0.99656471
v 0.43402178 0.22230683 -0.99886257
v 0.43614259 0.13370389 -0.99884859
v 0.39328875 0.19793512 -0.99937223
v 0.47745435 0.20216649 -0.99800427
v 0.39458201 0.15414778 -0.99936773
v 0.31511585 0.02167184 -0.99983675
v 0.39538388 0.06661635 -0.99936223
v 0.31518113 0.06454540 -0.99983654
v 0.35473937 0.00000000 -0.99966760
v 0.35500728 0.08741044 -0.99966601
v 0.56681077 0.15971945 -0.99439236
v 0.47912276 0.11251825 -0.99797324
v 0.56702198 0.11410450 -0.99438211
v 0.52179426 0.18130661 -0.99660142
v 0.52260334 0.09098277 -0.99657539
v 0.47825900 0.15704573 -0.99799299
v 0.43718328 -0.04495580 -0.99883293
v 0.43718328 0.04495580 -0.99883293
v 0.47945138 -0.02288647 -0.99796518
v 0.39545397 -0.02221854 -0.99936156
v 0.47945138 0.02288647 -0.99796518
v 0.39545397 0.02221854 -0.99936156
v 0.64896143 0.98714403 0.02402475
v 0.72223597 0.97481101 0.07402170
v 0.63501960 0.98876007 0.06265551
v 0.68565184 0.98188198 0.00000000
v 0.85754038 0.91896991 0.17897383
v 0.79328317 0.95335022 0.12612858
v 0.60722839 0.99146338 0.13927886
v 0.70856577 0.97770020 0.11384399
v 0.62110677 0.99019399 0.10110655
v 0.67179994 0.98405675 0.08794697
v 0.75829172 0.96546640 -0.04985500
v 0.75829172 0.96546640 0.04985500
v 0.72229604 0.97479763 -0.02467313
v 0.72229604 0.97479763 0.02467313
v 0.98633111 0.65234976 0.36041071
v 0.97246982 0.73142393 0.32164032
v 0.91009606 0.86932830 0.23041644
v 0.94814976 0.80542451 0.27834399
v 0.55140944 0.99515307 0.29220507
v 0.65367496 0.98647880 0.27366696
v 0.56543368 0.99443154 0.25399357
v 0.84718080 0.92592706 0.22197644
v 0.75540238 0.96627058 0.25086804
v 0.81515197 0.94375365 0.19485929
v 0.59328988 0.99259023 0.17778742
v 0.66740990 0.98466679 0.23384774
v 0.57939249 0.99357585 0.21582069
v 0.64402029 0.98773473 0.16623424
v 0.61622388 0.99062137 0.24435622
v 0.74534223 0.96913858 0.14069004
v 0.71874458 0.97555695 0.22215183
v 0.78093819 0.95802560 0.16762365
v 0.69506352 0.98025547 0.15389682
v 0.76830806 0.96233007 0.20924742
v 0.68134277 0.98257539 0.19393815
v 0.88554336 0.89609407 -0.15317579
v 0.88554527 0.89609599 -0.05083688
v 0.85768957 0.91887154 -0.12750400
v 0.88554336 0.89609407 0.15317579
v 0.88554527 0.89609599 0.05083688
v 0.85768957 0.91887154 0.12750400
v 0.79362160 0.95321584 -0.07567908
v 0.85783357 0.91877052 -0.02556416
v 0.82679918 0.93787170 -0.10155496
v 0.79356477 0.95323861 -0.02522537
v 0.85778573 0.91880441 -0.07636883
v 0.79362160 0.95321584 0.07567908
v 0.85783357 0.91877052 0.02556416
v 0.82679918 0.93787170 0.10155496
v 0.79356477 0.95323861 0.02522537
v 0.85778573 0.91880441 0.07636883
v 0.82700949 0.93775987 0.00000000
v 0.99217851 0.03814282 0.59863078
v 0.99413495 0.11352352 0.57104706
v 0.99678696 0.26290536 0.51562731
v 0.99565222 0.18823254 0.54344848
v 0.99341639 0.57201828 0.39547355
v 0.99657061 0.49250578 0.42779405
v 0.99750290 0.33816089 0.48732473
v 0.99759724 0.41456077 0.45820088
v 0.42933881 0.98996509 0.61183207
v 0.53495058 0.98709309 0.61005708
v 0.44618119 0.99277632 0.57104941
v 0.75279286 0.95837223 0.59230661
v 0.64439857 0.97880683 0.60493589
v 0.47798130 0.99565469 0.49014036
v 0.55122395 0.98947292 0.56769033
v 0.46237139 0.99458886 0.53037914
v 0.49817644 0.99158065 0.56967274
v 0.98483632 0.66043027 0.40816836
v 0.96354770 0.75766986 0.46826572
v 0.97856677 0.70076207 0.38933387
v 0.84920255 0.91632811 0.56632192
v 0.92075496 0.84730529 0.52366347
v 0.95859961 0.77831101 0.34808573
v 0.95060569 0.79590174 0.44630146
v 0.96997643 0.74030450 0.36930914
v 0.96706299 0.74909533 0.41823757
v 0.53691819 0.99573642 0.33254841
v 0.61098060 0.99041912 0.40017176
v 0.52260755 0.99613086 0.37125737
v 0.58794844 0.99279228 0.32444537
v 0.76637233 0.95760063 0.54535626
v 0.68856532 0.97936152 0.47184782
v 0.71409541 0.97105529 0.55421404
v 0.49325695 0.99618254 0.44982803
v 0.59666834 0.99105212 0.44121696
v 0.50806127 0.99630326 0.41039669
v 0.52951322 0.99401670 0.48690267
v 0.55911529 0.99407863 0.40566531
v 0.69171237 0.98070063 0.30568162
v 0.66397768 0.98452799 0.39196352
v 0.63980256 0.98805211 0.31556539
v 0.62557991 0.98938303 0.35778091
v 0.60564965 0.98587836 0.56473637
v 0.63553481 0.98657903 0.47834234
v 0.66003806 0.98008913 0.56045474
v 0.56708215 0.99074310 0.52531854
v 0.67470734 0.98017519 0.51596487
v 0.58220087 0.99120023 0.48306624
v 0.87757582 0.90322607 0.25022704
v 0.86022170 0.91664357 0.34214111
v 0.90335494 0.87736305 0.27626286
v 0.83761075 0.93174157 0.26683326
v 0.81701690 0.93768182 0.53267620
v 0.84041734 0.92849965 0.43633072
v 0.86070150 0.91175012 0.51654348
v 0.78049038 0.95501330 0.49810637
v 0.94378710 0.81455856 0.32523643
v 0.88844227 0.89256801 0.37004132
v 0.92548537 0.84762774 0.30137945
v 0.93911550 0.82324850 0.37341678
v 0.89615961 0.88513068 0.32285238
v 0.74327792 0.96956436 0.29437587
v 0.81689471 0.94245183 0.35782080
v 0.79226314 0.95365103 0.28154417
v 0.73035632 0.97265059 0.33831596
v 0.82752937 0.93726877 0.31216953
v 0.92771052 0.84001323 0.47284420
v 0.88004974 0.89961185 0.41848266
v 0.89788077 0.87893851 0.49644489
v 0.93382189 0.83178791 0.42268751
v 0.87089093 0.90606978 0.46713465
v 0.91306220 0.86422630 0.39716079
v 0.70328652 0.97760025 0.42734736
v 0.80554913 0.94724124 0.40447188
v 0.74221437 0.96805654 0.46271358
v 0.71704082 0.97535464 0.38269715
v 0.79349008 0.95147764 0.45103132
v 0.76860293 0.96171996 0.37144139
v 0.99079464 0.61234476 -0.32849318
v 0.99097671 0.61245729 -0.23172555
v 0.98660127 0.65204761 -0.31022913
v 0.99100228 0.61247309 -0.04577270
v 0.99100115 0.61247239 -0.13788586
v 0.97285154 0.73040003 -0.27085020
v 0.98681792 0.65145702 -0.21261511
v 0.98075885 0.69159802 -0.29102413
v 0.98674261 0.65173987 -0.26095807
v 0.99079464 0.61234476 0.32849318
v 0.99097671 0.61245729 0.23172555
v 0.98660127 0.65204761 0.31022913
v 0.99100228 0.61247309 0.04577270
v 0.99100115 0.61247239 0.13788586
v 0.97285154 0.73040003 0.27085020
v 0.98681792 0.65145702 0.21261511
v 0.98075885 0.69159802 0.29102413
v 0.98674261 0.65173987 0.26095807
v 0.91114515 0.86803958 -0.17922801
v 0.94968274 0.80213804 -0.12649246
v 0.93173934 0.83773162 -0.20359661
v 0.91103433 0.86819042 -0.12769318
v 0.98690636 0.65088145 -0.02406380
v 0.97350813 0.72793869 -0.07422410
v 0.98689891 0.65094099 -0.07059132
v 0.96224635 0.76846842 -0.24941143
v 0.96288719 0.76662426 -0.14936403
v 0.94872285 0.80428417 -0.22705609
v 0.97305547 0.72976718 -0.22072170
v 0.94922520 0.80318457 -0.17643670
v 0.91092104 0.86833592 -0.02561776
v 0.94953243 0.80248913 -0.07591455
v 0.91095903 0.86828757 -0.07648535
v 0.93234638 0.83672207 -0.10180815
v 0.98685844 0.65123668 -0.16454895
v 0.97342411 0.72829498 -0.12239528
v 0.98688385 0.65105803 -0.11742357
v 0.98106182 0.69044088 -0.19233234
v 0.98119283 0.68973293 -0.09618311
v 0.97323947 0.72906241 -0.17123201
v 0.91114515 0.86803958 0.17922801
v 0.94968274 0.80213804 0.12649246
v 0.93173934 0.83773162 0.20359661
v 0.91103433 0.86819042 0.12769318
v 0.98690636 0.65088145 0.02406380
v 0.97350813 0.72793869 0.07422410
v 0.98689891 0.65094099 0.07059132
v 0.98123390 0.68949426 0.00000000
v 0.96224635 0.76846842 0.24941143
v 0.96288719 0.76662426 0.14936403
v 0.94872285 0.80428417 0.22705609
v 0.97305547 0.72976718 0.22072170
v 0.94922520 0.80318457 0.17643670
v 0.91092104 0.86833592 0.02561776
v 0.94953243 0.80248913 0.07591455
v 0.91095903 0.86828757 0.07648535
v 0.93222092 0.83693782 0.00000000
v 0.93234638 0.83672207 0.10180815
v 0.98685844 0.65123668 0.16454895
v 0.97342411 0.72829498 0.12239528
v 0.98688385 0.65105803 0.11742357
v 0.98106182 0.69044088 0.19233234
v 0.98119283 0.68973293 0.09618311
v 0.97323947 0.72906241 0.17123201
v 0.96318322 0.76570240 -0.05000318
v 0.96318322 0.76570240 0.05000318
v 0.97349340 0.72800182 -0.02474337
v 0.94955791 0.80243010 -0.02530676
v 0.97349340 0.72800182 0.02474337
v 0.94955791 0.80243010 0.02530676
v 0.64896143 -0.98714403 0.02402475
v 0.72223597 -0.97481101 0.07402170
v 0.63501960 -0.98876007 0.06265551
v 0.68565184 -0.98188198 0.00000000
v 0.85754038 -0.91896991 0.17897383
v 0.79328317 -0.95335022 0.12612858
v 0.60722839 -0.99146338 0.13927886
v 0.70856577 -0.97770020 0.11384399
v 0.62110677 -0.99019399 0.10110655
v 0.67179994 -0.98405675 0.08794697
v 0.75829172 -0.96546640 -0.04985500
v 0.75829172 -0.96546640 0.04985500
v 0.72229604 -0.97479763 -0.02467313
v 0.72229604 -0.97479763 0.02467313
v 0.98633111 -0.65234976 0.36041071
v 0.97246982 -0.73142393 0.32164032
v 0.91009606 -0.86932830 0.23041644
v 0.94814976 -0.80542451 0.27834399
v 0.55140944 -0.99515307 0.29220507
v 0.65367496 -0.98647880 0.27366696
v 0.56543368 -0.99443154 0.25399357
v 0.84718080 -0.92592706 0.22197644
v 0.75540238 -0.96627058 0.25086804
v 0.81515197 -0.94375365 0.19485929
v 0.59328988 -0.99259023 0.17778742
v 0.66740990 -0.98466679 0.23384774
v 0.57939249 -0.99357585 0.21582069
v 0.64402029 -0.98773473 0.16623424
v 0.61622388 -0.99062137 0.24435622
v 0.74534223 -0.96913858 0.14069004
v 0.71874458 -0.97555695 0.22215183
v 0.78093819 -0.95802560 0.16762365
v 0.69506352 -0.98025547 0.15389682
v 0.76830806 -0.96233007 0.20924742
v 0.68134277 -0.98257539 0.19393815
v 0.88554336 -0.89609407 -0.15317579
v 0.88554527 -0.89609599 -0.05083688
v 0.85768957 -0.91887154 -0.12750400
v 0.88554336 -0.89609407 0.15317579
v 0.88554527 -0.89609599 0.05083688
v 0.85768957 -0.91887154 0.12750400
v 0.79362160 -0.95321584 -0.07567908
v 0.85783357 -0.91877052 -0.02556416
v 0.82679918 -0.93787170 -0.10155496
v 0.79356477 -0.95323861 -0.02522537
v 0.85778573 -0.91880441 -0.07636883
v 0.79362160 -0.95321584 0.07567908
v 0.85783357 -0.91877052 0.02556416
v 0.82679918 -0.93787170 0.10155496
v 0.79356477 -0.95323861 0.02522537
v 0.85778573 -0.91880441 0.07636883
v 0.82700949 -0.93775987 0.00000000
v 0.99217851 -0.03814282 0.59863078
v 0.99413495 -0.11352352 0.57104706
v 0.99678696 -0.26290536 0.51562731
v 0.99565222 -0.18823254 0.54344848
v 0.99341639 -0.57201828 0.39547355
v 0.99657061 -0.49250578 0.42779405
v 0.99750290 -0.33816089 0.48732473
v 0.99759724 -0.41456077 0.45820088
v 0.42933881 -0.98996509 0.61183207
v 0.53495058 -0.98709309 0.61005708
v 0.44618119 -0.99277632 0.57104941
v 0.75279286 -0.95837223 0.59230661
v 0.64439857 -0.97880683 0.60493589
v 0.47798130 -0.99565469 0.49014036
v 0.55122395 -0.98947292 0.56769033
v 0.46237139 -0.99458886 0.53037914
v 0.49817644 -0.99158065 0.56967274
v 0.98483632 -0.66043027 0.40816836
v 0.96354770 -0.75766986 0.46826572
v 0.97856677 -0.70076207 0.38933387
v 0.84920255 -0.91632811 0.56632192
v 0.92075496 -0.84730529 0.52366347
v 0.95859961 -0.77831101 0.34808573
v 0.95060569 -0.79590174 0.44630146
v 0.96997643 -0.74030450 0.36930914
v 0.96706299 -0.74909533 0.41823757
v 0.53691819 -0.99573642 0.33254841
v 0.61098060 -0.99041912 0.40017176
v 0.52260755 -0.99613086 0.37125737
v 0.58794844 -0.99279228 0.32444537
v 0.76637233 -0.95760063 0.54535626
v 0.68856532 -0.97936152 0.47184782
v 0.71409541 -0.97105529 0.55421404
v 0.49325695 -0.99618254 0.44982803
v 0.59666834 -0.99105212 0.44121696
v 0.50806127 -0.99630326 0.41039669
v 0.52951322 -0.99401670 0.48690267
v 0.55911529 -0.99407863 0.40566531
v 0.69171237 -0.98070063 0.30568162
v 0.66397768 -0.98452799 0.39196352
v 0.63980256 -0.98805211 0.31556539
v 0.62557991 -0.98938303 0.35778091
v 0.60564965 -0.98587836 0.56473637
v 0.63553481 -0.98657903 0.47834234
v 0.66003806 -0.98008913 0.56045474
v 0.56708215 -0.99074310 0.52531854
v 0.67470734 -0.98017519 0.51596487
v 0.58220087 -0.99120023 0.48306624
v 0.87757582 -0.90322607 0.25022704
v 0.86022170 -0.91664357 0.34214111
v 0.90335494 -0.87736305 0.27626286
v 0.83761075 -0.93174157 0.26683326
v 0.81701690 -0.93768182 0.53267620
v 0.84041734 -0.92849965 0.43633072
v 0.86070150 -0.91175012 0.51654348
v 0.78049038 -0.95501330 0.49810637
v 0.94378710 -0.81455856 0.32523643
v 0.88844227 -0.89256801 0.37004132
v 0.92548537 -0.84762774 0.30137945
v 0.93911550 -0.82324850 0.37341678
v 0.89615961 -0.88513068 0.32285238
v 0.74327792 -0.96956436 0.29437587
v 0.81689471 -0.94245183 0.35782080
v 0.79226314 -0.95365103 0.28154417
v 0.73035632 -0.97265059 0.33831596
v 0.82752937 -0.93726877 0.31216953
v 0.92771052 -0.84001323 0.47284420
v 0.88004974 -0.89961185 0.41848266
v 0.89788077 -0.87893851 0.49644489
v 0.93382189 -0.83178791 0.42268751
v 0.87089093 -0.90606978 0.46713465
v 0.91306220 -0.86422630 0.39716079
v 0.70328652 -0.97760025 0.42734736
v 0.80554913 -0.94724124 0.40447188
v 0.74221437 -0.96805654 0.46271358
v 0.71704082 -0.97535464 0.38269715
v 0.79349008 -0.95147764 0.45103132
v 0.76860293 -0.96171996 0.37144139
v 0.99079464 -0.61234476 -0.32849318
v 0.99097671 -0.61245729 -0.23172555
v 0.98660127 -0.65204761 -0.31022913
v 0.99100228 -0.61247309 -0.04577270
v 0.99100115 -0.61247239 -0.13788586
v 0.97285154 -0.73040003 -0.27085020
v 0.98681792 -0.65145702 -0.21261511
v 0.98075885 -0.69159802 -0.29102413
v 0.98674261 -0.65173987 -0.26095807
v 0.99079464 -0.61234476 0.32849318
v 0.99097671 -0.61245729 0.23172555
v 0.98660127 -0.65204761 0.31022913
v 0.99100228 -0.61247309 0.04577270
v 0.99100115 -0.61247239 0.13788586
v 0.97285154 -0.73040003 0.27085020
v 0.98681792 -0.65145702 0.21261511
v 0.98075885 -0.69159802 0.29102413
v 0.98674261 -0.65173987 0.26095807
v 0.91114515 -0.86803958 -0.17922801
v 0.94968274 -0.80213804 -0.12649246
v 0.93173934 -0.83773162 -0.20359661
v 0.91103433 -0.86819042 -0.12769318
v 0.98690636 -0.65088145 -0.02406380
v 0.97350813 -0.72793869 -0.07422410
v 0.98689891 -0.65094099 -0.07059132
v 0.96224635 -0.76846842 -0.24941143
v 0.96288719 -0.76662426 -0.14936403
v 0.94872285 -0.80428417 -0.22705609
v 0.97305547 -0.72976718 -0.22072170
v 0.94922520 -0.80318457 -0.17643670
v 0.91092104 -0.86833592 -0.02561776
v 0.94953243 -0.80248913 -0.07591455
v 0.91095903 -0.86828757 -0.07648535
v 0.93234638 -0.83672207 -0.10180815
v 0.98685844 -0.65123668 -0.16454895
v 0.97342411 -0.72829498 -0.12239528
v 0.98688385 -0.65105803 -0.11742357
v 0.98106182 -0.69044088 -0.19233234
v 0.98119283 -0.68973293 -0.09618311
v 0.97323947 -0.72906241 -0.17123201
v 0.91114515 -0.86803958 0.17922801
v 0.94968274 -0.80213804 0.12649246
v 0.93173934 -0.83773162 0.20359661
v 0.91103433 -0.86819042 0.12769318
v 0.98690636 -0.65088145 0.02406380
v 0.97350813 -0.72793869 0.07422410
v 0.98689891 -0.65094099 0.07059132
v 0.98123390 -0.68949426 0.00000000
v 0.96224635 -0.76846842 0.24941143
v 0.96288719 -0.76662426 0.14936403
v 0.94872285 -0.80428417 0.22705609
v 0.97305547 -0.72976718 0.22072170
v 0.94922520 -0.80318457 0.17643670
v 0.91092104 -0.86833592 0.02561776
v 0.94953243 -0.80248913 0.07591455
v 0.91095903 -0.86828757 0.07648535
v 0.93222092 -0.83693782 0.00000000
v 0.93234638 -0.83672207 0.10180815
v 0.98685844 -0.65123668 0.16454895
v 0.97342411 -0.72829498 0.12239528
v 0.98688385 -0.65105803 0.11742357
v 0.98106182 -0.69044088 0.19233234
v 0.98119283 -0.68973293 0.09618311
v 0.97323947 -0.72906241 0.17123201
v 0.96318322 -0.76570240 -0.05000318
v 0.96318322 -0.76570240 0.05000318
v 0.97349340 -0.72800182 -0.02474337
v 0.94955791 -0.80243010 -0.02530676
v 0.97349340 -0.72800182 0.02474337
v 0.94955791 -0.80243010 0.02530676
v 0.03814282 -0.59863078 0.99217851
v 0.11352352 -0.57104706 0.99413495
v 0.06265551 -0.63501960 0.98876007
v 0.03750297 -0.55432757 0.99510491
v 0.26290536 -0.51562731 0.99678696
v 0.18823254 -0.54344848 0.99565222
v 0.11384399 -0.70856577 0.97770020
v 0.13927886 -0.60722839 0.99146338
v 0.08794697 -0.67179994 0.98405675
v 0.10110655 -0.62110677 0.99019399
v 0.03633924 -0.46860067 0.99822748
v 0.11167419 -0.52703700 0.99639548
v 0.03690912 -0.51088751 0.99701433
v 0.07475059 -0.54066247 0.99579297
v 0.57201828 -0.39547355 0.99341639
v 0.49250578 -0.42779405 0.99657061
v 0.33816089 -0.48732473 0.99750290
v 0.41456077 -0.45820088 0.99759724
v 0.22197644 -0.84718080 0.92592706
v 0.25086804 -0.75540238 0.96627058
v 0.19485929 -0.81515197 0.94375365
v 0.29220507 -0.55140944 0.99515307
v 0.27366696 -0.65367496 0.98647880
v 0.25399357 -0.56543368 0.99443154
v 0.14069004 -0.74534223 0.96913858
v 0.22215183 -0.71874458 0.97555695
v 0.16762365 -0.78093819 0.95802560
v 0.15389682 -0.69506352 0.98025547
v 0.20924742 -0.76830806 0.96233007
v 0.17778742 -0.59328988 0.99259023
v 0.23384774 -0.66740990 0.98466679
v 0.21582069 -0.57939249 0.99357585
v 0.16623424 -0.64402029 0.98773473
v 0.24435622 -0.61622388 0.99062137
v 0.19393815 -0.68134277 0.98257539
v 0.03460591 -0.30918034 0.99985436
v 0.10565346 -0.36073628 0.99963216
v 0.03498946 -0.34749778 0.99970632
v 0.25890960 -0.47164987 0.99810614
v 0.18003311 -0.41463802 0.99914554
v 0.22218900 -0.48557533 0.99778301
v 0.03588619 -0.42694530 0.99898800
v 0.10697919 -0.40051502 0.99931061
v 0.03540713 -0.38678065 0.99944122
v 0.07251829 -0.45505690 0.99851453
v 0.07064373 -0.37373550 0.99954528
v 0.14879822 -0.51314508 0.99693184
v 0.14449047 -0.42819452 0.99896853
v 0.18546189 -0.49942738 0.99738992
v 0.11015144 -0.48379661 0.99785109
v 0.18272484 -0.45642898 0.99848113
v 0.10858845 -0.44156808 0.99876041
v 0.98714403 -0.02402475 0.64896143
v 0.97481101 -0.07402170 0.72223597
v 0.98876007 -0.06265551 0.63501960
v 0.91896991 -0.17897383 0.85754038
v 0.95335022 -0.12612858 0.79328317
v 0.99146338 -0.13927886 0.60722839
v 0.97770020 -0.11384399 0.70856577
v 0.99019399 -0.10110655 0.62110677
v 0.98405675 -0.08794697 0.67179994
v 0.65234976 -0.36041071 0.98633111
v 0.73142393 -0.32164032 0.97246982
v 0.86932830 -0.23041644 0.91009606
v 0.80542451 -0.27834399 0.94814976
v 0.99515307 -0.29220507 0.55140944
v 0.98647880 -0.27366696 0.65367496
v 0.99443154 -0.25399357 0.56543368
v 0.92592706 -0.22197644 0.84718080
v 0.96627058 -0.25086804 0.75540238
v 0.94375365 -0.19485929 0.81515197
v 0.99259023 -0.17778742 0.59328988
v 0.98466679 -0.23384774 0.66740990
v 0.99357585 -0.21582069 0.57939249
v 0.98773473 -0.16623424 0.64402029
v 0.99062137 -0.24435622 0.61622388
v 0.96913858 -0.14069004 0.74534223
v 0.97555695 -0.22215183 0.71874458
v 0.95802560 -0.16762365 0.78093819
v 0.98025547 -0.15389682 0.69506352
v 0.96233007 -0.20924742 0.76830806
v 0.98257539 -0.19393815 0.68134277
v 0.40816836 -0.98483632 0.66043027
v 0.46826572 -0.96354770 0.75766986
v 0.38933387 -0.97856677 0.70076207
v 0.46076086 -0.98392288 0.66059097
v 0.56632192 -0.84920255 0.91632811
v 0.52366347 -0.92075496 0.84730529
v 0.34808573 -0.95859961 0.77831101
v 0.44630146 -0.95060569 0.79590174
v 0.36930914 -0.96997643 0.74030450
v 0.41823757 -0.96706299 0.74909533
v 0.56969357 -0.97956707 0.65955092
v 0.52389499 -0.96119390 0.75868446
v 0.51473018 -0.98231036 0.66039970
v 0.49257882 -0.97472969 0.70997719
v 0.61183207 -0.42933881 0.98996509
v 0.61005708 -0.53495058 0.98709309
v 0.57104941 -0.44618119 0.99277632
v 0.59230661 -0.75279286 0.95837223
v 0.60493589 -0.64439857 0.97880683
v 0.49014036 -0.47798130 0.99565469
v 0.56769033 -0.55122395 0.98947292
v 0.53037914 -0.46237139 0.99458886
v 0.56967274 -0.49817644 0.99158065
v 0.25022704 -0.87757582 0.90322607
v 0.34214111 -0.86022170 0.91664357
v 0.27626286 -0.90335494 0.87736305
v 0.26683326 -0.83761075 0.93174157
v 0.53267620 -0.81701690 0.93768182
v 0.43633072 -0.84041734 0.92849965
v 0.51654348 -0.86070150 0.91175012
v 0.32523643 -0.94378710 0.81455856
v 0.37004132 -0.88844227 0.89256801
v 0.30137945 -0.92548537 0.84762774
v 0.37341678 -0.93911550 0.82324850
v 0.32285238 -0.89615961 0.88513068
v 0.29437587 -0.74327792 0.96956436
v 0.35782080 -0.81689471 0.94245183
v 0.28154417 -0.79226314 0.95365103
v 0.31216953 -0.82752937 0.93726877
v 0.47284420 -0.92771052 0.84001323
v 0.41848266 -0.88004974 0.89961185
v 0.49644489 -0.89788077 0.87893851
v 0.42268751 -0.93382189 0.83178791
v 0.46713465 -0.87089093 0.90606978
v 0.39716079 -0.91306220 0.86422630
v 0.78944922 -0.94010993 0.63820900
v 0.75224634 -0.92897819 0.74864813
v 0.73707325 -0.95649426 0.64778388
v 0.62355049 -0.83977519 0.91594253
v 0.69746390 -0.89695220 0.84504602
v 0.60477204 -0.88122228 0.88571153
v 0.62614694 -0.97496019 0.65761527
v 0.69657174 -0.94243729 0.75491620
v 0.68202995 -0.96768831 0.65395771
v 0.60496726 -0.96815794 0.70939994
v 0.71853851 -0.95152910 0.70246272
v 0.55415568 -0.94164639 0.80586533
v 0.67019317 -0.92797152 0.80435119
v 0.58134455 -0.91531148 0.84856670
v 0.58106652 -0.95734350 0.75931370
v 0.63966653 -0.90769486 0.84813144
v 0.63900577 -0.95142476 0.75833921
v 0.33254841 -0.53691819 0.99573642
v 0.40017176 -0.61098060 0.99041912
v 0.37125737 -0.52260755 0.99613086
v 0.32444537 -0.58794844 0.99279228
v 0.54535626 -0.76637233 0.95760063
v 0.47184782 -0.68856532 0.97936152
v 0.55421404 -0.71409541 0.97105529
v 0.49810637 -0.78049038 0.95501330
v 0.44982803 -0.49325695 0.99618254
v 0.44121696 -0.59666834 0.99105212
v 0.41039669 -0.50806127 0.99630326
v 0.48690267 -0.52951322 0.99401670
v 0.40566531 -0.55911529 0.99407863
v 0.30568162 -0.69171237 0.98070063
v 0.39196352 -0.66397768 0.98452799
v 0.31556539 -0.63980256 0.98805211
v 0.33831596 -0.73035632 0.97265059
v 0.35778091 -0.62557991 0.98938303
v 0.56473637 -0.60564965 0.98587836
v 0.47834234 -0.63553481 0.98657903
v 0.56045474 -0.66003806 0.98008913
v 0.52531854 -0.56708215 0.99074310
v 0.51596487 -0.67470734 0.98017519
v 0.48306624 -0.58220087 0.99120023
v 0.40447188 -0.80554913 0.94724124
v 0.42734736 -0.70328652 0.97760025
v 0.45103132 -0.79349008 0.95147764
v 0.37144139 -0.76860293 0.96171996
v 0.46271358 -0.74221437 0.96805654
v 0.38269715 -0.71704082 0.97535464
v 0.03342216 -0.02065603 1.00000000
v 0.10068114 -0.06222437 0.99999982
v 0.03346226 -0.05534652 0.99999999
v 0.23990029 -0.14826653 0.99996646
v 0.16920427 -0.10457399 0.99999587
v 0.03365612 -0.12529073 0.99999936
v 0.10093305 -0.09731920 0.99999968
v 0.03353486 -0.09024816 0.99999991
v 0.06710903 -0.07625266 0.99999995
v 0.56508281 -0.34924038 0.99418725
v 0.47541457 -0.29382236 0.99795802
v 0.52574204 -0.36589274 0.99604158
v 0.31376894 -0.19391987 0.99983203
v 0.39190499 -0.24221061 0.99936147
v 0.44815009 -0.39758710 0.99798134
v 0.43792504 -0.30987745 0.99867247
v 0.48669515 -0.38200931 0.99724809
v 0.48099036 -0.33732707 0.99767720
v 0.03451374 -0.26991791 0.99993554
v 0.10312932 -0.24180984 0.99996648
v 0.03422064 -0.23309808 0.99997326
v 0.06931822 -0.29487108 0.99989039
v 0.24117452 -0.18524085 0.99996046
v 0.17178174 -0.21368169 0.99997985
v 0.20527528 -0.16265588 0.99998444
v 0.03377629 -0.16103438 0.99999709
v 0.10236503 -0.20520195 0.99998736
v 0.03398127 -0.19678171 0.99999032
v 0.06756448 -0.14696462 0.99999830
v 0.06835737 -0.21914069 0.99998152
v 0.14109576 -0.34611527 0.99971195
v 0.13861884 -0.26643591 0.99993919
v 0.10484393 -0.32027003 0.99981983
v 0.10400841 -0.28060651 0.99991841
v 0.13538972 -0.11884972 0.99999850
v 0.13672723 -0.19100572 0.99999082
v 0.17001525 -0.14052540 0.99999469
v 0.10145005 -0.13288878 0.99999890
v 0.17086892 -0.17691599 0.99999074
v 0.10192208 -0.16887240 0.99999595
v 0.29736449 -0.45661884 0.99836744
v 0.29118765 -0.37025783 0.99946828
v 0.33445250 -0.44233895 0.99851274
v 0.25645624 -0.42784466 0.99892744
v 0.27924648 -0.20925071 0.99990696
v 0.28512556 -0.28808356 0.99981509
v 0.31698287 -0.23310502 0.99980410
v 0.24375584 -0.22359427 0.99994421
v 0.40963065 -0.41296686 0.99837935
v 0.32718163 -0.35580371 0.99945666
v 0.37190644 -0.42777641 0.99853232
v 0.40509054 -0.36867107 0.99884168
v 0.33078425 -0.39846023 0.99911265
v 0.17861121 -0.37278187 0.99954680
v 0.25140938 -0.34349701 0.99968389
v 0.21687989 -0.39989785 0.99929981
v 0.17689427 -0.33167268 0.99977289
v 0.25395150 -0.38508803 0.99941092
v 0.39602687 -0.28323754 0.99926964
v 0.32369924 -0.31375488 0.99964896
v 0.35590651 -0.25776341 0.99961200
v 0.40055196 -0.32540374 0.99911182
v 0.32028835 -0.27306695 0.99975082
v 0.36360643 -0.34072346 0.99935303
v 0.17367935 -0.25206106 0.99995268
v 0.24888763 -0.30242500 0.99983280
v 0.20854833 -0.23788074 0.99995608
v 0.17525577 -0.29140948 0.99989308
v 0.24632124 -0.26267738 0.99990800
v 0.21284570 -0.31709214 0.99981500
v 0.98996509 -0.61183207 0.42933881
v 0.98709309 -0.61005708 0.53495058
v 0.99277632 -0.57104941 0.44618119
v 0.98392288 -0.66059097 0.46076086
v 0.95837223 -0.59230661 0.75279286
v 0.97880683 -0.60493589 0.64439857
v 0.99565469 -0.49014036 0.47798130
v 0.98947292 -0.56769033 0.55122395
v 0.99458886 -0.53037914 0.46237139
v 0.99158065 -0.56967274 0.49817644
v 0.96119390 -0.75868446 0.52389499
v 0.97956707 -0.65955092 0.56969357
v 0.97472969 -0.70997719 0.49257882
v 0.98231036 -0.66039970 0.51473018
v 0.66043027 -0.40816836 0.98483632
v 0.75766986 -0.46826572 0.96354770
v 0.70076207 -0.38933387 0.97856677
v 0.66059097 -0.46076086 0.98392288
v 0.91632811 -0.56632192 0.84920255
v 0.84730529 -0.52366347 0.92075496
v 0.77831101 -0.34808573 0.95859961
v 0.79590174 -0.44630146 0.95060569
v 0.74030450 -0.36930914 0.96997643
v 0.74909533 -0.41823757 0.96706299
v 0.65955092 -0.56969357 0.97956707
v 0.75868446 -0.52389499 0.96119390
v 0.66039970 -0.51473018 0.98231036
v 0.70997719 -0.49257882 0.97472969
v 0.99573642 -0.33254841 0.53691819
v 0.99041912 -0.40017176 0.61098060
v 0.99613086 -0.37125737 0.52260755
v 0.99279228 -0.32444537 0.58794844
v 0.95760063 -0.54535626 0.76637233
v 0.97936152 -0.47184782 0.68856532
v 0.97105529 -0.55421404 0.71409541
v 0.99618254 -0.44982803 0.49325695
v 0.99105212 -0.44121696 0.59666834
v 0.99630326 -0.41039669 0.50806127
v 0.99401670 -0.48690267 0.52951322
v 0.99407863 -0.40566531 0.55911529
v 0.98070063 -0.30568162 0.69171237
v 0.98452799 -0.39196352 0.66397768
v 0.98805211 -0.31556539 0.63980256
v 0.98938303 -0.35778091 0.62557991
v 0.98587836 -0.56473637 0.60564965
v 0.98657903 -0.47834234 0.63553481
v 0.98008913 -0.56045474 0.66003806
v 0.99074310 -0.52531854 0.56708215
v 0.98017519 -0.51596487 0.67470734
v 0.99120023 -0.48306624 0.58220087
v 0.83977519 -0.91594253 0.62355049
v 0.89695220 -0.84504602 0.69746390
v 0.88122228 -0.88571153 0.60477204
v 0.82529924 -0.91423849 0.68139252
v 0.94010993 -0.63820900 0.78944922
v 0.92897819 -0.74864813 0.75224634
v 0.95649426 -0.64778388 0.73707325
v 0.94164639 -0.80586533 0.55415568
v 0.92797152 -0.80435119 0.67019317
v 0.91531148 -0.84856670 0.58134455
v 0.95734350 -0.75931370 0.58106652
v 0.90769486 -0.84813144 0.63966653
v 0.78400957 -0.89762361 0.79086441
v 0.88011609 -0.83942645 0.75510156
v 0.80701357 -0.90854738 0.73780752
v 0.85596959 -0.88062358 0.72084188
v 0.97496019 -0.65761527 0.62614694
v 0.94243729 -0.75491620 0.69657174
v 0.96768831 -0.65395771 0.68202995
v 0.96815794 -0.70939994 0.60496726
v 0.95152910 -0.70246272 0.71853851
v 0.95142476 -0.75833921 0.63900577
v 0.90322607 -0.25022704 0.87757582
v 0.91664357 -0.34214111 0.86022170
v 0.87736305 -0.27626286 0.90335494
v 0.93174157 -0.26683326 0.83761075
v 0.93768182 -0.53267620 0.81701690
v 0.92849965 -0.43633072 0.84041734
v 0.91175012 -0.51654348 0.86070150
v 0.95501330 -0.49810637 0.78049038
v 0.81455856 -0.32523643 0.94378710
v 0.89256801 -0.37004132 0.88844227
v 0.84762774 -0.30137945 0.92548537
v 0.82324850 -0.37341678 0.93911550
v 0.88513068 -0.32285238 0.89615961
v 0.96956436 -0.29437587 0.74327792
v 0.94245183 -0.35782080 0.81689471
v 0.95365103 -0.28154417 0.79226314
v 0.97265059 -0.33831596 0.73035632
v 0.93726877 -0.31216953 0.82752937
v 0.84001323 -0.47284420 0.92771052
v 0.89961185 -0.41848266 0.88004974
v 0.87893851 -0.49644489 0.89788077
v 0.83178791 -0.42268751 0.93382189
v 0.90606978 -0.46713465 0.87089093
v 0.86422630 -0.39716079 0.91306220
v 0.97760025 -0.42734736 0.70328652
v 0.94724124 -0.40447188 0.80554913
v 0.96805654 -0.46271358 0.74221437
v 0.97535464 -0.38269715 0.71704082
v 0.95147764 -0.45103132 0.79349008
v 0.96171996 -0.37144139 0.76860293
v 0.63820900 -0.78944922 0.94010993
v 0.74864813 -0.75224634 0.92897819
v 0.64778388 -0.73707325 0.95649426
v 0.68139252 -0.82529924 0.91423849
v 0.91594253 -0.62355049 0.83977519
v 0.84504602 -0.69746390 0.89695220
v 0.88571153 -0.60477204 0.88122228
v 0.91423849 -0.68139252 0.82529924
v 0.65761527 -0.62614694 0.97496019
v 0.75491620 -0.69657174 0.94243729
v 0.65395771 -0.68202995 0.96768831
v 0.70939994 -0.60496726 0.96815794
v 0.70246272 -0.71853851 0.95152910
v 0.75510156 -0.88011609 0.83942645
v 0.79086441 -0.78400957 0.89762361
v 0.72084188 -0.85596959 0.88062358
v 0.80929813 -0.85747530 0.82770017
v 0.73780752 -0.80701357 0.90854738
v 0.80586533 -0.55415568 0.94164639
v 0.80435119 -0.67019317 0.92797152
v 0.84856670 -0.58134455 0.91531148
v 0.75931370 -0.58106652 0.95734350
v 0.84813144 -0.63966653 0.90769486
v 0.75833921 -0.63900577 0.95142476
v 0.89762361 -0.79086441 0.78400957
v 0.83942645 -0.75510156 0.88011609
v 0.90854738 -0.73780752 0.80701357
v 0.85747530 -0.82770017 0.80929813
v 0.88062358 -0.72084188 0.85596959
v 0.82770017 -0.80929813 0.85747530
v 0.03814282 0.59863078 0.99217851
v 0.11352352 0.57104706 0.99413495
v 0.06265551 0.63501960 0.98876007
v 0.03750297 0.55432757 0.99510491
v 0.26290536 0.51562731 0.99678696
v 0.18823254 0.54344848 0.99565222
v 0.11384399 0.70856577 0.97770020
v 0.13927886 0.60722839 0.99146338
v 0.08794697 0.67179994 0.98405675
v 0.10110655 0.62110677 0.99019399
v 0.03633924 0.46860067 0.99822748
v 0.11167419 0.52703700 0.99639548
v 0.03690912 0.51088751 0.99701433
v 0.07475059 0.54066247 0.99579297
v 0.57201828 0.39547355 0.99341639
v 0.49250578 0.42779405 0.99657061
v 0.33816089 0.48732473 0.99750290
v 0.41456077 0.45820088 0.99759724
v 0.22197644 0.84718080 0.92592706
v 0.25086804 0.75540238 0.96627058
v 0.19485929 0.81515197 0.94375365
v 0.29220507 0.55140944 0.99515307
v 0.27366696 0.65367496 0.98647880
v 0.25399357 0.56543368 0.99443154
v 0.14069004 0.74534223 0.96913858
v 0.22215183 0.71874458 0.97555695
v 0.16762365 0.78093819 0.95802560
v 0.15389682 0.69506352 0.98025547
v 0.20924742 0.76830806 0.96233007
v 0.17778742 0.59328988 0.99259023
v 0.23384774 0.66740990 0.98466679
v 0.21582069 0.57939249 0.99357585
v 0.16623424 0.64402029 0.98773473
v 0.24435622 0.61622388 0.99062137
v 0.19393815 0.68134277 0.98257539
v 0.03460591 0.30918034 0.99985436
v 0.10565346 0.36073628 0.99963216
v 0.03498946 0.34749778 0.99970632
v 0.25890960 0.47164987 0.99810614
v 0.18003311 0.41463802 0.99914554
v 0.22218900 0.48557533 0.99778301
v 0.03588619 0.42694530 0.99898800
v 0.10697919 0.40051502 0.99931061
v 0.03540713 0.38678065 0.99944122
v 0.07251829 0.45505690 0.99851453
v 0.07064373 0.37373550 0.99954528
v 0.14879822 0.51314508 0.99693184
v 0.14449047 0.42819452 0.99896853
v 0.18546189 0.49942738 0.99738992
v 0.11015144 0.48379661 0.99785109
v 0.18272484 0.45642898 0.99848113
v 0.10858845 0.44156808 0.99876041
v 0.98714403 0.02402475 0.64896143
v 0.97481101 0.07402170 0.72223597
v 0.98876007 0.06265551 0.63501960
v 0.98188198 0.00000000 0.68565184
v 0.91896991 0.17897383 0.85754038
v 0.95335022 0.12612858 0.79328317
v 0.99146338 0.13927886 0.60722839
v 0.97770020 0.11384399 0.70856577
v 0.99019399 0.10110655 0.62110677
v 0.98405675 0.08794697 0.67179994
v 0.96546640 -0.04985500 0.75829172
v 0.96546640 0.04985500 0.75829172
v 0.97479763 -0.02467313 0.72229604
v 0.97479763 0.02467313 0.72229604
v 0.65234976 0.36041071 0.98633111
v 0.73142393 0.32164032 0.97246982
v 0.86932830 0.23041644 0.91009606
v 0.80542451 0.27834399 0.94814976
v 0.99515307 0.29220507 0.55140944
v 0.98647880 0.27366696 0.65367496
v 0.99443154 0.25399357 0.56543368
v 0.92592706 0.22197644 0.84718080
v 0.96627058 0.25086804 0.75540238
v 0.94375365 0.19485929 0.81515197
v 0.99259023 0.17778742 0.59328988
v 0.98466679 0.23384774 0.66740990
v 0.99357585 0.21582069 0.57939249
v 0.98773473 0.16623424 0.64402029
v 0.99062137 0.24435622 0.61622388
v 0.96913858 0.14069004 0.74534223
v 0.97555695 0.22215183 0.71874458
v 0.95802560 0.16762365 0.78093819
v 0.98025547 0.15389682 0.69506352
v 0.96233007 0.20924742 0.76830806
v 0.98257539 0.19393815 0.68134277
v 0.89609407 -0.15317579 0.88554336
v 0.89609599 -0.05083688 0.88554527
v 0.91887154 -0.12750400 0.85768957
v 0.89609407 0.15317579 0.88554336
v 0.89609599 0.05083688 0.88554527
v 0.91887154 0.12750400 0.85768957
v 0.95321584 -0.07567908 0.79362160
v 0.91877052 -0.02556416 0.85783357
v 0.93787170 -0.10155496 0.82679918
v 0.95323861 -0.02522537 0.79356477
v 0.91880441 -0.07636883 0.85778573
v 0.95321584 0.07567908 0.79362160
v 0.91877052 0.02556416 0.85783357
v 0.93787170 0.10155496 0.82679918
v 0.95323861 0.02522537 0.79356477
v 0.91880441 0.07636883 0.85778573
v 0.93775987 0.00000000 0.82700949
v 0.40816836 0.98483632 0.66043027
v 0.46826572 0.96354770 0.75766986
v 0.38933387 0.97856677 0.70076207
v 0.46076086 0.98392288 0.66059097
v 0.56632192 0.84920255 0.91632811
v 0.52366347 0.92075496 0.84730529
v 0.34808573 0.95859961 0.77831101
v 0.44630146 0.95060569 0.79590174
v 0.36930914 0.96997643 0.74030450
v 0.41823757 0.96706299 0.74909533
v 0.56969357 0.97956707 0.65955092
v 0.52389499 0.96119390 0.75868446
v 0.51473018 0.98231036 0.66039970
v 0.49257882 0.97472969 0.70997719
v 0.61183207 0.42933881 0.98996509
v 0.61005708 0.53495058 0.98709309
v 0.57104941 0.44618119 0.99277632
v 0.59230661 0.75279286 0.95837223
v 0.60493589 0.64439857 0.97880683
v 0.49014036 0.47798130 0.99565469
v 0.56769033 0.55122395 0.98947292
v 0.53037914 0.46237139 0.99458886
v 0.56967274 0.49817644 0.99158065
v 0.25022704 0.87757582 0.90322607
v 0.34214111 0.86022170 0.91664357
v 0.27626286 0.90335494 0.87736305
v 0.26683326 0.83761075 0.93174157
v 0.53267620 0.81701690 0.93768182
v 0.43633072 0.84041734 0.92849965
v 0.51654348 0.86070150 0.91175012
v 0.32523643 0.94378710 0.81455856
v 0.37004132 0.88844227 0.89256801
v 0.30137945 0.92548537 0.84762774
v 0.37341678 0.93911550 0.82324850
v 0.32285238 0.89615961 0.88513068
v 0.29437587 0.74327792 0.96956436
v 0.35782080 0.81689471 0.94245183
v 0.28154417 0.79226314 0.95365103
v 0.31216953 0.82752937 0.93726877
v 0.47284420 0.92771052 0.84001323
v 0.41848266 0.88004974 0.89961185
v 0.49644489 0.89788077 0.87893851
v 0.42268751 0.93382189 0.83178791
v 0.46713465 0.87089093 0.90606978
v 0.39716079 0.91306220 0.86422630
v 0.78944922 0.94010993 0.63820900
v 0.75224634 0.92897819 0.74864813
v 0.73707325 0.95649426 0.64778388
v 0.62355049 0.83977519 0.91594253
v 0.69746390 0.89695220 0.84504602
v 0.60477204 0.88122228 0.88571153
v 0.62614694 0.97496019 0.65761527
v 0.69657174 0.94243729 0.75491620
v 0.68202995 0.96768831 0.65395771
v 0.60496726 0.96815794 0.70939994
v 0.71853851 0.95152910 0.70246272
v 0.55415568 0.94164639 0.80586533
v 0.67019317 0.92797152 0.80435119
v 0.58134455 0.91531148 0.84856670
v 0.58106652 0.95734350 0.75931370
v 0.63966653 0.90769486 0.84813144
v 0.63900577 0.95142476 0.75833921
v 0.33254841 0.53691819 0.99573642
v 0.40017176 0.61098060 0.99041912
v 0.37125737 0.52260755 0.99613086
v 0.32444537 0.58794844 0.99279228
v 0.54535626 0.76637233 0.95760063
v 0.47184782 0.68856532 0.97936152
v 0.55421404 0.71409541 0.97105529
v 0.49810637 0.78049038 0.95501330
v 0.44982803 0.49325695 0.99618254
v 0.44121696 0.59666834 0.99105212
v 0.41039669 0.50806127 0.99630326
v 0.48690267 0.52951322 0.99401670
v 0.40566531 0.55911529 0.99407863
v 0.30568162 0.69171237 0.98070063
v 0.39196352 0.66397768 0.98452799
v 0.31556539 0.63980256 0.98805211
v 0.33831596 0.73035632 0.97265059
v 0.35778091 0.62557991 0.98938303
v 0.56473637 0.60564965 0.98587836
v 0.47834234 0.63553481 0.98657903
v 0.56045474 0.66003806 0.98008913
v 0.52531854 0.56708215 0.99074310
v 0.51596487 0.67470734 0.98017519
v 0.48306624 0.58220087 0.99120023
v 0.40447188 0.80554913 0.94724124
v 0.42734736 0.70328652 0.97760025
v 0.45103132 0.79349008 0.95147764
v 0.37144139 0.76860293 0.96171996
v 0.46271358 0.74221437 0.96805654
v 0.38269715 0.71704082 0.97535464
v 0.03342216 0.02065603 1.00000000
v 0.10068114 0.06222437 0.99999982
v 0.03346226 0.05534652 0.99999999
v 0.06694767 0.00000000 0.99999998
v 0.23990029 0.14826653 0.99996646
v 0.16920427 0.10457399 0.99999587
v 0.03365612 0.12529073 0.99999936
v 0.10093305 0.09731920 0.99999968
v 0.03353486 0.09024816 0.99999991
v 0.06710903 0.07625266 0.99999995
v 0.13472972 -0.04156313 0.99999900
v 0.13472972 0.04156313 0.99999900
v 0.10073864 -0.02074907 0.99999983
v 0.10073864 0.02074907 0.99999983
v 0.56508281 0.34924038 0.99418725
v 0.47541457 0.29382236 0.99795802
v 0.52574204 0.36589274 0.99604158
v 0.31376894 0.19391987 0.99983203
v 0.39190499 0.24221061 0.99936147
v 0.44815009 0.39758710 0.99798134
v 0.43792504 0.30987745 0.99867247
v 0.48669515 0.38200931 0.99724809
v 0.48099036 0.33732707 0.99767720
v 0.03451374 0.26991791 0.99993554
v 0.10312932 0.24180984 0.99996648
v 0.03422064 0.23309808 0.99997326
v 0.06931822 0.29487108 0.99989039
v 0.24117452 0.18524085 0.99996046
v 0.17178174 0.21368169 0.99997985
v 0.20527528 0.16265588 0.99998444
v 0.03377629 0.16103438 0.99999709
v 0.10236503 0.20520195 0.99998736
v 0.03398127 0.19678171 0.99999032
v 0.06756448 0.14696462 0.99999830
v 0.06835737 0.21914069 0.99998152
v 0.14109576 0.34611527 0.99971195
v 0.13861884 0.26643591 0.99993919
v 0.10484393 0.32027003 0.99981983
v 0.10400841 0.28060651 0.99991841
v 0.13538972 0.11884972 0.99999850
v 0.13672723 0.19100572 0.99999082
v 0.17001525 0.14052540 0.99999469
v 0.10145005 0.13288878 0.99999890
v 0.17086892 0.17691599 0.99999074
v 0.10192208 0.16887240 0.99999595
v 0.27637247 -0.12760432 0.99992500
v 0.27637267 -0.04234571 0.99992571
v 0.24008178 -0.10564996 0.99996785
v 0.27637247 0.12760432 0.99992500
v 0.27637267 0.04234571 0.99992571
v 0.24008178 0.10564996 0.99996785
v 0.16955542 -0.06279703 0.99999603
v 0.24026064 -0.02123298 0.99996794
v 0.20445824 -0.08403883 0.99998777
v 0.16949607 -0.02094055 0.99999605
v 0.24020093 -0.06328828 0.99996798
v 0.16955542 0.06279703 0.99999603
v 0.24026064 0.02123298 0.99996794
v 0.20445824 0.08403883 0.99998777
v 0.16949607 0.02094055 0.99999605
v 0.24020093 0.06328828 0.99996798
v 0.20469421 0.00000000 0.99998774
v 0.29736449 0.45661884 0.99836744
v 0.29118765 0.37025783 0.99946828
v 0.33445250 0.44233895 0.99851274
v 0.25645624 0.42784466 0.99892744
v 0.27924648 0.20925071 0.99990696
v 0.28512556 0.28808356 0.99981509
v 0.31698287 0.23310502 0.99980410
v 0.24375584 0.22359427 0.99994421
v 0.40963065 0.41296686 0.99837935
v 0.32718163 0.35580371 0.99945666
v 0.37190644 0.42777641 0.99853232
v 0.40509054 0.36867107 0.99884168
v 0.33078425 0.39846023 0.99911265
v 0.17861121 0.37278187 0.99954680
v 0.25140938 0.34349701 0.99968389
v 0.21687989 0.39989785 0.99929981
v 0.17689427 0.33167268 0.99977289
v 0.25395150 0.38508803 0.99941092
v 0.39602687 0.28323754 0.99926964
v 0.32369924 0.31375488 0.99964896
v 0.35590651 0.25776341 0.99961200
v 0.40055196 0.32540374 0.99911182
v 0.32028835 0.27306695 0.99975082
v 0.36360643 0.34072346 0.99935303
v 0.17367935 0.25206106 0.99995268
v 0.24888763 0.30242500 0.99983280
v 0.20854833 0.23788074 0.99995608
v 0.17525577 0.29140948 0.99989308
v 0.24632124 0.26267738 0.99990800
v 0.21284570 0.31709214 0.99981500
v 0.98996509 0.61183207 0.42933881
v 0.98709309 0.61005708 0.53495058
v 0.99277632 0.57104941 0.44618119
v 0.98392288 0.66059097 0.46076086
v 0.95837223 0.59230661 0.75279286
v 0.97880683 0.60493589 0.64439857
v 0.99565469 0.49014036 0.47798130
v 0.98947292 0.56769033 0.55122395
v 0.99458886 0.53037914 0.46237139
v 0.99158065 0.56967274 0.49817644
v 0.96119390 0.75868446 0.52389499
v 0.97956707 0.65955092 0.56969357
v 0.97472969 0.70997719 0.49257882
v 0.98231036 0.66039970 0.51473018
v 0.66043027 0.40816836 0.98483632
v 0.75766986 0.46826572 0.96354770
v 0.70076207 0.38933387 0.97856677
v 0.66059097 0.46076086 0.98392288
v 0.91632811 0.56632192 0.84920255
v 0.84730529 0.52366347 0.92075496
v 0.77831101 0.34808573 0.95859961
v 0.79590174 0.44630146 0.95060569
v 0.74030450 0.36930914 0.96997643
v 0.74909533 0.41823757 0.96706299
v 0.65955092 0.56969357 0.97956707
v 0.75868446 0.52389499 0.96119390
v 0.66039970 0.51473018 0.98231036
v 0.70997719 0.49257882 0.97472969
v 0.99573642 0.33254841 0.53691819
v 0.99041912 0.40017176 0.61098060
v 0.99613086 0.37125737 0.52260755
v 0.99279228 0.32444537 0.58794844
v 0.95760063 0.54535626 0.76637233
v 0.97936152 0.47184782 0.68856532
v 0.97105529 0.55421404 0.71409541
v 0.99618254 0.44982803 0.49325695
v 0.99105212 0.44121696 0.59666834
v 0.99630326 0.41039669 0.50806127
v 0.99401670 0.48690267 0.52951322
v 0.99407863 0.40566531 0.55911529
v 0.98070063 0.30568162 0.69171237
v 0.98452799 0.39196352 0.66397768
v 0.98805211 0.31556539 0.63980256
v 0.98938303 0.35778091 0.62557991
v 0.98587836 0.56473637 0.60564965
v 0.98657903 0.47834234 0.63553481
v 0.98008913 0.56045474 0.66003806
v 0.99074310 0.52531854 0.56708215
v 0.98017519 0.51596487 0.67470734
v 0.99120023 0.48306624 0.58220087
v 0.83977519 0.91594253 0.62355049
v 0.89695220 0.84504602 0.69746390
v 0.88122228 0.88571153 0.60477204
v 0.82529924 0.91423849 0.68139252
v 0.94010993 0.63820900 0.78944922
v 0.92897819 0.74864813 0.75224634
v 0.95649426 0.64778388 0.73707325
v 0.94164639 0.80586533 0.55415568
v 0.92797152 0.80435119 0.67019317
v 0.91531148 0.84856670 0.58134455
v 0.95734350 0.75931370 0.58106652
v 0.90769486 0.84813144 0.63966653
v 0.78400957 0.89762361 0.79086441
v 0.88011609 0.83942645 0.75510156
v 0.80701357 0.90854738 0.73780752
v 0.85596959 0.88062358 0.72084188
v 0.97496019 0.65761527 0.62614694
v 0.94243729 0.75491620 0.69657174
v 0.96768831 0.65395771 0.68202995
v 0.96815794 0.70939994 0.60496726
v 0.95152910 0.70246272 0.71853851
v 0.95142476 0.75833921 0.63900577
v 0.90322607 0.25022704 0.87757582
v 0.91664357 0.34214111 0.86022170
v 0.87736305 0.27626286 0.90335494
v 0.93174157 0.26683326 0.83761075
v 0.93768182 0.53267620 0.81701690
v 0.92849965 0.43633072 0.84041734
v 0.91175012 0.51654348 0.86070150
v 0.95501330 0.49810637 0.78049038
v 0.81455856 0.32523643 0.94378710
v 0.89256801 0.37004132 0.88844227
v 0.84762774 0.30137945 0.92548537
v 0.82324850 0.37341678 0.93911550
v 0.88513068 0.32285238 0.89615961
v 0.96956436 0.29437587 0.74327792
v 0.94245183 0.35782080 0.81689471
v 0.95365103 0.28154417 0.79226314
v 0.97265059 0.33831596 0.73035632
v 0.93726877 0.31216953 0.82752937
v 0.84001323 0.47284420 0.92771052
v 0.89961185 0.41848266 0.88004974
v 0.87893851 0.49644489 0.89788077
v 0.83178791 0.42268751 0.93382189
v 0.90606978 0.46713465 0.87089093
v 0.86422630 0.39716079 0.91306220
v 0.97760025 0.42734736 0.70328652
v 0.94724124 0.40447188 0.80554913
v 0.96805654 0.46271358 0.74221437
v 0.97535464 0.38269715 0.71704082
v 0.95147764 0.45103132 0.79349008
v 0.96171996 0.37144139 0.76860293
v 0.63820900 0.78944922 0.94010993
v 0.74864813 0.75224634 0.92897819
v 0.64778388 0.73707325 0.95649426
v 0.68139252 0.82529924 0.91423849
v 0.91594253 0.62355049 0.83977519
v 0.84504602 0.69746390 0.89695220
v 0.88571153 0.60477204 0.88122228
v 0.91423849 0.68139252 0.82529924
v 0.65761527 0.62614694 0.97496019
v 0.75491620 0.69657174 0.94243729
v 0.65395771 0.68202995 0.96768831
v 0.70939994 0.60496726 0.96815794
v 0.70246272 0.71853851 0.95152910
v 0.75510156 0.88011609 0.83942645
v 0.79086441 0.78400957 0.89762361
v 0.72084188 0.85596959 0.88062358
v 0.80929813 0.85747530 0.82770017
v 0.73780752 0.80701357 0.90854738
v 0.80586533 0.55415568 0.94164639
v 0.80435119 0.67019317 0.92797152
v 0.84856670 0.58134455 0.91531148
v 0.75931370 0.58106652 0.95734350
v 0.84813144 0.63966653 0.90769486
v 0.75833921 0.63900577 0.95142476
v 0.89762361 0.79086441 0.78400957
v 0.83942645 0.75510156 0.88011609
v 0.90854738 0.73780752 0.80701357
v 0.85747530 0.82770017 0.80929813
v 0.88062358 0.72084188 0.85596959
v 0.82770017 0.80929813 0.85747530
v 0.61234476 -0.32849318 0.99079464
v 0.61245729 -0.23172555 0.99097671
v 0.65204761 -0.31022913 0.98660127
v 0.56569949 -0.30078830 0.99433479
v 0.61247309 -0.04577270 0.99100228
v 0.61247239 -0.13788586 0.99100115
v 0.73040003 -0.27085020 0.97285154
v 0.65145702 -0.21261511 0.98681792
v 0.69159802 -0.29102413 0.98075885
v 0.65173987 -0.26095807 0.98674261
v 0.47669518 -0.24780808 0.99799573
v 0.56654733 -0.20639799 0.99439779
v 0.52037843 -0.27382981 0.99659130
v 0.56617292 -0.25314314 0.99438837
v 0.61234476 0.32849318 0.99079464
v 0.61245729 0.23172555 0.99097671
v 0.65204761 0.31022913 0.98660127
v 0.56569949 0.30078830 0.99433479
v 0.61247309 0.04577270 0.99100228
v 0.61247239 0.13788586 0.99100115
v 0.73040003 0.27085020 0.97285154
v 0.65145702 0.21261511 0.98681792
v 0.69159802 0.29102413 0.98075885
v 0.65173987 0.26095807 0.98674261
v 0.47669518 0.24780808 0.99799573
v 0.56654733 0.20639799 0.99439779
v 0.52037843 0.27382981 0.99659130
v 0.56617292 0.25314314 0.99438837
v 0.86803958 -0.17922801 0.91114515
v 0.80213804 -0.12649246 0.94968274
v 0.83773162 -0.20359661 0.93173934
v 0.86819042 -0.12769318 0.91103433
v 0.65088145 -0.02406380 0.98690636
v 0.72793869 -0.07422410 0.97350813
v 0.65094099 -0.07059132 0.98689891
v 0.76846842 -0.24941143 0.96224635
v 0.76662426 -0.14936403 0.96288719
v 0.80428417 -0.22705609 0.94872285
v 0.72976718 -0.22072170 0.97305547
v 0.80318457 -0.17643670 0.94922520
v 0.86833592 -0.02561776 0.91092104
v 0.80248913 -0.07591455 0.94953243
v 0.86828757 -0.07648535 0.91095903
v 0.83672207 -0.10180815 0.93234638
v 0.65123668 -0.16454895 0.98685844
v 0.72829498 -0.12239528 0.97342411
v 0.65105803 -0.11742357 0.98688385
v 0.69044088 -0.19233234 0.98106182
v 0.68973293 -0.09618311 0.98119283
v 0.72906241 -0.17123201 0.97323947
v 0.31550870 -0.15121120 0.99983353
v 0.39579778 -0.11091969 0.99935791
v 0.35376557 -0.17422251 0.99966837
v 0.31531117 -0.10774837 0.99983588
v 0.56722664 -0.02366395 0.99437013
v 0.47952424 -0.06862550 0.99796330
v 0.56715739 -0.06872423 0.99437430
v 0.43402178 -0.22230683 0.99886257
v 0.43614259 -0.13370389 0.99884859
v 0.39328875 -0.19793512 0.99937223
v 0.47745435 -0.20216649 0.99800427
v 0.39458201 -0.15414778 0.99936773
v 0.31511585 -0.02167184 0.99983675
v 0.39538388 -0.06661635 0.99936223
v 0.31518113 -0.06454540 0.99983654
v 0.35500728 -0.08741044 0.99966601
v 0.56681077 -0.15971945 0.99439236
v 0.47912276 -0.11251825 0.99797324
v 0.56702198 -0.11410450 0.99438211
v 0.52179426 -0.18130661 0.99660142
v 0.52260334 -0.09098277 0.99657539
v 0.47825900 -0.15704573 0.99799299
v 0.86803958 0.17922801 0.91114515
v 0.80213804 0.12649246 0.94968274
v 0.83773162 0.20359661 0.93173934
v 0.86819042 0.12769318 0.91103433
v 0.65088145 0.02406380 0.98690636
v 0.72793869 0.07422410 0.97350813
v 0.65094099 0.07059132 0.98689891
v 0.68949426 0.00000000 0.98123390
v 0.76846842 0.24941143 0.96224635
v 0.76662426 0.14936403 0.96288719
v 0.80428417 0.22705609 0.94872285
v 0.72976718 0.22072170 0.97305547
v 0.80318457 0.17643670 0.94922520
v 0.86833592 0.02561776 0.91092104
v 0.80248913 0.07591455 0.94953243
v 0.86828757 0.07648535 0.91095903
v 0.83693782 0.00000000 0.93222092
v 0.83672207 0.10180815 0.93234638
v 0.65123668 0.16454895 0.98685844
v 0.72829498 0.12239528 0.97342411
v 0.65105803 0.11742357 0.98688385
v 0.69044088 0.19233234 0.98106182
v 0.68973293 0.09618311 0.98119283
v 0.72906241 0.17123201 0.97323947
v 0.76570240 -0.05000318 0.96318322
v 0.76570240 0.05000318 0.96318322
v 0.72800182 -0.02474337 0.97349340
v 0.80243010 -0.02530676 0.94955791
v 0.72800182 0.02474337 0.97349340
v 0.80243010 0.02530676 0.94955791
v 0.31550870 0.15121120 0.99983353
v 0.39579778 0.11091969 0.99935791
v 0.35376557 0.17422251 0.99966837
v 0.31531117 0.10774837 0.99983588
v 0.56722664 0.02366395 0.99437013
v 0.47952424 0.06862550 0.99796330
v 0.56715739 0.06872423 0.99437430
v 0.52287477 0.00000000 0.99656471
v 0.43402178 0.22230683 0.99886257
v 0.43614259 0.13370389 0.99884859
v 0.39328875 0.19793512 0.99937223
v 0.47745435 0.20216649 0.99800427
v 0.39458201 0.15414778 0.99936773
v 0.31511585 0.02167184 0.99983675
v 0.39538388 0.06661635 0.99936223
v 0.31518113 0.06454540 0.99983654
v 0.35473937 0.00000000 0.99966760
v 0.35500728 0.08741044 0.99966601
v 0.56681077 0.15971945 0.99439236
v 0.47912276 0.11251825 0.99797324
v 0.56702198 0.11410450 0.99438211
v 0.52179426 0.18130661 0.99660142
v 0.52260334 0.09098277 0.99657539
v 0.47825900 0.15704573 0.99799299
v 0.43718328 -0.04495580 0.99883293
v 0.43718328 0.04495580 0.99883293
v 0.47945138 -0.02288647 0.99796518
v 0.39545397 -0.02221854 0.99936156
v 0.47945138 0.02288647 0.99796518
v 0.39545397 0.02221854 0.99936156
v 0.99432559 0.00000000 -0.56796164
v 0.99790507 0.00000000 -0.48177134
v 0.99510491 0.03750297 -0.55432757
v 0.99510491 -0.03750297 -0.55432757
v 0.99981484 0.00000000 -0.32179634
v 0.99931806 0.00000000 -0.39981532
v 0.99639548 0.11167419 -0.52703700
v 0.99822748 0.03633924 -0.46860067
v 0.99579297 0.07475059 -0.54066247
v 0.99701433 0.03690912 -0.51088751
v 0.99639548 -0.11167419 -0.52703700
v 0.99822748 -0.03633924 -0.46860067
v 0.99579297 -0.07475059 -0.54066247
v 0.99701433 -0.03690912 -0.51088751
v 1.00000000 0.00000000 -0.03461221
v 0.99999979 0.00000000 -0.10416953
v 0.99996212 0.00000000 -0.24702845
v 0.99999526 0.00000000 -0.17473773
v 0.99810614 0.25890960 -0.47164987
v 0.99914554 0.18003311 -0.41463802
v 0.99778301 0.22218900 -0.48557533
v 0.99985436 0.03460591 -0.30918034
v 0.99963216 0.10565346 -0.36073628
v 0.99970632 0.03498946 -0.34749778
v 0.99693184 0.14879822 -0.51314508
v 0.99896853 0.14449047 -0.42819452
v 0.99738992 0.18546189 -0.49942738
v 0.99785109 0.11015144 -0.48379661
v 0.99848113 0.18272484 -0.45642898
v 0.99898800 0.03588619 -0.42694530
v 0.99931061 0.10697919 -0.40051502
v 0.99944122 0.03540713 -0.38678065
v 0.99851453 0.07251829 -0.45505690
v 0.99954528 0.07064373 -0.37373550
v 0.99876041 0.10858845 -0.44156808
v 0.99810614 -0.25890960 -0.47164987
v 0.99914554 -0.18003311 -0.41463802
v 0.99778301 -0.22218900 -0.48557533
v 0.99985436 -0.03460591 -0.30918034
v 0.99963216 -0.10565346 -0.36073628
v 0.99970632 -0.03498946 -0.34749778
v 0.99693184 -0.14879822 -0.51314508
v 0.99896853 -0.14449047 -0.42819452
v 0.99738992 -0.18546189 -0.49942738
v 0.99785109 -0.11015144 -0.48379661
v 0.99848113 -0.18272484 -0.45642898
v 0.99898800 -0.03588619 -0.42694530
v 0.99931061 -0.10697919 -0.40051502
v 0.99944122 -0.03540713 -0.38678065
v 0.99851453 -0.07251829 -0.45505690
v 0.99954528 -0.07064373 -0.37373550
v 0.99876041 -0.10858845 -0.44156808
v 0.99432559 0.00000000 0.56796164
v 0.99790507 0.00000000 0.48177134
v 0.99510491 0.03750297 0.55432757
v 0.99510491 -0.03750297 0.55432757
v 0.99981484 0.00000000 0.32179634
v 0.99931806 0.00000000 0.39981532
v 0.99639548 0.11167419 0.52703700
v 0.99822748 0.03633924 0.46860067
v 0.99579297 0.07475059 0.54066247
v 0.99701433 0.03690912 0.51088751
v 0.99639548 -0.11167419 0.52703700
v 0.99822748 -0.03633924 0.46860067
v 0.99579297 -0.07475059 0.54066247
v 0.99701433 -0.03690912 0.51088751
v 1.00000000 0.00000000 0.03461221
v 0.99999979 0.00000000 0.10416953
v 0.99996212 0.00000000 0.24702845
v 0.99999526 0.00000000 0.17473773
v 0.99810614 0.25890960 0.47164987
v 0.99914554 0.18003311 0.41463802
v 0.99778301 0.22218900 0.48557533
v 0.99985436 0.03460591 0.30918034
v 0.99963216 0.10565346 0.36073628
v 0.99970632 0.03498946 0.34749778
v 0.99693184 0.14879822 0.51314508
v 0.99896853 0.14449047 0.42819452
v 0.99738992 0.18546189 0.49942738
v 0.99785109 0.11015144 0.48379661
v 0.99848113 0.18272484 0.45642898
v 0.99898800 0.03588619 0.42694530
v 0.99931061 0.10697919 0.40051502
v 0.99944122 0.03540713 0.38678065
v 0.99851453 0.07251829 0.45505690
v 0.99954528 0.07064373 0.37373550
v 0.99876041 0.10858845 0.44156808
v 0.99810614 -0.25890960 0.47164987
v 0.99914554 -0.18003311 0.41463802
v 0.99778301 -0.22218900 0.48557533
v 0.99985436 -0.03460591 0.30918034
v 0.99963216 -0.10565346 0.36073628
v 0.99970632 -0.03498946 0.34749778
v 0.99693184 -0.14879822 0.51314508
v 0.99896853 -0.14449047 0.42819452
v 0.99738992 -0.18546189 0.49942738
v 0.99785109 -0.11015144 0.48379661
v 0.99848113 -0.18272484 0.45642898
v 0.99898800 -0.03588619 0.42694530
v 0.99931061 -0.10697919 0.40051502
v 0.99944122 -0.03540713 0.38678065
v 0.99851453 -0.07251829 0.45505690
v 0.99954528 -0.07064373 0.37373550
v 0.99876041 -0.10858845 0.44156808
v 0.99418725 0.56508281 -0.34924038
v 0.99795802 0.47541457 -0.29382236
v 0.99604158 0.52574204 -0.36589274
v 0.99433479 0.56569949 -0.30078830
v 0.99983203 0.31376894 -0.19391987
v 0.99936147 0.39190499 -0.24221061
v 0.99798134 0.44815009 -0.39758710
v 0.99867247 0.43792504 -0.30987745
v 0.99724809 0.48669515 -0.38200931
v 0.99767720 0.48099036 -0.33732707
v 0.99439779 0.56654733 -0.20639799
v 0.99799573 0.47669518 -0.24780808
v 0.99438837 0.56617292 -0.25314314
v 0.99659130 0.52037843 -0.27382981
v 1.00000000 0.03342216 -0.02065603
v 0.99999982 0.10068114 -0.06222437
v 0.99999999 0.03346226 -0.05534652
v 0.99996646 0.23990029 -0.14826653
v 0.99999587 0.16920427 -0.10457399
v 0.99999936 0.03365612 -0.12529073
v 0.99999968 0.10093305 -0.09731920
v 0.99999991 0.03353486 -0.09024816
v 0.99999995 0.06710903 -0.07625266
v 0.99836744 0.29736449 -0.45661884
v 0.99946828 0.29118765 -0.37025783
v 0.99851274 0.33445250 -0.44233895
v 0.99892744 0.25645624 -0.42784466
v 0.99990696 0.27924648 -0.20925071
v 0.99981509 0.28512556 -0.28808356
v 0.99980410 0.31698287 -0.23310502
v 0.99837935 0.40963065 -0.41296686
v 0.99945666 0.32718163 -0.35580371
v 0.99853232 0.37190644 -0.42777641
v 0.99884168 0.40509054 -0.36867107
v 0.99911265 0.33078425 -0.39846023
v 0.99954680 0.17861121 -0.37278187
v 0.99968389 0.25140938 -0.34349701
v 0.99929981 0.21687989 -0.39989785
v 0.99941092 0.25395150 -0.38508803
v 0.99926964 0.39602687 -0.28323754
v 0.99964896 0.32369924 -0.31375488
v 0.99961200 0.35590651 -0.25776341
v 0.99911182 0.40055196 -0.32540374
v 0.99975082 0.32028835 -0.27306695
v 0.99935303 0.36360643 -0.34072346
v 0.99437013 0.56722664 -0.02366395
v 0.99796330 0.47952424 -0.06862550
v 0.99437430 0.56715739 -0.06872423
v 0.99983353 0.31550870 -0.15121120
v 0.99935791 0.39579778 -0.11091969
v 0.99966837 0.35376557 -0.17422251
v 0.99439236 0.56681077 -0.15971945
v 0.99797324 0.47912276 -0.11251825
v 0.99438211 0.56702198 -0.11410450
v 0.99660142 0.52179426 -0.18130661
v 0.99657539 0.52260334 -0.09098277
v 0.99886257 0.43402178 -0.22230683
v 0.99884859 0.43614259 -0.13370389
v 0.99937223 0.39328875 -0.19793512
v 0.99800427 0.47745435 -0.20216649
v 0.99936773 0.39458201 -0.15414778
v 0.99799299 0.47825900 -0.15704573
v 0.99993554 0.03451374 -0.26991791
v 0.99996648 0.10312932 -0.24180984
v 0.99997326 0.03422064 -0.23309808
v 0.99989039 0.06931822 -0.29487108
v 0.99996046 0.24117452 -0.18524085
v 0.99997985 0.17178174 -0.21368169
v 0.99998444 0.20527528 -0.16265588
v 0.99994421 0.24375584 -0.22359427
v 0.99999709 0.03377629 -0.16103438
v 0.99998736 0.10236503 -0.20520195
v 0.99999032 0.03398127 -0.19678171
v 0.99999830 0.06756448 -0.14696462
v 0.99998152 0.06835737 -0.21914069
v 0.99971195 0.14109576 -0.34611527
v 0.99993919 0.13861884 -0.26643591
v 0.99981983 0.10484393 -0.32027003
v 0.99977289 0.17689427 -0.33167268
v 0.99991841 0.10400841 -0.28060651
v 0.99999850 0.13538972 -0.11884972
v 0.99999082 0.13672723 -0.19100572
v 0.99999469 0.17001525 -0.14052540
v 0.99999890 0.10145005 -0.13288878
v 0.99999074 0.17086892 -0.17691599
v 0.99999595 0.10192208 -0.16887240
v 0.99983280 0.24888763 -0.30242500
v 0.99995268 0.17367935 -0.25206106
v 0.99990800 0.24632124 -0.26267738
v 0.99981500 0.21284570 -0.31709214
v 0.99995608 0.20854833 -0.23788074
v 0.99989308 0.17525577 -0.29140948
v 0.99418725 -0.56508281 -0.34924038
v 0.99795802 -0.47541457 -0.29382236
v 0.99604158 -0.52574204 -0.36589274
v 0.99433479 -0.56569949 -0.30078830
v 0.99983203 -0.31376894 -0.19391987
v 0.99936147 -0.39190499 -0.24221061
v 0.99798134 -0.44815009 -0.39758710
v 0.99867247 -0.43792504 -0.30987745
v 0.99724809 -0.48669515 -0.38200931
v 0.99767720 -0.48099036 -0.33732707
v 0.99439779 -0.56654733 -0.20639799
v 0.99799573 -0.47669518 -0.24780808
v 0.99438837 -0.56617292 -0.25314314
v 0.99659130 -0.52037843 -0.27382981
v 1.00000000 -0.03342216 -0.02065603
v 0.99999982 -0.10068114 -0.06222437
v 0.99999999 -0.03346226 -0.05534652
v 0.99996646 -0.23990029 -0.14826653
v 0.99999587 -0.16920427 -0.10457399
v 0.99999936 -0.03365612 -0.12529073
v 0.99999968 -0.10093305 -0.09731920
v 0.99999991 -0.03353486 -0.09024816
v 0.99999995 -0.06710903 -0.07625266
v 0.99836744 -0.29736449 -0.45661884
v 0.99946828 -0.29118765 -0.37025783
v 0.99851274 -0.33445250 -0.44233895
v 0.99892744 -0.25645624 -0.42784466
v 0.99990696 -0.27924648 -0.20925071
v 0.99981509 -0.28512556 -0.28808356
v 0.99980410 -0.31698287 -0.23310502
v 0.99837935 -0.40963065 -0.41296686
v 0.99945666 -0.32718163 -0.35580371
v 0.99853232 -0.37190644 -0.42777641
v 0.99884168 -0.40509054 -0.36867107
v 0.99911265 -0.33078425 -0.39846023
v 0.99954680 -0.17861121 -0.37278187
v 0.99968389 -0.25140938 -0.34349701
v 0.99929981 -0.21687989 -0.39989785
v 0.99941092 -0.25395150 -0.38508803
v 0.99926964 -0.39602687 -0.28323754
v 0.99964896 -0.32369924 -0.31375488
v 0.99961200 -0.35590651 -0.25776341
v 0.99911182 -0.40055196 -0.32540374
v 0.99975082 -0.32028835 -0.27306695
v 0.99935303 -0.36360643 -0.34072346
v 0.99437013 -0.56722664 -0.02366395
v 0.99796330 -0.47952424 -0.06862550
v 0.99437430 -0.56715739 -0.06872423
v 0.99983353 -0.31550870 -0.15121120
v 0.99935791 -0.39579778 -0.11091969
v 0.99966837 -0.35376557 -0.17422251
v 0.99439236 -0.56681077 -0.15971945
v 0.99797324 -0.47912276 -0.11251825
v 0.99438211 -0.56702198 -0.11410450
v 0.99660142 -0.52179426 -0.18130661
v 0.99657539 -0.52260334 -0.09098277
v 0.99886257 -0.43402178 -0.22230683
v 0.99884859 -0.43614259 -0.13370389
v 0.99937223 -0.39328875 -0.19793512
v 0.99800427 -0.47745435 -0.20216649
v 0.99936773 -0.39458201 -0.15414778
v 0.99799299 -0.47825900 -0.15704573
v 0.99993554 -0.03451374 -0.26991791
v 0.99996648 -0.10312932 -0.24180984
v 0.99997326 -0.03422064 -0.23309808
v 0.99989039 -0.06931822 -0.29487108
v 0.99996046 -0.24117452 -0.18524085
v 0.99997985 -0.17178174 -0.21368169
v 0.99998444 -0.20527528 -0.16265588
v 0.99994421 -0.24375584 -0.22359427
v 0.99999709 -0.03377629 -0.16103438
v 0.99998736 -0.10236503 -0.20520195
v 0.99999032 -0.03398127 -0.19678171
v 0.99999830 -0.06756448 -0.14696462
v 0.99998152 -0.06835737 -0.21914069
v 0.99971195 -0.14109576 -0.34611527
v 0.99993919 -0.13861884 -0.26643591
v 0.99981983 -0.10484393 -0.32027003
v 0.99977289 -0.17689427 -0.33167268
v 0.99991841 -0.10400841 -0.28060651
v 0.99999850 -0.13538972 -0.11884972
v 0.99999082 -0.13672723 -0.19100572
v 0.99999469 -0.17001525 -0.14052540
v 0.99999890 -0.10145005 -0.13288878
v 0.99999074 -0.17086892 -0.17691599
v 0.99999595 -0.10192208 -0.16887240
v 0.99983280 -0.24888763 -0.30242500
v 0.99995268 -0.17367935 -0.25206106
v 0.99990800 -0.24632124 -0.26267738
v 0.99981500 -0.21284570 -0.31709214
v 0.99995608 -0.20854833 -0.23788074
v 0.99989308 -0.17525577 -0.29140948
v 0.99418725 0.56508281 0.34924038
v 0.99795802 0.47541457 0.29382236
v 0.99604158 0.52574204 0.36589274
v 0.99433479 0.56569949 0.30078830
v 0.99983203 0.31376894 0.19391987
v 0.99936147 0.39190499 0.24221061
v 0.99798134 0.44815009 0.39758710
v 0.99867247 0.43792504 0.30987745
v 0.99724809 0.48669515 0.38200931
v 0.99767720 0.48099036 0.33732707
v 0.99439779 0.56654733 0.20639799
v 0.99799573 0.47669518 0.24780808
v 0.99438837 0.56617292 0.25314314
v 0.99659130 0.52037843 0.27382981
v 1.00000000 0.03342216 0.02065603
v 0.99999982 0.10068114 0.06222437
v 0.99999999 0.03346226 0.05534652
v 0.99999998 0.06694767 0.00000000
v 0.99996646 0.23990029 0.14826653
v 0.99999587 0.16920427 0.10457399
v 0.99999936 0.03365612 0.12529073
v 0.99999968 0.10093305 0.09731920
v 0.99999991 0.03353486 0.09024816
v 0.99999995 0.06710903 0.07625266
v 0.99999900 0.13472972 -0.04156313
v 0.99999900 0.13472972 0.04156313
v 0.99999983 0.10073864 -0.02074907
v 0.99999983 0.10073864 0.02074907
v 0.99836744 0.29736449 0.45661884
v 0.99946828 0.29118765 0.37025783
v 0.99851274 0.33445250 0.44233895
v 0.99892744 0.25645624 0.42784466
v 0.99990696 0.27924648 0.20925071
v 0.99981509 0.28512556 0.28808356
v 0.99980410 0.31698287 0.23310502
v 0.99837935 0.40963065 0.41296686
v 0.99945666 0.32718163 0.35580371
v 0.99853232 0.37190644 0.42777641
v 0.99884168 0.40509054 0.36867107
v 0.99911265 0.33078425 0.39846023
v 0.99954680 0.17861121 0.37278187
v 0.99968389 0.25140938 0.34349701
v 0.99929981 0.21687989 0.39989785
v 0.99941092 0.25395150 0.38508803
v 0.99926964 0.39602687 0.28323754
v 0.99964896 0.32369924 0.31375488
v 0.99961200 0.35590651 0.25776341
v 0.99911182 0.40055196 0.32540374
v 0.99975082 0.32028835 0.27306695
v 0.99935303 0.36360643 0.34072346
v 0.99437013 0.56722664 0.02366395
v 0.99796330 0.47952424 0.06862550
v 0.99437430 0.56715739 0.06872423
v 0.99656471 0.52287477 0.00000000
v 0.99983353 0.31550870 0.15121120
v 0.99935791 0.39579778 0.11091969
v 0.99966837 0.35376557 0.17422251
v 0.99439236 0.56681077 0.15971945
v 0.99797324 0.47912276 0.11251825
v 0.99438211 0.56702198 0.11410450
v 0.99660142 0.52179426 0.18130661
v 0.99657539 0.52260334 0.09098277
v 0.99883293 0.43718328 -0.04495580
v 0.99883293 0.43718328 0.04495580
v 0.99796518 0.47945138 -0.02288647
v 0.99796518 0.47945138 0.02288647
v 0.99886257 0.43402178 0.22230683
v 0.99884859 0.43614259 0.13370389
v 0.99937223 0.39328875 0.19793512
v 0.99800427 0.47745435 0.20216649
v 0.99936773 0.39458201 0.15414778
v 0.99799299 0.47825900 0.15704573
v 0.99993554 0.03451374 0.26991791
v 0.99996648 0.10312932 0.24180984
v 0.99997326 0.03422064 0.23309808
v 0.99989039 0.06931822 0.29487108
v 0.99996046 0.24117452 0.18524085
v 0.99997985 0.17178174 0.21368169
v 0.99998444 0.20527528 0.16265588
v 0.99994421 0.24375584 0.22359427
v 0.99999709 0.03377629 0.16103438
v 0.99998736 0.10236503 0.20520195
v 0.99999032 0.03398127 0.19678171
v 0.99999830 0.06756448 0.14696462
v 0.99998152 0.06835737 0.21914069
v 0.99971195 0.14109576 0.34611527
v 0.99993919 0.13861884 0.26643591
v 0.99981983 0.10484393 0.32027003
v 0.99977289 0.17689427 0.33167268
v 0.99991841 0.10400841 0.28060651
v 0.99999850 0.13538972 0.11884972
v 0.99999082 0.13672723 0.19100572
v 0.99999469 0.17001525 0.14052540
v 0.99999890 0.10145005 0.13288878
v 0.99999074 0.17086892 0.17691599
v 0.99999595 0.10192208 0.16887240
v 0.99983280 0.24888763 0.30242500
v 0.99995268 0.17367935 0.25206106
v 0.99990800 0.24632124 0.26267738
v 0.99981500 0.21284570 0.31709214
v 0.99995608 0.20854833 0.23788074
v 0.99989308 0.17525577 0.29140948
v 0.99992500 0.27637247 -0.12760432
v 0.99992571 0.27637267 -0.04234571
v 0.99996785 0.24008178 -0.10564996
v 0.99983588 0.31531117 -0.10774837
v 0.99992500 0.27637247 0.12760432
v 0.99992571 0.27637267 0.04234571
v 0.99996785 0.24008178 0.10564996
v 0.99983588 0.31531117 0.10774837
v 0.99999603 0.16955542 -0.06279703
v 0.99996794 0.24026064 -0.02123298
v 0.99998777 0.20445824 -0.08403883
v 0.99999605 0.16949607 -0.02094055
v 0.99996798 0.24020093 -0.06328828
v 0.99936223 0.39538388 -0.06661635
v 0.99983675 0.31511585 -0.02167184
v 0.99966601 0.35500728 -0.08741044
v 0.99936156 0.39545397 -0.02221854
v 0.99983654 0.31518113 -0.06454540
v 0.99999603 0.16955542 0.06279703
v 0.99996794 0.24026064 0.02123298
v 0.99998777 0.20445824 0.08403883
v 0.99999605 0.16949607 0.02094055
v 0.99996798 0.24020093 0.06328828
v 0.99998774 0.20469421 0.00000000
v 0.99936223 0.39538388 0.06661635
v 0.99983675 0.31511585 0.02167184
v 0.99966601 0.35500728 0.08741044
v 0.99936156 0.39545397 0.02221854
v 0.99983654 0.31518113 0.06454540
v 0.99966760 0.35473937 0.00000000
v 0.99418725 -0.56508281 0.34924038
v 0.99795802 -0.47541457 0.29382236
v 0.99604158 -0.52574204 0.36589274
v 0.99433479 -0.56569949 0.30078830
v 0.99983203 -0.31376894 0.19391987
v 0.99936147 -0.39190499 0.24221061
v 0.99798134 -0.44815009 0.39758710
v 0.99867247 -0.43792504 0.30987745
v 0.99724809 -0.48669515 0.38200931
v 0.99767720 -0.48099036 0.33732707
v 0.99439779 -0.56654733 0.20639799
v 0.99799573 -0.47669518 0.24780808
v 0.99438837 -0.56617292 0.25314314
v 0.99659130 -0.52037843 0.27382981
v 1.00000000 -0.03342216 0.02065603
v 0.99999982 -0.10068114 0.06222437
v 0.99999999 -0.03346226 0.05534652
v 0.99999998 -0.06694767 0.00000000
v 0.99996646 -0.23990029 0.14826653
v 0.99999587 -0.16920427 0.10457399
v 0.99999936 -0.03365612 0.12529073
v 0.99999968 -0.10093305 0.09731920
v 0.99999991 -0.03353486 0.09024816
v 0.99999995 -0.06710903 0.07625266
v 0.99999900 -0.13472972 -0.04156313
v 0.99999900 -0.13472972 0.04156313
v 0.99999983 -0.10073864 -0.02074907
v 0.99999983 -0.10073864 0.02074907
v 0.99836744 -0.29736449 0.45661884
v 0.99946828 -0.29118765 0.37025783
v 0.99851274 -0.33445250 0.44233895
v 0.99892744 -0.25645624 0.42784466
v 0.99990696 -0.27924648 0.20925071
v 0.99981509 -0.28512556 0.28808356
v 0.99980410 -0.31698287 0.23310502
v 0.99837935 -0.40963065 0.41296686
v 0.99945666 -0.32718163 0.35580371
v 0.99853232 -0.37190644 0.42777641
v 0.99884168 -0.40509054 0.36867107
v 0.99911265 -0.33078425 0.39846023
v 0.99954680 -0.17861121 0.37278187
v 0.99968389 -0.25140938 0.34349701
v 0.99929981 -0.21687989 0.39989785
v 0.99941092 -0.25395150 0.38508803
v 0.99926964 -0.39602687 0.28323754
v 0.99964896 -0.32369924 0.31375488
v 0.99961200 -0.35590651 0.25776341
v 0.99911182 -0.40055196 0.32540374
v 0.99975082 -0.32028835 0.27306695
v 0.99935303 -0.36360643 0.34072346
v 0.99437013 -0.56722664 0.02366395
v 0.99796330 -0.47952424 0.06862550
v 0.99437430 -0.56715739 0.06872423
v 0.99656471 -0.52287477 0.00000000
v 0.99983353 -0.31550870 0.15121120
v 0.99935791 -0.39579778 0.11091969
v 0.99966837 -0.35376557 0.17422251
v 0.99439236 -0.56681077 0.15971945
v 0.99797324 -0.47912276 0.11251825
v 0.99438211 -0.56702198 0.11410450
v 0.99660142 -0.52179426 0.18130661
v 0.99657539 -0.52260334 0.09098277
v 0.99883293 -0.43718328 -0.04495580
v 0.99883293 -0.43718328 0.04495580
v 0.99796518 -0.47945138 -0.02288647
v 0.99796518 -0.47945138 0.02288647
v 0.99886257 -0.43402178 0.22230683
v 0.99884859 -0.43614259 0.13370389
v 0.99937223 -0.39328875 0.19793512
v 0.99800427 -0.47745435 0.20216649
v 0.99936773 -0.39458201 0.15414778
v 0.99799299 -0.47825900 0.15704573
v 0.99993554 -0.03451374 0.26991791
v 0.99996648 -0.10312932 0.24180984
v 0.99997326 -0.03422064 0.23309808
v 0.99989039 -0.06931822 0.29487108
v 0.99996046 -0.24117452 0.18524085
v 0.99997985 -0.17178174 0.21368169
v 0.99998444 -0.20527528 0.16265588
v 0.99994421 -0.24375584 0.22359427
v 0.99999709 -0.03377629 0.16103438
v 0.99998736 -0.10236503 0.20520195
v 0.99999032 -0.03398127 0.19678171
v 0.99999830 -0.06756448 0.14696462
v 0.99998152 -0.06835737 0.21914069
v 0.99971195 -0.14109576 0.34611527
v 0.99993919 -0.13861884 0.26643591
v 0.99981983 -0.10484393 0.32027003
v 0.99977289 -0.17689427 0.33167268
v 0.99991841 -0.10400841 0.28060651
v 0.99999850 -0.13538972 0.11884972
v 0.99999082 -0.13672723 0.19100572
v 0.99999469 -0.17001525 0.14052540
v 0.99999890 -0.10145005 0.13288878
v 0.99999074 -0.17086892 0.17691599
v 0.99999595 -0.10192208 0.16887240
v 0.99983280 -0.24888763 0.30242500
v 0.99995268 -0.17367935 0.25206106
v 0.99990800 -0.24632124 0.26267738
v 0.99981500 -0.21284570 0.31709214
v 0.99995608 -0.20854833 0.23788074
v 0.99989308 -0.17525577 0.29140948
v 0.99992500 -0.27637247 -0.12760432
v 0.99992571 -0.27637267 -0.04234571
v 0.99996785 -0.24008178 -0.10564996
v 0.99983588 -0.31531117 -0.10774837
v 0.99992500 -0.27637247 0.12760432
v 0.99992571 -0.27637267 0.04234571
v 0.99996785 -0.24008178 0.10564996
v 0.99983588 -0.31531117 0.10774837
v 0.99999603 -0.16955542 -0.06279703
v 0.99996794 -0.24026064 -0.02123298
v 0.99998777 -0.20445824 -0.08403883
v 0.99999605 -0.16949607 -0.02094055
v 0.99996798 -0.24020093 -0.06328828
v 0.99936223 -0.39538388 -0.06661635
v 0.99983675 -0.31511585 -0.02167184
v 0.99966601 -0.35500728 -0.08741044
v 0.99936156 -0.39545397 -0.02221854
v 0.99983654 -0.31518113 -0.06454540
v 0.99999603 -0.16955542 0.06279703
v 0.99996794 -0.24026064 0.02123298
v 0.99998777 -0.20445824 0.08403883
v 0.99999605 -0.16949607 0.02094055
v 0.99996798 -0.24020093 0.06328828
v 0.99998774 -0.20469421 0.00000000
v 0.99936223 -0.39538388 0.06661635
v 0.99983675 -0.31511585 0.02167184
v 0.99966601 -0.35500728 0.08741044
v 0.99936156 -0.39545397 0.02221854
v 0.99983654 -0.31518113 0.06454540
v 0.99966760 -0.35473937 0.00000000
v -0.64896143 0.98714403 -0.02402475
v -0.72223597 0.97481101 -0.07402170
v -0.63501960 0.98876007 -0.06265551
v -0.85754038 0.91896991 -0.17897383
v -0.79328317 0.95335022 -0.12612858
v -0.60722839 0.99146338 -0.13927886
v -0.70856577 0.97770020 -0.11384399
v -0.62110677 0.99019399 -0.10110655
v -0.67179994 0.98405675 -0.08794697
v -0.98633111 0.65234976 -0.36041071
v -0.97246982 0.73142393 -0.32164032
v -0.91009606 0.86932830 -0.23041644
v -0.94814976 0.80542451 -0.27834399
v -0.55140944 0.99515307 -0.29220507
v -0.65367496 0.98647880 -0.27366696
v -0.56543368 0.99443154 -0.25399357
v -0.84718080 0.92592706 -0.22197644
v -0.75540238 0.96627058 -0.25086804
v -0.81515197 0.94375365 -0.19485929
v -0.59328988 0.99259023 -0.17778742
v -0.66740990 0.98466679 -0.23384774
v -0.57939249 0.99357585 -0.21582069
v -0.64402029 0.98773473 -0.16623424
v -0.61622388 0.99062137 -0.24435622
v -0.74534223 0.96913858 -0.14069004
v -0.71874458 0.97555695 -0.22215183
v -0.78093819 0.95802560 -0.16762365
v -0.69506352 0.98025547 -0.15389682
v -0.76830806 0.96233007 -0.20924742
v -0.68134277 0.98257539 -0.19393815
v -0.99217851 0.03814282 -0.59863078
v -0.99413495 0.11352352 -0.57104706
v -0.99678696 0.26290536 -0.51562731
v -0.99565222 0.18823254 -0.54344848
v -0.99341639 0.57201828 -0.39547355
v -0.99657061 0.49250578 -0.42779405
v -0.99750290 0.33816089 -0.48732473
v -0.99759724 0.41456077 -0.45820088
v -0.42933881 0.98996509 -0.61183207
v -0.53495058 0.98709309 -0.61005708
v -0.44618119 0.99277632 -0.57104941
v -0.75279286 0.95837223 -0.59230661
v -0.64439857 0.97880683 -0.60493589
v -0.47798130 0.99565469 -0.49014036
v -0.55122395 0.98947292 -0.56769033
v -0.46237139 0.99458886 -0.53037914
v -0.49817644 0.99158065 -0.56967274
v -0.98483632 0.66043027 -0.40816836
v -0.96354770 0.75766986 -0.46826572
v -0.97856677 0.70076207 -0.38933387
v -0.84920255 0.91632811 -0.56632192
v -0.92075496 0.84730529 -0.52366347
v -0.95859961 0.77831101 -0.34808573
v -0.95060569 0.79590174 -0.44630146
v -0.96997643 0.74030450 -0.36930914
v -0.96706299 0.74909533 -0.41823757
v -0.53691819 0.99573642 -0.33254841
v -0.61098060 0.99041912 -0.40017176
v -0.52260755 0.99613086 -0.37125737
v -0.58794844 0.99279228 -0.32444537
v -0.76637233 0.95760063 -0.54535626
v -0.68856532 0.97936152 -0.47184782
v -0.71409541 0.97105529 -0.55421404
v -0.49325695 0.99618254 -0.44982803
v -0.59666834 0.99105212 -0.44121696
v -0.50806127 0.99630326 -0.41039669
v -0.52951322 0.99401670 -0.48690267
v -0.55911529 0.99407863 -0.40566531
v -0.69171237 0.98070063 -0.30568162
v -0.66397768 0.98452799 -0.39196352
v -0.63980256 0.98805211 -0.31556539
v -0.62557991 0.98938303 -0.35778091
v -0.60564965 0.98587836 -0.56473637
v -0.63553481 0.98657903 -0.47834234
v -0.66003806 0.98008913 -0.56045474
v -0.56708215 0.99074310 -0.52531854
v -0.67470734 0.98017519 -0.51596487
v -0.58220087 0.99120023 -0.48306624
v -0.87757582 0.90322607 -0.25022704
v -0.86022170 0.91664357 -0.34214111
v -0.90335494 0.87736305 -0.27626286
v -0.83761075 0.93174157 -0.26683326
v -0.81701690 0.93768182 -0.53267620
v -0.84041734 0.92849965 -0.43633072
v -0.86070150 0.91175012 -0.51654348
v -0.78049038 0.95501330 -0.49810637
v -0.94378710 0.81455856 -0.32523643
v -0.88844227 0.89256801 -0.37004132
v -0.92548537 0.84762774 -0.30137945
v -0.93911550 0.82324850 -0.37341678
v -0.89615961 0.88513068 -0.32285238
v -0.74327792 0.96956436 -0.29437587
v -0.81689471 0.94245183 -0.35782080
v -0.79226314 0.95365103 -0.28154417
v -0.73035632 0.97265059 -0.33831596
v -0.82752937 0.93726877 -0.31216953
v -0.92771052 0.84001323 -0.47284420
v -0.88004974 0.89961185 -0.41848266
v -0.89788077 0.87893851 -0.49644489
v -0.93382189 0.83178791 -0.42268751
v -0.87089093 0.90606978 -0.46713465
v -0.91306220 0.86422630 -0.39716079
v -0.70328652 0.97760025 -0.42734736
v -0.80554913 0.94724124 -0.40447188
v -0.74221437 0.96805654 -0.46271358
v -0.71704082 0.97535464 -0.38269715
v -0.79349008 0.95147764 -0.45103132
v -0.76860293 0.96171996 -0.37144139
v -0.64896143 -0.98714403 -0.02402475
v -0.72223597 -0.97481101 -0.07402170
v -0.63501960 -0.98876007 -0.06265551
v -0.85754038 -0.91896991 -0.17897383
v -0.79328317 -0.95335022 -0.12612858
v -0.60722839 -0.99146338 -0.13927886
v -0.70856577 -0.97770020 -0.11384399
v -0.62110677 -0.99019399 -0.10110655
v -0.67179994 -0.98405675 -0.08794697
v -0.98633111 -0.65234976 -0.36041071
v -0.97246982 -0.73142393 -0.32164032
v -0.91009606 -0.86932830 -0.23041644
v -0.94814976 -0.80542451 -0.27834399
v -0.55140944 -0.99515307 -0.29220507
v -0.65367496 -0.98647880 -0.27366696
v -0.56543368 -0.99443154 -0.25399357
v -0.84718080 -0.92592706 -0.22197644
v -0.75540238 -0.96627058 -0.25086804
v -0.81515197 -0.94375365 -0.19485929
v -0.59328988 -0.99259023 -0.17778742
v -0.66740990 -0.98466679 -0.23384774
v -0.57939249 -0.99357585 -0.21582069
v -0.64402029 -0.98773473 -0.16623424
v -0.61622388 -0.99062137 -0.24435622
v -0.74534223 -0.96913858 -0.14069004
v -0.71874458 -0.97555695 -0.22215183
v -0.78093819 -0.95802560 -0.16762365
v -0.69506352 -0.98025547 -0.15389682
v -0.76830806 -0.96233007 -0.20924742
v -0.68134277 -0.98257539 -0.19393815
v -0.99217851 -0.03814282 -0.59863078
v -0.99413495 -0.11352352 -0.57104706
v -0.99678696 -0.26290536 -0.51562731
v -0.99565222 -0.18823254 -0.54344848
v -0.99341639 -0.57201828 -0.39547355
v -0.99657061 -0.49250578 -0.42779405
v -0.99750290 -0.33816089 -0.48732473
v -0.99759724 -0.41456077 -0.45820088
v -0.42933881 -0.98996509 -0.61183207
v -0.53495058 -0.98709309 -0.61005708
v -0.44618119 -0.99277632 -0.57104941
v -0.75279286 -0.95837223 -0.59230661
v -0.64439857 -0.97880683 -0.60493589
v -0.47798130 -0.99565469 -0.49014036
v -0.55122395 -0.98947292 -0.56769033
v -0.46237139 -0.99458886 -0.53037914
v -0.49817644 -0.99158065 -0.56967274
v -0.98483632 -0.66043027 -0.40816836
v -0.96354770 -0.75766986 -0.46826572
v -0.97856677 -0.70076207 -0.38933387
v -0.84920255 -0.91632811 -0.56632192
v -0.92075496 -0.84730529 -0.52366347
v -0.95859961 -0.77831101 -0.34808573
v -0.95060569 -0.79590174 -0.44630146
v -0.96997643 -0.74030450 -0.36930914
v -0.96706299 -0.74909533 -0.41823757
v -0.53691819 -0.99573642 -0.33254841
v -0.61098060 -0.99041912 -0.40017176
v -0.52260755 -0.99613086 -0.37125737
v -0.58794844 -0.99279228 -0.32444537
v -0.76637233 -0.95760063 -0.54535626
v -0.68856532 -0.97936152 -0.47184782
v -0.71409541 -0.97105529 -0.55421404
v -0.49325695 -0.99618254 -0.44982803
v -0.59666834 -0.99105212 -0.44121696
v -0.50806127 -0.99630326 -0.41039669
v -0.52951322 -0.99401670 -0.48690267
v -0.55911529 -0.99407863 -0.40566531
v -0.69171237 -0.98070063 -0.30568162
v -0.66397768 -0.98452799 -0.39196352
v -0.63980256 -0.98805211 -0.31556539
v -0.62557991 -0.98938303 -0.35778091
v -0.60564965 -0.98587836 -0.56473637
v -0.63553481 -0.98657903 -0.47834234
v -0.66003806 -0.98008913 -0.56045474
v -0.56708215 -0.99074310 -0.52531854
v -0.67470734 -0.98017519 -0.51596487
v -0.58220087 -0.99120023 -0.48306624
v -0.87757582 -0.90322607 -0.25022704
v -0.86022170 -0.91664357 -0.34214111
v -0.90335494 -0.87736305 -0.27626286
v -0.83761075 -0.93174157 -0.26683326
v -0.81701690 -0.93768182 -0.53267620
v -0.84041734 -0.92849965 -0.43633072
v -0.86070150 -0.91175012 -0.51654348
v -0.78049038 -0.95501330 -0.49810637
v -0.94378710 -0.81455856 -0.32523643
v -0.88844227 -0.89256801 -0.37004132
v -0.92548537 -0.84762774 -0.30137945
v -0.93911550 -0.82324850 -0.37341678
v -0.89615961 -0.88513068 -0.32285238
v -0.74327792 -0.96956436 -0.29437587
v -0.81689471 -0.94245183 -0.35782080
v -0.79226314 -0.95365103 -0.28154417
v -0.73035632 -0.97265059 -0.33831596
v -0.82752937 -0.93726877 -0.31216953
v -0.92771052 -0.84001323 -0.47284420
v -0.88004974 -0.89961185 -0.41848266
v -0.89788077 -0.87893851 -0.49644489
v -0.93382189 -0.83178791 -0.42268751
v -0.87089093 -0.90606978 -0.46713465
v -0.91306220 -0.86422630 -0.39716079
v -0.70328652 -0.97760025 -0.42734736
v -0.80554913 -0.94724124 -0.40447188
v -0.74221437 -0.96805654 -0.46271358
v -0.71704082 -0.97535464 -0.38269715
v -0.79349008 -0.95147764 -0.45103132
v -0.76860293 -0.96171996 -0.37144139
v -0.03814282 -0.59863078 -0.99217851
v -0.11352352 -0.57104706 -0.99413495
v -0.06265551 -0.63501960 -0.98876007
v -0.03750297 -0.55432757 -0.99510491
v -0.26290536 -0.51562731 -0.99678696
v -0.18823254 -0.54344848 -0.99565222
v -0.11384399 -0.70856577 -0.97770020
v -0.13927886 -0.60722839 -0.99146338
v -0.08794697 -0.67179994 -0.98405675
v -0.10110655 -0.62110677 -0.99019399
v -0.03633924 -0.46860067 -0.99822748
v -0.11167419 -0.52703700 -0.99639548
v -0.03690912 -0.51088751 -0.99701433
v -0.07475059 -0.54066247 -0.99579297
v -0.57201828 -0.39547355 -0.99341639
v -0.49250578 -0.42779405 -0.99657061
v -0.33816089 -0.48732473 -0.99750290
v -0.41456077 -0.45820088 -0.99759724
v -0.22197644 -0.84718080 -0.92592706
v -0.25086804 -0.75540238 -0.96627058
v -0.19485929 -0.81515197 -0.94375365
v -0.29220507 -0.55140944 -0.99515307
v -0.27366696 -0.65367496 -0.98647880
v -0.25399357 -0.56543368 -0.99443154
v -0.14069004 -0.74534223 -0.96913858
v -0.22215183 -0.71874458 -0.97555695
v -0.16762365 -0.78093819 -0.95802560
v -0.15389682 -0.69506352 -0.98025547
v -0.20924742 -0.76830806 -0.96233007
v -0.17778742 -0.59328988 -0.99259023
v -0.23384774 -0.66740990 -0.98466679
v -0.21582069 -0.57939249 -0.99357585
v -0.16623424 -0.64402029 -0.98773473
v -0.24435622 -0.61622388 -0.99062137
v -0.19393815 -0.68134277 -0.98257539
v -0.03460591 -0.30918034 -0.99985436
v -0.10565346 -0.36073628 -0.99963216
v -0.03498946 -0.34749778 -0.99970632
v -0.25890960 -0.47164987 -0.99810614
v -0.18003311 -0.41463802 -0.99914554
v -0.22218900 -0.48557533 -0.99778301
v -0.03588619 -0.42694530 -0.99898800
v -0.10697919 -0.40051502 -0.99931061
v -0.03540713 -0.38678065 -0.99944122
v -0.07251829 -0.45505690 -0.99851453
v -0.07064373 -0.37373550 -0.99954528
v -0.14879822 -0.51314508 -0.99693184
v -0.14449047 -0.42819452 -0.99896853
v -0.18546189 -0.49942738 -0.99738992
v -0.11015144 -0.48379661 -0.99785109
v -0.18272484 -0.45642898 -0.99848113
v -0.10858845 -0.44156808 -0.99876041
v -0.98714403 -0.02402475 -0.64896143
v -0.97481101 -0.07402170 -0.72223597
v -0.98876007 -0.06265551 -0.63501960
v -0.91896991 -0.17897383 -0.85754038
v -0.95335022 -0.12612858 -0.79328317
v -0.99146338 -0.13927886 -0.60722839
v -0.97770020 -0.11384399 -0.70856577
v -0.99019399 -0.10110655 -0.62110677
v -0.98405675 -0.08794697 -0.67179994
v -0.65234976 -0.36041071 -0.98633111
v -0.73142393 -0.32164032 -0.97246982
v -0.86932830 -0.23041644 -0.91009606
v -0.80542451 -0.27834399 -0.94814976
v -0.99515307 -0.29220507 -0.55140944
v -0.98647880 -0.27366696 -0.65367496
v -0.99443154 -0.25399357 -0.56543368
v -0.92592706 -0.22197644 -0.84718080
v -0.96627058 -0.25086804 -0.75540238
v -0.94375365 -0.19485929 -0.81515197
v -0.99259023 -0.17778742 -0.59328988
v -0.98466679 -0.23384774 -0.66740990
v -0.99357585 -0.21582069 -0.57939249
v -0.98773473 -0.16623424 -0.64402029
v -0.99062137 -0.24435622 -0.61622388
v -0.96913858 -0.14069004 -0.74534223
v -0.97555695 -0.22215183 -0.71874458
v -0.95802560 -0.16762365 -0.78093819
v -0.98025547 -0.15389682 -0.69506352
v -0.96233007 -0.20924742 -0.76830806
v -0.98257539 -0.19393815 -0.68134277
v -0.40816836 -0.98483632 -0.66043027
v -0.46826572 -0.96354770 -0.75766986
v -0.38933387 -0.97856677 -0.70076207
v -0.46076086 -0.98392288 -0.66059097
v -0.56632192 -0.84920255 -0.91632811
v -0.52366347 -0.92075496 -0.84730529
v -0.34808573 -0.95859961 -0.77831101
v -0.44630146 -0.95060569 -0.79590174
v -0.36930914 -0.96997643 -0.74030450
v -0.41823757 -0.96706299 -0.74909533
v -0.56969357 -0.97956707 -0.65955092
v -0.52389499 -0.96119390 -0.75868446
v -0.51473018 -0.98231036 -0.66039970
v -0.49257882 -0.97472969 -0.70997719
v -0.61183207 -0.42933881 -0.98996509
v -0.61005708 -0.53495058 -0.98709309
v -0.57104941 -0.44618119 -0.99277632
v -0.59230661 -0.75279286 -0.95837223
v -0.60493589 -0.64439857 -0.97880683
v -0.49014036 -0.47798130 -0.99565469
v -0.56769033 -0.55122395 -0.98947292
v -0.53037914 -0.46237139 -0.99458886
v -0.56967274 -0.49817644 -0.99158065
v -0.25022704 -0.87757582 -0.90322607
v -0.34214111 -0.86022170 -0.91664357
v -0.27626286 -0.90335494 -0.87736305
v -0.26683326 -0.83761075 -0.93174157
v -0.53267620 -0.81701690 -0.93768182
v -0.43633072 -0.84041734 -0.92849965
v -0.51654348 -0.86070150 -0.91175012
v -0.32523643 -0.94378710 -0.81455856
v -0.37004132 -0.88844227 -0.89256801
v -0.30137945 -0.92548537 -0.84762774
v -0.37341678 -0.93911550 -0.82324850
v -0.32285238 -0.89615961 -0.88513068
v -0.29437587 -0.74327792 -0.96956436
v -0.35782080 -0.81689471 -0.94245183
v -0.28154417 -0.79226314 -0.95365103
v -0.31216953 -0.82752937 -0.93726877
v -0.47284420 -0.92771052 -0.84001323
v -0.41848266 -0.88004974 -0.89961185
v -0.49644489 -0.89788077 -0.87893851
v -0.42268751 -0.93382189 -0.83178791
v -0.46713465 -0.87089093 -0.90606978
v -0.39716079 -0.91306220 -0.86422630
v -0.78944922 -0.94010993 -0.63820900
v -0.75224634 -0.92897819 -0.74864813
v -0.73707325 -0.95649426 -0.64778388
v -0.62355049 -0.83977519 -0.91594253
v -0.69746390 -0.89695220 -0.84504602
v -0.60477204 -0.88122228 -0.88571153
v -0.62614694 -0.97496019 -0.65761527
v -0.69657174 -0.94243729 -0.75491620
v -0.68202995 -0.96768831 -0.65395771
v -0.60496726 -0.96815794 -0.70939994
v -0.71853851 -0.95152910 -0.70246272
v -0.55415568 -0.94164639 -0.80586533
v -0.67019317 -0.92797152 -0.80435119
v -0.58134455 -0.91531148 -0.84856670
v -0.58106652 -0.95734350 -0.75931370
v -0.63966653 -0.90769486 -0.84813144
v -0.63900577 -0.95142476 -0.75833921
v -0.33254841 -0.53691819 -0.99573642
v -0.40017176 -0.61098060 -0.99041912
v -0.37125737 -0.52260755 -0.99613086
v -0.32444537 -0.58794844 -0.99279228
v -0.54535626 -0.76637233 -0.95760063
v -0.47184782 -0.68856532 -0.97936152
v -0.55421404 -0.71409541 -0.97105529
v -0.49810637 -0.78049038 -0.95501330
v -0.44982803 -0.49325695 -0.99618254
v -0.44121696 -0.59666834 -0.99105212
v -0.41039669 -0.50806127 -0.99630326
v -0.48690267 -0.52951322 -0.99401670
v -0.40566531 -0.55911529 -0.99407863
v -0.30568162 -0.69171237 -0.98070063
v -0.39196352 -0.66397768 -0.98452799
v -0.31556539 -0.63980256 -0.98805211
v -0.33831596 -0.73035632 -0.97265059
v -0.35778091 -0.62557991 -0.98938303
v -0.56473637 -0.60564965 -0.98587836
v -0.47834234 -0.63553481 -0.98657903
v -0.56045474 -0.66003806 -0.98008913
v -0.52531854 -0.56708215 -0.99074310
v -0.51596487 -0.67470734 -0.98017519
v -0.48306624 -0.58220087 -0.99120023
v -0.40447188 -0.80554913 -0.94724124
v -0.42734736 -0.70328652 -0.97760025
v -0.45103132 -0.79349008 -0.95147764
v -0.37144139 -0.76860293 -0.96171996
v -0.46271358 -0.74221437 -0.96805654
v -0.38269715 -0.71704082 -0.97535464
v -0.03342216 -0.02065603 -1.00000000
v -0.10068114 -0.06222437 -0.99999982
v -0.03346226 -0.05534652 -0.99999999
v -0.23990029 -0.14826653 -0.99996646
v -0.16920427 -0.10457399 -0.99999587
v -0.03365612 -0.12529073 -0.99999936
v -0.10093305 -0.09731920 -0.99999968
v -0.03353486 -0.09024816 -0.99999991
v -0.06710903 -0.07625266 -0.99999995
v -0.56508281 -0.34924038 -0.99418725
v -0.47541457 -0.29382236 -0.99795802
v -0.52574204 -0.36589274 -0.99604158
v -0.31376894 -0.19391987 -0.99983203
v -0.39190499 -0.24221061 -0.99936147
v -0.44815009 -0.39758710 -0.99798134
v -0.43792504 -0.30987745 -0.99867247
v -0.48669515 -0.38200931 -0.99724809
v -0.48099036 -0.33732707 -0.99767720
v -0.03451374 -0.26991791 -0.99993554
v -0.10312932 -0.24180984 -0.99996648
v -0.03422064 -0.23309808 -0.99997326
v -0.06931822 -0.29487108 -0.99989039
v -0.24117452 -0.18524085 -0.99996046
v -0.17178174 -0.21368169 -0.99997985
v -0.20527528 -0.16265588 -0.99998444
v -0.03377629 -0.16103438 -0.99999709
v -0.10236503 -0.20520195 -0.99998736
v -0.03398127 -0.19678171 -0.99999032
v -0.06756448 -0.14696462 -0.99999830
v -0.06835737 -0.21914069 -0.99998152
v -0.14109576 -0.34611527 -0.99971195
v -0.13861884 -0.26643591 -0.99993919
v -0.10484393 -0.32027003 -0.99981983
v -0.10400841 -0.28060651 -0.99991841
v -0.13538972 -0.11884972 -0.99999850
v -0.13672723 -0.19100572 -0.99999082
v -0.17001525 -0.14052540 -0.99999469
v -0.10145005 -0.13288878 -0.99999890
v -0.17086892 -0.17691599 -0.99999074
v -0.10192208 -0.16887240 -0.99999595
v -0.29736449 -0.45661884 -0.99836744
v -0.29118765 -0.37025783 -0.99946828
v -0.33445250 -0.44233895 -0.99851274
v -0.25645624 -0.42784466 -0.99892744
v -0.27924648 -0.20925071 -0.99990696
v -0.28512556 -0.28808356 -0.99981509
v -0.31698287 -0.23310502 -0.99980410
v -0.24375584 -0.22359427 -0.99994421
v -0.40963065 -0.41296686 -0.99837935
v -0.32718163 -0.35580371 -0.99945666
v -0.37190644 -0.42777641 -0.99853232
v -0.40509054 -0.36867107 -0.99884168
v -0.33078425 -0.39846023 -0.99911265
v -0.17861121 -0.37278187 -0.99954680
v -0.25140938 -0.34349701 -0.99968389
v -0.21687989 -0.39989785 -0.99929981
v -0.17689427 -0.33167268 -0.99977289
v -0.25395150 -0.38508803 -0.99941092
v -0.39602687 -0.28323754 -0.99926964
v -0.32369924 -0.31375488 -0.99964896
v -0.35590651 -0.25776341 -0.99961200
v -0.40055196 -0.32540374 -0.99911182
v -0.32028835 -0.27306695 -0.99975082
v -0.36360643 -0.34072346 -0.99935303
v -0.17367935 -0.25206106 -0.99995268
v -0.24888763 -0.30242500 -0.99983280
v -0.20854833 -0.23788074 -0.99995608
v -0.17525577 -0.29140948 -0.99989308
v -0.24632124 -0.26267738 -0.99990800
v -0.21284570 -0.31709214 -0.99981500
v -0.98996509 -0.61183207 -0.42933881
v -0.98709309 -0.61005708 -0.53495058
v -0.99277632 -0.57104941 -0.44618119
v -0.98392288 -0.66059097 -0.46076086
v -0.95837223 -0.59230661 -0.75279286
v -0.97880683 -0.60493589 -0.64439857
v -0.99565469 -0.49014036 -0.47798130
v -0.98947292 -0.56769033 -0.55122395
v -0.99458886 -0.53037914 -0.46237139
v -0.99158065 -0.56967274 -0.49817644
v -0.96119390 -0.75868446 -0.52389499
v -0.97956707 -0.65955092 -0.56969357
v -0.97472969 -0.70997719 -0.49257882
v -0.98231036 -0.66039970 -0.51473018
v -0.66043027 -0.40816836 -0.98483632
v -0.75766986 -0.46826572 -0.96354770
v -0.70076207 -0.38933387 -0.97856677
v -0.66059097 -0.46076086 -0.98392288
v -0.91632811 -0.56632192 -0.84920255
v -0.84730529 -0.52366347 -0.92075496
v -0.77831101 -0.34808573 -0.95859961
v -0.79590174 -0.44630146 -0.95060569
v -0.74030450 -0.36930914 -0.96997643
v -0.74909533 -0.41823757 -0.96706299
v -0.65955092 -0.56969357 -0.97956707
v -0.75868446 -0.52389499 -0.96119390
v -0.66039970 -0.51473018 -0.98231036
v -0.70997719 -0.49257882 -0.97472969
v -0.99573642 -0.33254841 -0.53691819
v -0.99041912 -0.40017176 -0.61098060
v -0.99613086 -0.37125737 -0.52260755
v -0.99279228 -0.32444537 -0.58794844
v -0.95760063 -0.54535626 -0.76637233
v -0.97936152 -0.47184782 -0.68856532
v -0.97105529 -0.55421404 -0.71409541
v -0.99618254 -0.44982803 -0.49325695
v -0.99105212 -0.44121696 -0.59666834
v -0.99630326 -0.41039669 -0.50806127
v -0.99401670 -0.48690267 -0.52951322
v -0.99407863 -0.40566531 -0.55911529
v -0.98070063 -0.30568162 -0.69171237
v -0.98452799 -0.39196352 -0.66397768
v -0.98805211 -0.31556539 -0.63980256
v -0.98938303 -0.35778091 -0.62557991
v -0.98587836 -0.56473637 -0.60564965
v -0.98657903 -0.47834234 -0.63553481
v -0.98008913 -0.56045474 -0.66003806
v -0.99074310 -0.52531854 -0.56708215
v -0.98017519 -0.51596487 -0.67470734
v -0.99120023 -0.48306624 -0.58220087
v -0.83977519 -0.91594253 -0.62355049
v -0.89695220 -0.84504602 -0.69746390
v -0.88122228 -0.88571153 -0.60477204
v -0.82529924 -0.91423849 -0.68139252
v -0.94010993 -0.63820900 -0.78944922
v -0.92897819 -0.74864813 -0.75224634
v -0.95649426 -0.64778388 -0.73707325
v -0.94164639 -0.80586533 -0.55415568
v -0.92797152 -0.80435119 -0.67019317
v -0.91531148 -0.84856670 -0.58134455
v -0.95734350 -0.75931370 -0.58106652
v -0.90769486 -0.84813144 -0.63966653
v -0.78400957 -0.89762361 -0.79086441
v -0.88011609 -0.83942645 -0.75510156
v -0.80701357 -0.90854738 -0.73780752
v -0.85596959 -0.88062358 -0.72084188
v -0.97496019 -0.65761527 -0.62614694
v -0.94243729 -0.75491620 -0.69657174
v -0.96768831 -0.65395771 -0.68202995
v -0.96815794 -0.70939994 -0.60496726
v -0.95152910 -0.70246272 -0.71853851
v -0.95142476 -0.75833921 -0.63900577
v -0.90322607 -0.25022704 -0.87757582
v -0.91664357 -0.34214111 -0.86022170
v -0.87736305 -0.27626286 -0.90335494
v -0.93174157 -0.26683326 -0.83761075
v -0.93768182 -0.53267620 -0.81701690
v -0.92849965 -0.43633072 -0.84041734
v -0.91175012 -0.51654348 -0.86070150
v -0.95501330 -0.49810637 -0.78049038
v -0.81455856 -0.32523643 -0.94378710
v -0.89256801 -0.37004132 -0.88844227
v -0.84762774 -0.30137945 -0.92548537
v -0.82324850 -0.37341678 -0.93911550
v -0.88513068 -0.32285238 -0.89615961
v -0.96956436 -0.29437587 -0.74327792
v -0.94245183 -0.35782080 -0.81689471
v -0.95365103 -0.28154417 -0.79226314
v -0.97265059 -0.33831596 -0.73035632
v -0.93726877 -0.31216953 -0.82752937
v -0.84001323 -0.47284420 -0.92771052
v -0.89961185 -0.41848266 -0.88004974
v -0.87893851 -0.49644489 -0.89788077
v -0.83178791 -0.42268751 -0.93382189
v -0.90606978 -0.46713465 -0.87089093
v -0.86422630 -0.39716079 -0.91306220
v -0.97760025 -0.42734736 -0.70328652
v -0.94724124 -0.40447188 -0.80554913
v -0.96805654 -0.46271358 -0.74221437
v -0.97535464 -0.38269715 -0.71704082
v -0.95147764 -0.45103132 -0.79349008
v -0.96171996 -0.37144139 -0.76860293
v -0.63820900 -0.78944922 -0.94010993
v -0.74864813 -0.75224634 -0.92897819
v -0.64778388 -0.73707325 -0.95649426
v -0.68139252 -0.82529924 -0.91423849
v -0.91594253 -0.62355049 -0.83977519
v -0.84504602 -0.69746390 -0.89695220
v -0.88571153 -0.60477204 -0.88122228
v -0.91423849 -0.68139252 -0.82529924
v -0.65761527 -0.62614694 -0.97496019
v -0.75491620 -0.69657174 -0.94243729
v -0.65395771 -0.68202995 -0.96768831
v -0.70939994 -0.60496726 -0.96815794
v -0.70246272 -0.71853851 -0.95152910
v -0.75510156 -0.88011609 -0.83942645
v -0.79086441 -0.78400957 -0.89762361
v -0.72084188 -0.85596959 -0.88062358
v -0.80929813 -0.85747530 -0.82770017
v -0.73780752 -0.80701357 -0.90854738
v -0.80586533 -0.55415568 -0.94164639
v -0.80435119 -0.67019317 -0.92797152
v -0.84856670 -0.58134455 -0.91531148
v -0.75931370 -0.58106652 -0.95734350
v -0.84813144 -0.63966653 -0.90769486
v -0.75833921 -0.63900577 -0.95142476
v -0.89762361 -0.79086441 -0.78400957
v -0.83942645 -0.75510156 -0.88011609
v -0.90854738 -0.73780752 -0.80701357
v -0.85747530 -0.82770017 -0.80929813
v -0.88062358 -0.72084188 -0.85596959
v -0.82770017 -0.80929813 -0.85747530
v -0.03814282 0.59863078 -0.99217851
v -0.11352352 0.57104706 -0.99413495
v -0.06265551 0.63501960 -0.98876007
v -0.03750297 0.55432757 -0.99510491
v -0.26290536 0.51562731 -0.99678696
v -0.18823254 0.54344848 -0.99565222
v -0.11384399 0.70856577 -0.97770020
v -0.13927886 0.60722839 -0.99146338
v -0.08794697 0.67179994 -0.98405675
v -0.10110655 0.62110677 -0.99019399
v -0.03633924 0.46860067 -0.99822748
v -0.11167419 0.52703700 -0.99639548
v -0.03690912 0.51088751 -0.99701433
v -0.07475059 0.54066247 -0.99579297
v -0.57201828 0.39547355 -0.99341639
v -0.49250578 0.42779405 -0.99657061
v -0.33816089 0.48732473 -0.99750290
v -0.41456077 0.45820088 -0.99759724
v -0.22197644 0.84718080 -0.92592706
v -0.25086804 0.75540238 -0.96627058
v -0.19485929 0.81515197 -0.94375365
v -0.29220507 0.55140944 -0.99515307
v -0.27366696 0.65367496 -0.98647880
v -0.25399357 0.56543368 -0.99443154
v -0.14069004 0.74534223 -0.96913858
v -0.22215183 0.71874458 -0.97555695
v -0.16762365 0.78093819 -0.95802560
v -0.15389682 0.69506352 -0.98025547
v -0.20924742 0.76830806 -0.96233007
v -0.17778742 0.59328988 -0.99259023
v -0.23384774 0.66740990 -0.98466679
v -0.21582069 0.57939249 -0.99357585
v -0.16623424 0.64402029 -0.98773473
v -0.24435622 0.61622388 -0.99062137
v -0.19393815 0.68134277 -0.98257539
v -0.03460591 0.30918034 -0.99985436
v -0.10565346 0.36073628 -0.99963216
v -0.03498946 0.34749778 -0.99970632
v -0.25890960 0.47164987 -0.99810614
v -0.18003311 0.41463802 -0.99914554
v -0.22218900 0.48557533 -0.99778301
v -0.03588619 0.42694530 -0.99898800
v -0.10697919 0.40051502 -0.99931061
v -0.03540713 0.38678065 -0.99944122
v -0.07251829 0.45505690 -0.99851453
v -0.07064373 0.37373550 -0.99954528
v -0.14879822 0.51314508 -0.99693184
v -0.14449047 0.42819452 -0.99896853
v -0.18546189 0.49942738 -0.99738992
v -0.11015144 0.48379661 -0.99785109
v -0.18272484 0.45642898 -0.99848113
v -0.10858845 0.44156808 -0.99876041
v -0.98714403 0.02402475 -0.64896143
v -0.97481101 0.07402170 -0.72223597
v -0.98876007 0.06265551 -0.63501960
v -0.98188198 0.00000000 -0.68565184
v -0.91896991 0.17897383 -0.85754038
v -0.95335022 0.12612858 -0.79328317
v -0.99146338 0.13927886 -0.60722839
v -0.97770020 0.11384399 -0.70856577
v -0.99019399 0.10110655 -0.62110677
v -0.98405675 0.08794697 -0.67179994
v -0.96546640 -0.04985500 -0.75829172
v -0.96546640 0.04985500 -0.75829172
v -0.97479763 -0.02467313 -0.72229604
v -0.97479763 0.02467313 -0.72229604
v -0.65234976 0.36041071 -0.98633111
v -0.73142393 0.32164032 -0.97246982
v -0.86932830 0.23041644 -0.91009606
v -0.80542451 0.27834399 -0.94814976
v -0.99515307 0.29220507 -0.55140944
v -0.98647880 0.27366696 -0.65367496
v -0.99443154 0.25399357 -0.56543368
v -0.92592706 0.22197644 -0.84718080
v -0.96627058 0.25086804 -0.75540238
v -0.94375365 0.19485929 -0.81515197
v -0.99259023 0.17778742 -0.59328988
v -0.98466679 0.23384774 -0.66740990
v -0.99357585 0.21582069 -0.57939249
v -0.98773473 0.16623424 -0.64402029
v -0.99062137 0.24435622 -0.61622388
v -0.96913858 0.14069004 -0.74534223
v -0.97555695 0.22215183 -0.71874458
v -0.95802560 0.16762365 -0.78093819
v -0.98025547 0.15389682 -0.69506352
v -0.96233007 0.20924742 -0.76830806
v -0.98257539 0.19393815 -0.68134277
v -0.89609407 -0.15317579 -0.88554336
v -0.89609599 -0.05083688 -0.88554527
v -0.91887154 -0.12750400 -0.85768957
v -0.89609407 0.15317579 -0.88554336
v -0.89609599 0.05083688 -0.88554527
v -0.91887154 0.12750400 -0.85768957
v -0.95321584 -0.07567908 -0.79362160
v -0.91877052 -0.02556416 -0.85783357
v -0.93787170 -0.10155496 -0.82679918
v -0.95323861 -0.02522537 -0.79356477
v -0.91880441 -0.07636883 -0.85778573
v -0.95321584 0.07567908 -0.79362160
v -0.91877052 0.02556416 -0.85783357
v -0.93787170 0.10155496 -0.82679918
v -0.95323861 0.02522537 -0.79356477
v -0.91880441 0.07636883 -0.85778573
v -0.93775987 0.00000000 -0.82700949
v -0.40816836 0.98483632 -0.66043027
v -0.46826572 0.96354770 -0.75766986
v -0.38933387 0.97856677 -0.70076207
v -0.46076086 0.98392288 -0.66059097
v -0.56632192 0.84920255 -0.91632811
v -0.52366347 0.92075496 -0.84730529
v -0.34808573 0.95859961 -0.77831101
v -0.44630146 0.95060569 -0.79590174
v -0.36930914 0.96997643 -0.74030450
v -0.41823757 0.96706299 -0.74909533
v -0.56969357 0.97956707 -0.65955092
v -0.52389499 0.96119390 -0.75868446
v -0.51473018 0.98231036 -0.66039970
v -0.49257882 0.97472969 -0.70997719
v -0.61183207 0.42933881 -0.98996509
v -0.61005708 0.53495058 -0.98709309
v -0.57104941 0.44618119 -0.99277632
v -0.59230661 0.75279286 -0.95837223
v -0.60493589 0.64439857 -0.97880683
v -0.49014036 0.47798130 -0.99565469
v -0.56769033 0.55122395 -0.98947292
v -0.53037914 0.46237139 -0.99458886
v -0.56967274 0.49817644 -0.99158065
v -0.25022704 0.87757582 -0.90322607
v -0.34214111 0.86022170 -0.91664357
v -0.27626286 0.90335494 -0.87736305
v -0.26683326 0.83761075 -0.93174157
v -0.53267620 0.81701690 -0.93768182
v -0.43633072 0.84041734 -0.92849965
v -0.51654348 0.86070150 -0.91175012
v -0.32523643 0.94378710 -0.81455856
v -0.37004132 0.88844227 -0.89256801
v -0.30137945 0.92548537 -0.84762774
v -0.37341678 0.93911550 -0.82324850
v -0.32285238 0.89615961 -0.88513068
v -0.29437587 0.74327792 -0.96956436
v -0.35782080 0.81689471 -0.94245183
v -0.28154417 0.79226314 -0.95365103
v -0.31216953 0.82752937 -0.93726877
v -0.47284420 0.92771052 -0.84001323
v -0.41848266 0.88004974 -0.89961185
v -0.49644489 0.89788077 -0.87893851
v -0.42268751 0.93382189 -0.83178791
v -0.46713465 0.87089093 -0.90606978
v -0.39716079 0.91306220 -0.86422630
v -0.78944922 0.94010993 -0.63820900
v -0.75224634 0.92897819 -0.74864813
v -0.73707325 0.95649426 -0.64778388
v -0.62355049 0.83977519 -0.91594253
v -0.69746390 0.89695220 -0.84504602
v -0.60477204 0.88122228 -0.88571153
v -0.62614694 0.97496019 -0.65761527
v -0.69657174 0.94243729 -0.75491620
v -0.68202995 0.96768831 -0.65395771
v -0.60496726 0.96815794 -0.70939994
v -0.71853851 0.95152910 -0.70246272
v -0.55415568 0.94164639 -0.80586533
v -0.67019317 0.92797152 -0.80435119
v -0.58134455 0.91531148 -0.84856670
v -0.58106652 0.95734350 -0.75931370
v -0.63966653 0.90769486 -0.84813144
v -0.63900577 0.95142476 -0.75833921
v -0.33254841 0.53691819 -0.99573642
v -0.40017176 0.61098060 -0.99041912
v -0.37125737 0.52260755 -0.99613086
v -0.32444537 0.58794844 -0.99279228
v -0.54535626 0.76637233 -0.95760063
v -0.47184782 0.68856532 -0.97936152
v -0.55421404 0.71409541 -0.97105529
v -0.49810637 0.78049038 -0.95501330
v -0.44982803 0.49325695 -0.99618254
v -0.44121696 0.59666834 -0.99105212
v -0.41039669 0.50806127 -0.99630326
v -0.48690267 0.52951322 -0.99401670
v -0.40566531 0.55911529 -0.99407863
v -0.30568162 0.69171237 -0.98070063
v -0.39196352 0.66397768 -0.98452799
v -0.31556539 0.63980256 -0.98805211
v -0.33831596 0.73035632 -0.97265059
v -0.35778091 0.62557991 -0.98938303
v -0.56473637 0.60564965 -0.98587836
v -0.47834234 0.63553481 -0.98657903
v -0.56045474 0.66003806 -0.98008913
v -0.52531854 0.56708215 -0.99074310
v -0.51596487 0.67470734 -0.98017519
v -0.48306624 0.58220087 -0.99120023
v -0.40447188 0.80554913 -0.94724124
v -0.42734736 0.70328652 -0.97760025
v -0.45103132 0.79349008 -0.95147764
v -0.37144139 0.76860293 -0.96171996
v -0.46271358 0.74221437 -0.96805654
v -0.38269715 0.71704082 -0.97535464
v -0.03342216 0.02065603 -1.00000000
v -0.10068114 0.06222437 -0.99999982
v -0.03346226 0.05534652 -0.99999999
v -0.06694767 0.00000000 -0.99999998
v -0.23990029 0.14826653 -0.99996646
v -0.16920427 0.10457399 -0.99999587
v -0.03365612 0.12529073 -0.99999936
v -0.10093305 0.09731920 -0.99999968
v -0.03353486 0.09024816 -0.99999991
v -0.06710903 0.07625266 -0.99999995
v -0.13472972 -0.04156313 -0.99999900
v -0.13472972 0.04156313 -0.99999900
v -0.10073864 -0.02074907 -0.99999983
v -0.10073864 0.02074907 -0.99999983
v -0.56508281 0.34924038 -0.99418725
v -0.47541457 0.29382236 -0.99795802
v -0.52574204 0.36589274 -0.99604158
v -0.31376894 0.19391987 -0.99983203
v -0.39190499 0.24221061 -0.99936147
v -0.44815009 0.39758710 -0.99798134
v -0.43792504 0.30987745 -0.99867247
v -0.48669515 0.38200931 -0.99724809
v -0.48099036 0.33732707 -0.99767720
v -0.03451374 0.26991791 -0.99993554
v -0.10312932 0.24180984 -0.99996648
v -0.03422064 0.23309808 -0.99997326
v -0.06931822 0.29487108 -0.99989039
v -0.24117452 0.18524085 -0.99996046
v -0.17178174 0.21368169 -0.99997985
v -0.20527528 0.16265588 -0.99998444
v -0.03377629 0.16103438 -0.99999709
v -0.10236503 0.20520195 -0.99998736
v -0.03398127 0.19678171 -0.99999032
v -0.06756448 0.14696462 -0.99999830
v -0.06835737 0.21914069 -0.99998152
v -0.14109576 0.34611527 -0.99971195
v -0.13861884 0.26643591 -0.99993919
v -0.10484393 0.32027003 -0.99981983
v -0.10400841 0.28060651 -0.99991841
v -0.13538972 0.11884972 -0.99999850
v -0.13672723 0.19100572 -0.99999082
v -0.17001525 0.14052540 -0.99999469
v -0.10145005 0.13288878 -0.99999890
v -0.17086892 0.17691599 -0.99999074
v -0.10192208 0.16887240 -0.99999595
v -0.27637247 -0.12760432 -0.99992500
v -0.27637267 -0.04234571 -0.99992571
v -0.24008178 -0.10564996 -0.99996785
v -0.27637247 0.12760432 -0.99992500
v -0.27637267 0.04234571 -0.99992571
v -0.24008178 0.10564996 -0.99996785
v -0.16955542 -0.06279703 -0.99999603
v -0.24026064 -0.02123298 -0.99996794
v -0.20445824 -0.08403883 -0.99998777
v -0.16949607 -0.02094055 -0.99999605
v -0.24020093 -0.06328828 -0.99996798
v -0.16955542 0.06279703 -0.99999603
v -0.24026064 0.02123298 -0.99996794
v -0.20445824 0.08403883 -0.99998777
v -0.16949607 0.02094055 -0.99999605
v -0.24020093 0.06328828 -0.99996798
v -0.20469421 0.00000000 -0.99998774
v -0.29736449 0.45661884 -0.99836744
v -0.29118765 0.37025783 -0.99946828
v -0.33445250 0.44233895 -0.99851274
v -0.25645624 0.42784466 -0.99892744
v -0.27924648 0.20925071 -0.99990696
v -0.28512556 0.28808356 -0.99981509
v -0.31698287 0.23310502 -0.99980410
v -0.24375584 0.22359427 -0.99994421
v -0.40963065 0.41296686 -0.99837935
v -0.32718163 0.35580371 -0.99945666
v -0.37190644 0.42777641 -0.99853232
v -0.40509054 0.36867107 -0.99884168
v -0.33078425 0.39846023 -0.99911265
v -0.17861121 0.37278187 -0.99954680
v -0.25140938 0.34349701 -0.99968389
v -0.21687989 0.39989785 -0.99929981
v -0.17689427 0.33167268 -0.99977289
v -0.25395150 0.38508803 -0.99941092
v -0.39602687 0.28323754 -0.99926964
v -0.32369924 0.31375488 -0.99964896
v -0.35590651 0.25776341 -0.99961200
v -0.40055196 0.32540374 -0.99911182
v -0.32028835 0.27306695 -0.99975082
v -0.36360643 0.34072346 -0.99935303
v -0.17367935 0.25206106 -0.99995268
v -0.24888763 0.30242500 -0.99983280
v -0.20854833 0.23788074 -0.99995608
v -0.17525577 0.29140948 -0.99989308
v -0.24632124 0.26267738 -0.99990800
v -0.21284570 0.31709214 -0.99981500
v -0.98996509 0.61183207 -0.42933881
v -0.98709309 0.61005708 -0.53495058
v -0.99277632 0.57104941 -0.44618119
v -0.98392288 0.66059097 -0.46076086
v -0.95837223 0.59230661 -0.75279286
v -0.97880683 0.60493589 -0.64439857
v -0.99565469 0.49014036 -0.47798130
v -0.98947292 0.56769033 -0.55122395
v -0.99458886 0.53037914 -0.46237139
v -0.99158065 0.56967274 -0.49817644
v -0.96119390 0.75868446 -0.52389499
v -0.97956707 0.65955092 -0.56969357
v -0.97472969 0.70997719 -0.49257882
v -0.98231036 0.66039970 -0.51473018
v -0.66043027 0.40816836 -0.98483632
v -0.75766986 0.46826572 -0.96354770
v -0.70076207 0.38933387 -0.97856677
v -0.66059097 0.46076086 -0.98392288
v -0.91632811 0.56632192 -0.84920255
v -0.84730529 0.52366347 -0.92075496
v -0.77831101 0.34808573 -0.95859961
v -0.79590174 0.44630146 -0.95060569
v -0.74030450 0.36930914 -0.96997643
v -0.74909533 0.41823757 -0.96706299
v -0.65955092 0.56969357 -0.97956707
v -0.75868446 0.52389499 -0.96119390
v -0.66039970 0.51473018 -0.98231036
v -0.70997719 0.49257882 -0.97472969
v -0.99573642 0.33254841 -0.53691819
v -0.99041912 0.40017176 -0.61098060
v -0.99613086 0.37125737 -0.52260755
v -0.99279228 0.32444537 -0.58794844
v -0.95760063 0.54535626 -0.76637233
v -0.97936152 0.47184782 -0.68856532
v -0.97105529 0.55421404 -0.71409541
v -0.99618254 0.44982803 -0.49325695
v -0.99105212 0.44121696 -0.59666834
v -0.99630326 0.41039669 -0.50806127
v -0.99401670 0.48690267 -0.52951322
v -0.99407863 0.40566531 -0.55911529
v -0.98070063 0.30568162 -0.69171237
v -0.98452799 0.39196352 -0.66397768
v -0.98805211 0.31556539 -0.63980256
v -0.98938303 0.35778091 -0.62557991
v -0.98587836 0.56473637 -0.60564965
v -0.98657903 0.47834234 -0.63553481
v -0.98008913 0.56045474 -0.66003806
v -0.99074310 0.52531854 -0.56708215
v -0.98017519 0.51596487 -0.67470734
v -0.99120023 0.48306624 -0.58220087
v -0.83977519 0.91594253 -0.62355049
v -0.89695220 0.84504602 -0.69746390
v -0.88122228 0.88571153 -0.60477204
v -0.82529924 0.91423849 -0.68139252
v -0.94010993 0.63820900 -0.78944922
v -0.92897819 0.74864813 -0.75224634
v -0.95649426 0.64778388 -0.73707325
v -0.94164639 0.80586533 -0.55415568
v -0.92797152 0.80435119 -0.67019317
v -0.91531148 0.84856670 -0.58134455
v -0.95734350 0.75931370 -0.58106652
v -0.90769486 0.84813144 -0.63966653
v -0.78400957 0.89762361 -0.79086441
v -0.88011609 0.83942645 -0.75510156
v -0.80701357 0.90854738 -0.73780752
v -0.85596959 0.88062358 -0.72084188
v -0.97496019 0.65761527 -0.62614694
v -0.94243729 0.75491620 -0.69657174
v -0.96768831 0.65395771 -0.68202995
v -0.96815794 0.70939994 -0.60496726
v -0.95152910 0.70246272 -0.71853851
v -0.95142476 0.75833921 -0.63900577
v -0.90322607 0.25022704 -0.87757582
v -0.91664357 0.34214111 -0.86022170
v -0.87736305 0.27626286 -0.90335494
v -0.93174157 0.26683326 -0.83761075
v -0.93768182 0.53267620 -0.81701690
v -0.92849965 0.43633072 -0.84041734
v -0.91175012 0.51654348 -0.86070150
v -0.95501330 0.49810637 -0.78049038
v -0.81455856 0.32523643 -0.94378710
v -0.89256801 0.37004132 -0.88844227
v -0.84762774 0.30137945 -0.92548537
v -0.82324850 0.37341678 -0.93911550
v -0.88513068 0.32285238 -0.89615961
v -0.96956436 0.29437587 -0.74327792
v -0.94245183 0.35782080 -0.81689471
v -0.95365103 0.28154417 -0.79226314
v -0.97265059 0.33831596 -0.73035632
v -0.93726877 0.31216953 -0.82752937
v -0.84001323 0.47284420 -0.92771052
v -0.89961185 0.41848266 -0.88004974
v -0.87893851 0.49644489 -0.89788077
v -0.83178791 0.42268751 -0.93382189
v -0.90606978 0.46713465 -0.87089093
v -0.86422630 0.39716079 -0.91306220
v -0.97760025 0.42734736 -0.70328652
v -0.94724124 0.40447188 -0.80554913
v -0.96805654 0.46271358 -0.74221437
v -0.97535464 0.38269715 -0.71704082
v -0.95147764 0.45103132 -0.79349008
v -0.96171996 0.37144139 -0.76860293
v -0.63820900 0.78944922 -0.94010993
v -0.74864813 0.75224634 -0.92897819
v -0.64778388 0.73707325 -0.95649426
v -0.68139252 0.82529924 -0.91423849
v -0.91594253 0.62355049 -0.83977519
v -0.84504602 0.69746390 -0.89695220
v -0.88571153 0.60477204 -0.88122228
v -0.91423849 0.68139252 -0.82529924
v -0.65761527 0.62614694 -0.97496019
v -0.75491620 0.69657174 -0.94243729
v -0.65395771 0.68202995 -0.96768831
v -0.70939994 0.60496726 -0.96815794
v -0.70246272 0.71853851 -0.95152910
v -0.75510156 0.88011609 -0.83942645
v -0.79086441 0.78400957 -0.89762361
v -0.72084188 0.85596959 -0.88062358
v -0.80929813 0.85747530 -0.82770017
v -0.73780752 0.80701357 -0.90854738
v -0.80586533 0.55415568 -0.94164639
v -0.80435119 0.67019317 -0.92797152
v -0.84856670 0.58134455 -0.91531148
v -0.75931370 0.58106652 -0.95734350
v -0.84813144 0.63966653 -0.90769486
v -0.75833921 0.63900577 -0.95142476
v -0.89762361 0.79086441 -0.78400957
v -0.83942645 0.75510156 -0.88011609
v -0.90854738 0.73780752 -0.80701357
v -0.85747530 0.82770017 -0.80929813
v -0.88062358 0.72084188 -0.85596959
v -0.82770017 0.80929813 -0.85747530
v -0.61234476 -0.32849318 -0.99079464
v -0.61245729 -0.23172555 -0.99097671
v -0.65204761 -0.31022913 -0.98660127
v -0.56569949 -0.30078830 -0.99433479
v -0.61247309 -0.04577270 -0.99100228
v -0.61247239 -0.13788586 -0.99100115
v -0.73040003 -0.27085020 -0.97285154
v -0.65145702 -0.21261511 -0.98681792
v -0.69159802 -0.29102413 -0.98075885
v -0.65173987 -0.26095807 -0.98674261
v -0.47669518 -0.24780808 -0.99799573
v -0.56654733 -0.20639799 -0.99439779
v -0.52037843 -0.27382981 -0.99659130
v -0.56617292 -0.25314314 -0.99438837
v -0.61234476 0.32849318 -0.99079464
v -0.61245729 0.23172555 -0.99097671
v -0.65204761 0.31022913 -0.98660127
v -0.56569949 0.30078830 -0.99433479
v -0.61247309 0.04577270 -0.99100228
v -0.61247239 0.13788586 -0.99100115
v -0.73040003 0.27085020 -0.97285154
v -0.65145702 0.21261511 -0.98681792
v -0.69159802 0.29102413 -0.98075885
v -0.65173987 0.26095807 -0.98674261
v -0.47669518 0.24780808 -0.99799573
v -0.56654733 0.20639799 -0.99439779
v -0.52037843 0.27382981 -0.99659130
v -0.56617292 0.25314314 -0.99438837
v -0.86803958 -0.17922801 -0.91114515
v -0.80213804 -0.12649246 -0.94968274
v -0.83773162 -0.20359661 -0.93173934
v -0.86819042 -0.12769318 -0.91103433
v -0.65088145 -0.02406380 -0.98690636
v -0.72793869 -0.07422410 -0.97350813
v -0.65094099 -0.07059132 -0.98689891
v -0.76846842 -0.24941143 -0.96224635
v -0.76662426 -0.14936403 -0.96288719
v -0.80428417 -0.22705609 -0.94872285
v -0.72976718 -0.22072170 -0.97305547
v -0.80318457 -0.17643670 -0.94922520
v -0.86833592 -0.02561776 -0.91092104
v -0.80248913 -0.07591455 -0.94953243
v -0.86828757 -0.07648535 -0.91095903
v -0.83672207 -0.10180815 -0.93234638
v -0.65123668 -0.16454895 -0.98685844
v -0.72829498 -0.12239528 -0.97342411
v -0.65105803 -0.11742357 -0.98688385
v -0.69044088 -0.19233234 -0.98106182
v -0.68973293 -0.09618311 -0.98119283
v -0.72906241 -0.17123201 -0.97323947
v -0.31550870 -0.15121120 -0.99983353
v -0.39579778 -0.11091969 -0.99935791
v -0.35376557 -0.17422251 -0.99966837
v -0.31531117 -0.10774837 -0.99983588
v -0.56722664 -0.02366395 -0.99437013
v -0.47952424 -0.06862550 -0.99796330
v -0.56715739 -0.06872423 -0.99437430
v -0.43402178 -0.22230683 -0.99886257
v -0.43614259 -0.13370389 -0.99884859
v -0.39328875 -0.19793512 -0.99937223
v -0.47745435 -0.20216649 -0.99800427
v -0.39458201 -0.15414778 -0.99936773
v -0.31511585 -0.02167184 -0.99983675
v -0.39538388 -0.06661635 -0.99936223
v -0.31518113 -0.06454540 -0.99983654
v -0.35500728 -0.08741044 -0.99966601
v -0.56681077 -0.15971945 -0.99439236
v -0.47912276 -0.11251825 -0.99797324
v -0.56702198 -0.11410450 -0.99438211
v -0.52179426 -0.18130661 -0.99660142
v -0.52260334 -0.09098277 -0.99657539
v -0.47825900 -0.15704573 -0.99799299
v -0.86803958 0.17922801 -0.91114515
v -0.80213804 0.12649246 -0.94968274
v -0.83773162 0.20359661 -0.93173934
v -0.86819042 0.12769318 -0.91103433
v -0.65088145 0.02406380 -0.98690636
v -0.72793869 0.07422410 -0.97350813
v -0.65094099 0.07059132 -0.98689891
v -0.68949426 0.00000000 -0.98123390
v -0.76846842 0.24941143 -0.96224635
v -0.76662426 0.14936403 -0.96288719
v -0.80428417 0.22705609 -0.94872285
v -0.72976718 0.22072170 -0.97305547
v -0.80318457 0.17643670 -0.94922520
v -0.86833592 0.02561776 -0.91092104
v -0.80248913 0.07591455 -0.94953243
v -0.86828757 0.07648535 -0.91095903
v -0.83693782 0.00000000 -0.93222092
v -0.83672207 0.10180815 -0.93234638
v -0.65123668 0.16454895 -0.98685844
v -0.72829498 0.12239528 -0.97342411
v -0.65105803 0.11742357 -0.98688385
v -0.69044088 0.19233234 -0.98106182
v -0.68973293 0.09618311 -0.98119283
v -0.72906241 0.17123201 -0.97323947
v -0.76570240 -0.05000318 -0.96318322
v -0.76570240 0.05000318 -0.96318322
v -0.72800182 -0.02474337 -0.97349340
v -0.80243010 -0.02530676 -0.94955791
v -0.72800182 0.02474337 -0.97349340
v -0.80243010 0.02530676 -0.94955791
v -0.31550870 0.15121120 -0.99983353
v -0.39579778 0.11091969 -0.99935791
v -0.35376557 0.17422251 -0.99966837
v -0.31531117 0.10774837 -0.99983588
v -0.56722664 0.02366395 -0.99437013
v -0.47952424 0.06862550 -0.99796330
v -0.56715739 0.06872423 -0.99437430
v -0.52287477 0.00000000 -0.99656471
v -0.43402178 0.22230683 -0.99886257
v -0.43614259 0.13370389 -0.99884859
v -0.39328875 0.19793512 -0.99937223
v -0.47745435 0.20216649 -0.99800427
v -0.39458201 0.15414778 -0.99936773
v -0.31511585 0.02167184 -0.99983675
v -0.39538388 0.06661635 -0.99936223
v -0.31518113 0.06454540 -0.99983654
v -0.35473937 0.00000000 -0.99966760
v -0.35500728 0.08741044 -0.99966601
v -0.56681077 0.15971945 -0.99439236
v -0.47912276 0.11251825 -0.99797324
v -0.56702198 0.11410450 -0.99438211
v -0.52179426 0.18130661 -0.99660142
v -0.52260334 0.09098277 -0.99657539
v -0.47825900 0.15704573 -0.99799299
v -0.43718328 -0.04495580 -0.99883293
v -0.43718328 0.04495580 -0.99883293
v -0.47945138 -0.02288647 -0.99796518
v -0.39545397 -0.02221854 -0.99936156
v -0.47945138 0.02288647 -0.99796518
v -0.39545397 0.02221854 -0.99936156
v -0.64896143 0.98714403 0.02402475
v -0.72223597 0.97481101 0.07402170
v -0.63501960 0.98876007 0.06265551
v -0.68565184 0.98188198 0.00000000
v -0.85754038 0.91896991 0.17897383
v -0.79328317 0.95335022 0.12612858
v -0.60722839 0.99146338 0.13927886
v -0.70856577 0.97770020 0.11384399
v -0.62110677 0.99019399 0.10110655
v -0.67179994 0.98405675 0.08794697
v -0.75829172 0.96546640 -0.04985500
v -0.75829172 0.96546640 0.04985500
v -0.72229604 0.97479763 -0.02467313
v -0.72229604 0.97479763 0.02467313
v -0.98633111 0.65234976 0.36041071
v -0.97246982 0.73142393 0.32164032
v -0.91009606 0.86932830 0.23041644
v -0.94814976 0.80542451 0.27834399
v -0.55140944 0.99515307 0.29220507
v -0.65367496 0.98647880 0.27366696
v -0.56543368 0.99443154 0.25399357
v -0.84718080 0.92592706 0.22197644
v -0.75540238 0.96627058 0.25086804
v -0.81515197 0.94375365 0.19485929
v -0.59328988 0.99259023 0.17778742
v -0.66740990 0.98466679 0.23384774
v -0.57939249 0.99357585 0.21582069
v -0.64402029 0.98773473 0.16623424
v -0.61622388 0.99062137 0.24435622
v -0.74534223 0.96913858 0.14069004
v -0.71874458 0.97555695 0.22215183
v -0.78093819 0.95802560 0.16762365
v -0.69506352 0.98025547 0.15389682
v -0.76830806 0.96233007 0.20924742
v -0.68134277 0.98257539 0.19393815
v -0.88554336 0.89609407 -0.15317579
v -0.88554527 0.89609599 -0.05083688
v -0.85768957 0.91887154 -0.12750400
v -0.88554336 0.89609407 0.15317579
v -0.88554527 0.89609599 0.05083688
v -0.85768957 0.91887154 0.12750400
v -0.79362160 0.95321584 -0.07567908
v -0.85783357 0.91877052 -0.02556416
v -0.82679918 0.93787170 -0.10155496
v -0.79356477 0.95323861 -0.02522537
v -0.85778573 0.91880441 -0.07636883
v -0.79362160 0.95321584 0.07567908
v -0.85783357 0.91877052 0.02556416
v -0.82679918 0.93787170 0.10155496
v -0.79356477 0.95323861 0.02522537
v -0.85778573 0.91880441 0.07636883
v -0.82700949 0.93775987 0.00000000
v -0.99217851 0.03814282 0.59863078
v -0.99413495 0.11352352 0.57104706
v -0.99678696 0.26290536 0.51562731
v -0.99565222 0.18823254 0.54344848
v -0.99341639 0.57201828 0.39547355
v -0.99657061 0.49250578 0.42779405
v -0.99750290 0.33816089 0.48732473
v -0.99759724 0.41456077 0.45820088
v -0.42933881 0.98996509 0.61183207
v -0.53495058 0.98709309 0.61005708
v -0.44618119 0.99277632 0.57104941
v -0.75279286 0.95837223 0.59230661
v -0.64439857 0.97880683 0.60493589
v -0.47798130 0.99565469 0.49014036
v -0.55122395 0.98947292 0.56769033
v -0.46237139 0.99458886 0.53037914
v -0.49817644 0.99158065 0.56967274
v -0.98483632 0.66043027 0.40816836
v -0.96354770 0.75766986 0.46826572
v -0.97856677 0.70076207 0.38933387
v -0.84920255 0.91632811 0.56632192
v -0.92075496 0.84730529 0.52366347
v -0.95859961 0.77831101 0.34808573
v -0.95060569 0.79590174 0.44630146
v -0.96997643 0.74030450 0.36930914
v -0.96706299 0.74909533 0.41823757
v -0.53691819 0.99573642 0.33254841
v -0.61098060 0.99041912 0.40017176
v -0.52260755 0.99613086 0.37125737
v -0.58794844 0.99279228 0.32444537
v -0.76637233 0.95760063 0.54535626
v -0.68856532 0.97936152 0.47184782
v -0.71409541 0.97105529 0.55421404
v -0.49325695 0.99618254 0.44982803
v -0.59666834 0.99105212 0.44121696
v -0.50806127 0.99630326 0.41039669
v -0.52951322 0.99401670 0.48690267
v -0.55911529 0.99407863 0.40566531
v -0.69171237 0.98070063 0.30568162
v -0.66397768 0.98452799 0.39196352
v -0.63980256 0.98805211 0.31556539
v -0.62557991 0.98938303 0.35778091
v -0.60564965 0.98587836 0.56473637
v -0.63553481 0.98657903 0.47834234
v -0.66003806 0.98008913 0.56045474
v -0.56708215 0.99074310 0.52531854
v -0.67470734 0.98017519 0.51596487
v -0.58220087 0.99120023 0.48306624
v -0.87757582 0.90322607 0.25022704
v -0.86022170 0.91664357 0.34214111
v -0.90335494 0.87736305 0.27626286
v -0.83761075 0.93174157 0.26683326
v -0.81701690 0.93768182 0.53267620
v -0.84041734 0.92849965 0.43633072
v -0.86070150 0.91175012 0.51654348
v -0.78049038 0.95501330 0.49810637
v -0.94378710 0.81455856 0.32523643
v -0.88844227 0.89256801 0.37004132
v -0.92548537 0.84762774 0.30137945
v -0.93911550 0.82324850 0.37341678
v -0.89615961 0.88513068 0.32285238
v -0.74327792 0.96956436 0.29437587
v -0.81689471 0.94245183 0.35782080
v -0.79226314 0.95365103 0.28154417
v -0.73035632 0.97265059 0.33831596
v -0.82752937 0.93726877 0.31216953
v -0.92771052 0.84001323 0.47284420
v -0.88004974 0.89961185 0.41848266
v -0.89788077 0.87893851 0.49644489
v -0.93382189 0.83178791 0.42268751
v -0.87089093 0.90606978 0.46713465
v -0.91306220 0.86422630 0.39716079
v -0.70328652 0.97760025 0.42734736
v -0.80554913 0.94724124 0.40447188
v -0.74221437 0.96805654 0.46271358
v -0.71704082 0.97535464 0.38269715
v -0.79349008 0.95147764 0.45103132
v -0.76860293 0.96171996 0.37144139
v -0.99079464 0.61234476 -0.32849318
v -0.99097671 0.61245729 -0.23172555
v -0.98660127 0.65204761 -0.31022913
v -0.99100228 0.61247309 -0.04577270
v -0.99100115 0.61247239 -0.13788586
v -0.97285154 0.73040003 -0.27085020
v -0.98681792 0.65145702 -0.21261511
v -0.98075885 0.69159802 -0.29102413
v -0.98674261 0.65173987 -0.26095807
v -0.99079464 0.61234476 0.32849318
v -0.99097671 0.61245729 0.23172555
v -0.98660127 0.65204761 0.31022913
v -0.99100228 0.61247309 0.04577270
v -0.99100115 0.61247239 0.13788586
v -0.97285154 0.73040003 0.27085020
v -0.98681792 0.65145702 0.21261511
v -0.98075885 0.69159802 0.29102413
v -0.98674261 0.65173987 0.26095807
v -0.91114515 0.86803958 -0.17922801
v -0.94968274 0.80213804 -0.12649246
v -0.93173934 0.83773162 -0.20359661
v -0.91103433 0.86819042 -0.12769318
v -0.98690636 0.65088145 -0.02406380
v -0.97350813 0.72793869 -0.07422410
v -0.98689891 0.65094099 -0.07059132
v -0.96224635 0.76846842 -0.24941143
v -0.96288719 0.76662426 -0.14936403
v -0.94872285 0.80428417 -0.22705609
v -0.97305547 0.72976718 -0.22072170
v -0.94922520 0.80318457 -0.17643670
v -0.91092104 0.86833592 -0.02561776
v -0.94953243 0.80248913 -0.07591455
v -0.91095903 0.86828757 -0.07648535
v -0.93234638 0.83672207 -0.10180815
v -0.98685844 0.65123668 -0.16454895
v -0.97342411 0.72829498 -0.12239528
v -0.98688385 0.65105803 -0.11742357
v -0.98106182 0.69044088 -0.19233234
v -0.98119283 0.68973293 -0.09618311
v -0.97323947 0.72906241 -0.17123201
v -0.91114515 0.86803958 0.17922801
v -0.94968274 0.80213804 0.12649246
v -0.93173934 0.83773162 0.20359661
v -0.91103433 0.86819042 0.12769318
v -0.98690636 0.65088145 0.02406380
v -0.97350813 0.72793869 0.07422410
v -0.98689891 0.65094099 0.07059132
v -0.98123390 0.68949426 0.00000000
v -0.96224635 0.76846842 0.24941143
v -0.96288719 0.76662426 0.14936403
v -0.94872285 0.80428417 0.22705609
v -0.97305547 0.72976718 0.22072170
v -0.94922520 0.80318457 0.17643670
v -0.91092104 0.86833592 0.02561776
v -0.94953243 0.80248913 0.07591455
v -0.91095903 0.86828757 0.07648535
v -0.93222092 0.83693782 0.00000000
v -0.93234638 0.83672207 0.10180815
v -0.98685844 0.65123668 0.16454895
v -0.97342411 0.72829498 0.12239528
v -0.98688385 0.65105803 0.11742357
v -0.98106182 0.69044088 0.19233234
v -0.98119283 0.68973293 0.09618311
v -0.97323947 0.72906241 0.17123201
v -0.96318322 0.76570240 -0.05000318
v -0.96318322 0.76570240 0.05000318
v -0.97349340 0.72800182 -0.02474337
v -0.94955791 0.80243010 -0.02530676
v -0.97349340 0.72800182 0.02474337
v -0.94955791 0.80243010 0.02530676
v -0.64896143 -0.98714403 0.02402475
v -0.72223597 -0.97481101 0.07402170
v -0.63501960 -0.98876007 0.06265551
v -0.68565184 -0.98188198 0.00000000
v -0.85754038 -0.91896991 0.17897383
v -0.79328317 -0.95335022 0.12612858
v -0.60722839 -0.99146338 0.13927886
v -0.70856577 -0.97770020 0.11384399
v -0.62110677 -0.99019399 0.10110655
v -0.67179994 -0.98405675 0.08794697
v -0.75829172 -0.96546640 -0.04985500
v -0.75829172 -0.96546640 0.04985500
v -0.72229604 -0.97479763 -0.02467313
v -0.72229604 -0.97479763 0.02467313
v -0.98633111 -0.65234976 0.36041071
v -0.97246982 -0.73142393 0.32164032
v -0.91009606 -0.86932830 0.23041644
v -0.94814976 -0.80542451 0.27834399
v -0.55140944 -0.99515307 0.29220507
v -0.65367496 -0.98647880 0.27366696
v -0.56543368 -0.99443154 0.25399357
v -0.84718080 -0.92592706 0.22197644
v -0.75540238 -0.96627058 0.25086804
v -0.81515197 -0.94375365 0.19485929
v -0.59328988 -0.99259023 0.17778742
v -0.66740990 -0.98466679 0.23384774
v -0.57939249 -0.99357585 0.21582069
v -0.64402029 -0.98773473 0.16623424
v -0.61622388 -0.99062137 0.24435622
v -0.74534223 -0.96913858 0.14069004
v -0.71874458 -0.97555695 0.22215183
v -0.78093819 -0.95802560 0.16762365
v -0.69506352 -0.98025547 0.15389682
v -0.76830806 -0.96233007 0.20924742
v -0.68134277 -0.98257539 0.19393815
v -0.88554336 -0.89609407 -0.15317579
v -0.88554527 -0.89609599 -0.05083688
v -0.85768957 -0.91887154 -0.12750400
v -0.88554336 -0.89609407 0.15317579
v -0.88554527 -0.89609599 0.05083688
v -0.85768957 -0.91887154 0.12750400
v -0.79362160 -0.95321584 -0.07567908
v -0.85783357 -0.91877052 -0.02556416
v -0.82679918 -0.93787170 -0.10155496
v -0.79356477 -0.95323861 -0.02522537
v -0.85778573 -0.91880441 -0.07636883
v -0.79362160 -0.95321584 0.07567908
v -0.85783357 -0.91877052 0.02556416
v -0.82679918 -0.93787170 0.10155496
v -0.79356477 -0.95323861 0.02522537
v -0.85778573 -0.91880441 0.07636883
v -0.82700949 -0.93775987 0.00000000
v -0.99217851 -0.03814282 0.59863078
v -0.99413495 -0.11352352 0.57104706
v -0.99678696 -0.26290536 0.51562731
v -0.99565222 -0.18823254 0.54344848
v -0.99341639 -0.57201828 0.39547355
v -0.99657061 -0.49250578 0.42779405
v -0.99750290 -0.33816089 0.48732473
v -0.99759724 -0.41456077 0.45820088
v -0.42933881 -0.98996509 0.61183207
v -0.53495058 -0.98709309 0.61005708
v -0.44618119 -0.99277632 0.57104941
v -0.75279286 -0.95837223 0.59230661
v -0.64439857 -0.97880683 0.60493589
v -0.47798130 -0.99565469 0.49014036
v -0.55122395 -0.98947292 0.56769033
v -0.46237139 -0.99458886 0.53037914
v -0.49817644 -0.99158065 0.56967274
v -0.98483632 -0.66043027 0.40816836
v -0.96354770 -0.75766986 0.46826572
v -0.97856677 -0.70076207 0.38933387
v -0.84920255 -0.91632811 0.56632192
v -0.92075496 -0.84730529 0.52366347
v -0.95859961 -0.77831101 0.34808573
v -0.95060569 -0.79590174 0.44630146
v -0.96997643 -0.74030450 0.36930914
v -0.96706299 -0.74909533 0.41823757
v -0.53691819 -0.99573642 0.33254841
v -0.61098060 -0.99041912 0.40017176
v -0.52260755 -0.99613086 0.37125737
v -0.58794844 -0.99279228 0.32444537
v -0.76637233 -0.95760063 0.54535626
v -0.68856532 -0.97936152 0.47184782
v -0.71409541 -0.97105529 0.55421404
v -0.49325695 -0.99618254 0.44982803
v -0.59666834 -0.99105212 0.44121696
v -0.50806127 -0.99630326 0.41039669
v -0.52951322 -0.99401670 0.48690267
v -0.55911529 -0.99407863 0.40566531
v -0.69171237 -0.98070063 0.30568162
v -0.66397768 -0.98452799 0.39196352
v -0.63980256 -0.98805211 0.31556539
v -0.62557991 -0.98938303 0.35778091
v -0.60564965 -0.98587836 0.56473637
v -0.63553481 -0.98657903 0.47834234
v -0.66003806 -0.98008913 0.56045474
v -0.56708215 -0.99074310 0.52531854
v -0.67470734 -0.98017519 0.51596487
v -0.58220087 -0.99120023 0.48306624
v -0.87757582 -0.90322607 0.25022704
v -0.86022170 -0.91664357 0.34214111
v -0.90335494 -0.87736305 0.27626286
v -0.83761075 -0.93174157 0.26683326
v -0.81701690 -0.93768182 0.53267620
v -0.84041734 -0.92849965 0.43633072
v -0.86070150 -0.91175012 0.51654348
v -0.78049038 -0.95501330 0.49810637
v -0.94378710 -0.81455856 0.32523643
v -0.88844227 -0.89256801 0.37004132
v -0.92548537 -0.84762774 0.30137945
v -0.93911550 -0.82324850 0.37341678
v -0.89615961 -0.88513068 0.32285238
v -0.74327792 -0.96956436 0.29437587
v -0.81689471 -0.94245183 0.35782080
v -0.79226314 -0.95365103 0.28154417
v -0.73035632 -0.97265059 0.33831596
v -0.82752937 -0.93726877 0.31216953
v -0.92771052 -0.84001323 0.47284420
v -0.88004974 -0.89961185 0.41848266
v -0.89788077 -0.87893851 0.49644489
v -0.93382189 -0.83178791 0.42268751
v -0.87089093 -0.90606978 0.46713465
v -0.91306220 -0.86422630 0.39716079
v -0.70328652 -0.97760025 0.42734736
v -0.80554913 -0.94724124 0.40447188
v -0.74221437 -0.96805654 0.46271358
v -0.71704082 -0.97535464 0.38269715
v -0.79349008 -0.95147764 0.45103132
v -0.76860293 -0.96171996 0.37144139
v -0.99079464 -0.61234476 -0.32849318
v -0.99097671 -0.61245729 -0.23172555
v -0.98660127 -0.65204761 -0.31022913
v -0.99100228 -0.61247309 -0.04577270
v -0.99100115 -0.61247239 -0.13788586
v -0.97285154 -0.73040003 -0.27085020
v -0.98681792 -0.65145702 -0.21261511
v -0.98075885 -0.69159802 -0.29102413
v -0.98674261 -0.65173987 -0.26095807
v -0.99079464 -0.61234476 0.32849318
v -0.99097671 -0.61245729 0.23172555
v -0.98660127 -0.65204761 0.31022913
v -0.99100228 -0.61247309 0.04577270
v -0.99100115 -0.61247239 0.13788586
v -0.97285154 -0.73040003 0.27085020
v -0.98681792 -0.65145702 0.21261511
v -0.98075885 -0.69159802 0.29102413
v -0.98674261 -0.65173987 0.26095807
v -0.91114515 -0.86803958 -0.17922801
v -0.94968274 -0.80213804 -0.12649246
v -0.93173934 -0.83773162 -0.20359661
v -0.91103433 -0.86819042 -0.12769318
v -0.98690636 -0.65088145 -0.02406380
v -0.97350813 -0.72793869 -0.07422410
v -0.98689891 -0.65094099 -0.07059132
v -0.96224635 -0.76846842 -0.24941143
v -0.96288719 -0.76662426 -0.14936403
v -0.94872285 -0.80428417 -0.22705609
v -0.97305547 -0.72976718 -0.22072170
v -0.94922520 -0.80318457 -0.17643670
v -0.91092104 -0.86833592 -0.02561776
v -0.94953243 -0.80248913 -0.07591455
v -0.91095903 -0.86828757 -0.07648535
v -0.93234638 -0.83672207 -0.10180815
v -0.98685844 -0.65123668 -0.16454895
v -0.97342411 -0.72829498 -0.12239528
v -0.98688385 -0.65105803 -0.11742357
v -0.98106182 -0.69044088 -0.19233234
v -0.98119283 -0.68973293 -0.09618311
v -0.97323947 -0.72906241 -0.17123201
v -0.91114515 -0.86803958 0.17922801
v -0.94968274 -0.80213804 0.12649246
v -0.93173934 -0.83773162 0.20359661
v -0.91103433 -0.86819042 0.12769318
v -0.98690636 -0.65088145 0.02406380
v -0.97350813 -0.72793869 0.07422410
v -0.98689891 -0.65094099 0.07059132
v -0.98123390 -0.68949426 0.00000000
v -0.96224635 -0.76846842 0.24941143
v -0.96288719 -0.76662426 0.14936403
v -0.94872285 -0.80428417 0.22705609
v -0.97305547 -0.72976718 0.22072170
v -0.94922520 -0.80318457 0.17643670
v -0.91092104 -0.86833592 0.02561776
v -0.94953243 -0.80248913 0.07591455
v -0.91095903 -0.86828757 0.07648535
v -0.93222092 -0.83693782 0.00000000
v -0.93234638 -0.83672207 0.10180815
v -0.98685844 -0.65123668 0.16454895
v -0.97342411 -0.72829498 0.12239528
v -0.98688385 -0.65105803 0.11742357
v -0.98106182 -0.69044088 0.19233234
v -0.98119283 -0.68973293 0.09618311
v -0.97323947 -0.72906241 0.17123201
v -0.96318322 -0.76570240 -0.05000318
v -0.96318322 -0.76570240 0.05000318
v -0.97349340 -0.72800182 -0.02474337
v -0.94955791 -0.80243010 -0.02530676
v -0.97349340 -0.72800182 0.02474337
v -0.94955791 -0.80243010 0.02530676
v -0.03814282 -0.59863078 0.99217851
v -0.11352352 -0.57104706 0.99413495
v -0.06265551 -0.63501960 0.98876007
v -0.03750297 -0.55432757 0.99510491
v -0.26290536 -0.51562731 0.99678696
v -0.18823254 -0.54344848 0.99565222
v -0.11384399 -0.70856577 0.97770020
v -0.13927886 -0.60722839 0.99146338
v -0.08794697 -0.67179994 0.98405675
v -0.10110655 -0.62110677 0.99019399
v -0.03633924 -0.46860067 0.99822748
v -0.11167419 -0.52703700 0.99639548
v -0.03690912 -0.51088751 0.99701433
v -0.07475059 -0.54066247 0.99579297
v -0.57201828 -0.39547355 0.99341639
v -0.49250578 -0.42779405 0.99657061
v -0.33816089 -0.48732473 0.99750290
v -0.41456077 -0.45820088 0.99759724
v -0.22197644 -0.84718080 0.92592706
v -0.25086804 -0.75540238 0.96627058
v -0.19485929 -0.81515197 0.94375365
v -0.29220507 -0.55140944 0.99515307
v -0.27366696 -0.65367496 0.98647880
v -0.25399357 -0.56543368 0.99443154
v -0.14069004 -0.74534223 0.96913858
v -0.22215183 -0.71874458 0.97555695
v -0.16762365 -0.78093819 0.95802560
v -0.15389682 -0.69506352 0.98025547
v -0.20924742 -0.76830806 0.96233007
v -0.17778742 -0.59328988 0.99259023
v -0.23384774 -0.66740990 0.98466679
v -0.21582069 -0.57939249 0.99357585
v -0.16623424 -0.64402029 0.98773473
v -0.24435622 -0.61622388 0.99062137
v -0.19393815 -0.68134277 0.98257539
v -0.03460591 -0.30918034 0.99985436
v -0.10565346 -0.36073628 0.99963216
v -0.03498946 -0.34749778 0.99970632
v -0.25890960 -0.47164987 0.99810614
v -0.18003311 -0.41463802 0.99914554
v -0.22218900 -0.48557533 0.99778301
v -0.03588619 -0.42694530 0.99898800
v -0.10697919 -0.40051502 0.99931061
v -0.03540713 -0.38678065 0.99944122
v -0.07251829 -0.45505690 0.99851453
v -0.07064373 -0.37373550 0.99954528
v -0.14879822 -0.51314508 0.99693184
v -0.14449047 -0.42819452 0.99896853
v -0.18546189 -0.49942738 0.99738992
v -0.11015144 -0.48379661 0.99785109
v -0.18272484 -0.45642898 0.99848113
v -0.10858845 -0.44156808 0.99876041
v -0.98714403 -0.02402475 0.64896143
v -0.97481101 -0.07402170 0.72223597
v -0.98876007 -0.06265551 0.63501960
v -0.91896991 -0.17897383 0.85754038
v -0.95335022 -0.12612858 0.79328317
v -0.99146338 -0.13927886 0.60722839
v -0.97770020 -0.11384399 0.70856577
v -0.99019399 -0.10110655 0.62110677
v -0.98405675 -0.08794697 0.67179994
v -0.65234976 -0.36041071 0.98633111
v -0.73142393 -0.32164032 0.97246982
v -0.86932830 -0.23041644 0.91009606
v -0.80542451 -0.27834399 0.94814976
v -0.99515307 -0.29220507 0.55140944
v -0.98647880 -0.27366696 0.65367496
v -0.99443154 -0.25399357 0.56543368
v -0.92592706 -0.22197644 0.84718080
v -0.96627058 -0.25086804 0.75540238
v -0.94375365 -0.19485929 0.81515197
v -0.99259023 -0.17778742 0.59328988
v -0.98466679 -0.23384774 0.66740990
v -0.99357585 -0.21582069 0.57939249
v -0.98773473 -0.16623424 0.64402029
v -0.99062137 -0.24435622 0.61622388
v -0.96913858 -0.14069004 0.74534223
v -0.97555695 -0.22215183 0.71874458
v -0.95802560 -0.16762365 0.78093819
v -0.98025547 -0.15389682 0.69506352
v -0.96233007 -0.20924742 0.76830806
v -0.98257539 -0.19393815 0.68134277
v -0.40816836 -0.98483632 0.66043027
v -0.46826572 -0.96354770 0.75766986
v -0.38933387 -0.97856677 0.70076207
v -0.46076086 -0.98392288 0.66059097
v -0.56632192 -0.84920255 0.91632811
v -0.52366347 -0.92075496 0.84730529
v -0.34808573 -0.95859961 0.77831101
v -0.44630146 -0.95060569 0.79590174
v -0.36930914 -0.96997643 0.74030450
v -0.41823757 -0.96706299 0.74909533
v -0.56969357 -0.97956707 0.65955092
v -0.52389499 -0.96119390 0.75868446
v -0.51473018 -0.98231036 0.66039970
v -0.49257882 -0.97472969 0.70997719
v -0.61183207 -0.42933881 0.98996509
v -0.61005708 -0.53495058 0.98709309
v -0.57104941 -0.44618119 0.99277632
v -0.59230661 -0.75279286 0.95837223
v -0.60493589 -0.64439857 0.97880683
v -0.49014036 -0.47798130 0.99565469
v -0.56769033 -0.55122395 0.98947292
v -0.53037914 -0.46237139 0.99458886
v -0.56967274 -0.49817644 0.99158065
v -0.25022704 -0.87757582 0.90322607
v -0.34214111 -0.86022170 0.91664357
v -0.27626286 -0.90335494 0.87736305
v -0.26683326 -0.83761075 0.93174157
v -0.53267620 -0.81701690 0.93768182
v -0.43633072 -0.84041734 0.92849965
v -0.51654348 -0.86070150 0.91175012
v -0.32523643 -0.94378710 0.81455856
v -0.37004132 -0.88844227 0.89256801
v -0.30137945 -0.92548537 0.84762774
v -0.37341678 -0.93911550 0.82324850
v -0.32285238 -0.89615961 0.88513068
v -0.29437587 -0.74327792 0.96956436
v -0.35782080 -0.81689471 0.94245183
v -0.28154417 -0.79226314 0.95365103
v -0.31216953 -0.82752937 0.93726877
v -0.47284420 -0.92771052 0.84001323
v -0.41848266 -0.88004974 0.89961185
v -0.49644489 -0.89788077 0.87893851
v -0.42268751 -0.93382189 0.83178791
v -0.46713465 -0.87089093 0.90606978
v -0.39716079 -0.91306220 0.86422630
v -0.78944922 -0.94010993 0.63820900
v -0.75224634 -0.92897819 0.74864813
v -0.73707325 -0.95649426 0.64778388
v -0.62355049 -0.83977519 0.91594253
v -0.69746390 -0.89695220 0.84504602
v -0.60477204 -0.88122228 0.88571153
v -0.62614694 -0.97496019 0.65761527
v -0.69657174 -0.94243729 0.75491620
v -0.68202995 -0.96768831 0.65395771
v -0.60496726 -0.96815794 0.70939994
v -0.71853851 -0.95152910 0.70246272
v -0.55415568 -0.94164639 0.80586533
v -0.67019317 -0.92797152 0.80435119
v -0.58134455 -0.91531148 0.84856670
v -0.58106652 -0.95734350 0.75931370
v -0.63966653 -0.90769486 0.84813144
v -0.63900577 -0.95142476 0.75833921
v -0.33254841 -0.53691819 0.99573642
v -0.40017176 -0.61098060 0.99041912
v -0.37125737 -0.52260755 0.99613086
v -0.32444537 -0.58794844 0.99279228
v -0.54535626 -0.76637233 0.95760063
v -0.47184782 -0.68856532 0.97936152
v -0.55421404 -0.71409541 0.97105529
v -0.49810637 -0.78049038 0.95501330
v -0.44982803 -0.49325695 0.99618254
v -0.44121696 -0.59666834 0.99105212
v -0.41039669 -0.50806127 0.99630326
v -0.48690267 -0.52951322 0.99401670
v -0.40566531 -0.55911529 0.99407863
v -0.30568162 -0.69171237 0.98070063
v -0.39196352 -0.66397768 0.98452799
v -0.31556539 -0.63980256 0.98805211
v -0.33831596 -0.73035632 0.97265059
v -0.35778091 -0.62557991 0.98938303
v -0.56473637 -0.60564965 0.98587836
v -0.47834234 -0.63553481 0.98657903
v -0.56045474 -0.66003806 0.98008913
v -0.52531854 -0.56708215 0.99074310
v -0.51596487 -0.67470734 0.98017519
v -0.48306624 -0.58220087 0.99120023
v -0.40447188 -0.80554913 0.94724124
v -0.42734736 -0.70328652 0.97760025
v -0.45103132 -0.79349008 0.95147764
v -0.37144139 -0.76860293 0.96171996
v -0.46271358 -0.74221437 0.96805654
v -0.38269715 -0.71704082 0.97535464
v -0.03342216 -0.02065603 1.00000000
v -0.10068114 -0.06222437 0.99999982
v -0.03346226 -0.05534652 0.99999999
v -0.23990029 -0.14826653 0.99996646
v -0.16920427 -0.10457399 0.99999587
v -0.03365612 -0.12529073 0.99999936
v -0.10093305 -0.09731920 0.99999968
v -0.03353486 -0.09024816 0.99999991
v -0.06710903 -0.07625266 0.99999995
v -0.56508281 -0.34924038 0.99418725
v -0.47541457 -0.29382236 0.99795802
v -0.52574204 -0.36589274 0.99604158
v -0.31376894 -0.19391987 0.99983203
v -0.39190499 -0.24221061 0.99936147
v -0.44815009 -0.39758710 0.99798134
v -0.43792504 -0.30987745 0.99867247
v -0.48669515 -0.38200931 0.99724809
v -0.48099036 -0.33732707 0.99767720
v -0.03451374 -0.26991791 0.99993554
v -0.10312932 -0.24180984 0.99996648
v -0.03422064 -0.23309808 0.99997326
v -0.06931822 -0.29487108 0.99989039
v -0.24117452 -0.18524085 0.99996046
v -0.17178174 -0.21368169 0.99997985
v -0.20527528 -0.16265588 0.99998444
v -0.03377629 -0.16103438 0.99999709
v -0.10236503 -0.20520195 0.99998736
v -0.03398127 -0.19678171 0.99999032
v -0.06756448 -0.14696462 0.99999830
v -0.06835737 -0.21914069 0.99998152
v -0.14109576 -0.34611527 0.99971195
v -0.13861884 -0.26643591 0.99993919
v -0.10484393 -0.32027003 0.99981983
v -0.10400841 -0.28060651 0.99991841
v -0.13538972 -0.11884972 0.99999850
v -0.13672723 -0.19100572 0.99999082
v -0.17001525 -0.14052540 0.99999469
v -0.10145005 -0.13288878 0.99999890
v -0.17086892 -0.17691599 0.99999074
v -0.10192208 -0.16887240 0.99999595
v -0.29736449 -0.45661884 0.99836744
v -0.29118765 -0.37025783 0.99946828
v -0.33445250 -0.44233895 0.99851274
v -0.25645624 -0.42784466 0.99892744
v -0.27924648 -0.20925071 0.99990696
v -0.28512556 -0.28808356 0.99981509
v -0.31698287 -0.23310502 0.99980410
v -0.24375584 -0.22359427 0.99994421
v -0.40963065 -0.41296686 0.99837935
v -0.32718163 -0.35580371 0.99945666
v -0.37190644 -0.42777641 0.99853232
v -0.40509054 -0.36867107 0.99884168
v -0.33078425 -0.39846023 0.99911265
v -0.17861121 -0.37278187 0.99954680
v -0.25140938 -0.34349701 0.99968389
v -0.21687989 -0.39989785 0.99929981
v -0.17689427 -0.33167268 0.99977289
v -0.25395150 -0.38508803 0.99941092
v -0.39602687 -0.28323754 0.99926964
v -0.32369924 -0.31375488 0.99964896
v -0.35590651 -0.25776341 0.99961200
v -0.40055196 -0.32540374 0.99911182
v -0.32028835 -0.27306695 0.99975082
v -0.36360643 -0.34072346 0.99935303
v -0.17367935 -0.25206106 0.99995268
v -0.24888763 -0.30242500 0.99983280
v -0.20854833 -0.23788074 0.99995608
v -0.17525577 -0.29140948 0.99989308
v -0.24632124 -0.26267738 0.99990800
v -0.21284570 -0.31709214 0.99981500
v -0.98996509 -0.61183207 0.42933881
v -0.98709309 -0.61005708 0.53495058
v -0.99277632 -0.57104941 0.44618119
v -0.98392288 -0.66059097 0.46076086
v -0.95837223 -0.59230661 0.75279286
v -0.97880683 -0.60493589 0.64439857
v -0.99565469 -0.49014036 0.47798130
v -0.98947292 -0.56769033 0.55122395
v -0.99458886 -0.53037914 0.46237139
v -0.99158065 -0.56967274 0.49817644
v -0.96119390 -0.75868446 0.52389499
v -0.97956707 -0.65955092 0.56969357
v -0.97472969 -0.70997719 0.49257882
v -0.98231036 -0.66039970 0.51473018
v -0.66043027 -0.40816836 0.98483632
v -0.75766986 -0.46826572 0.96354770
v -0.70076207 -0.38933387 0.97856677
v -0.66059097 -0.46076086 0.98392288
v -0.91632811 -0.56632192 0.84920255
v -0.84730529 -0.52366347 0.92075496
v -0.77831101 -0.34808573 0.95859961
v -0.79590174 -0.44630146 0.95060569
v -0.74030450 -0.36930914 0.96997643
v -0.74909533 -0.41823757 0.96706299
v -0.65955092 -0.56969357 0.97956707
v -0.75868446 -0.52389499 0.96119390
v -0.66039970 -0.51473018 0.98231036
v -0.70997719 -0.49257882 0.97472969
v -0.99573642 -0.33254841 0.53691819
v -0.99041912 -0.40017176 0.61098060
v -0.99613086 -0.37125737 0.52260755
v -0.99279228 -0.32444537 0.58794844
v -0.95760063 -0.54535626 0.76637233
v -0.97936152 -0.47184782 0.68856532
v -0.97105529 -0.55421404 0.71409541
v -0.99618254 -0.44982803 0.49325695
v -0.99105212 -0.44121696 0.59666834
v -0.99630326 -0.41039669 0.50806127
v -0.99401670 -0.48690267 0.52951322
v -0.99407863 -0.40566531 0.55911529
v -0.98070063 -0.30568162 0.69171237
v -0.98452799 -0.39196352 0.66397768
v -0.98805211 -0.31556539 0.63980256
v -0.98938303 -0.35778091 0.62557991
v -0.98587836 -0.56473637 0.60564965
v -0.98657903 -0.47834234 0.63553481
v -0.98008913 -0.56045474 0.66003806
v -0.99074310 -0.52531854 0.56708215
v -0.98017519 -0.51596487 0.67470734
v -0.99120023 -0.48306624 0.58220087
v -0.83977519 -0.91594253 0.62355049
v -0.89695220 -0.84504602 0.69746390
v -0.88122228 -0.88571153 0.60477204
v -0.82529924 -0.91423849 0.68139252
v -0.94010993 -0.63820900 0.78944922
v -0.92897819 -0.74864813 0.75224634
v -0.95649426 -0.64778388 0.73707325
v -0.94164639 -0.80586533 0.55415568
v -0.92797152 -0.80435119 0.67019317
v -0.91531148 -0.84856670 0.58134455
v -0.95734350 -0.75931370 0.58106652
v -0.90769486 -0.84813144 0.63966653
v -0.78400957 -0.89762361 0.79086441
v -0.88011609 -0.83942645 0.75510156
v -0.80701357 -0.90854738 0.73780752
v -0.85596959 -0.88062358 0.72084188
v -0.97496019 -0.65761527 0.62614694
v -0.94243729 -0.75491620 0.69657174
v -0.96768831 -0.65395771 0.68202995
v -0.96815794 -0.70939994 0.60496726
v -0.95152910 -0.70246272 0.71853851
v -0.95142476 -0.75833921 0.63900577
v -0.90322607 -0.25022704 0.87757582
v -0.91664357 -0.34214111 0.86022170
v -0.87736305 -0.27626286 0.90335494
v -0.93174157 -0.26683326 0.83761075
v -0.93768182 -0.53267620 0.81701690
v -0.92849965 -0.43633072 0.84041734
v -0.91175012 -0.51654348 0.86070150
v -0.95501330 -0.49810637 0.78049038
v -0.81455856 -0.32523643 0.94378710
v -0.89256801 -0.37004132 0.88844227
v -0.84762774 -0.30137945 0.92548537
v -0.82324850 -0.37341678 0.93911550
v -0.88513068 -0.32285238 0.89615961
v -0.96956436 -0.29437587 0.74327792
v -0.94245183 -0.35782080 0.81689471
v -0.95365103 -0.28154417 0.79226314
v -0.97265059 -0.33831596 0.73035632
v -0.93726877 -0.31216953 0.82752937
v -0.84001323 -0.47284420 0.92771052
v -0.89961185 -0.41848266 0.88004974
v -0.87893851 -0.49644489 0.89788077
v -0.83178791 -0.42268751 0.93382189
v -0.90606978 -0.46713465 0.87089093
v -0.86422630 -0.39716079 0.91306220
v -0.97760025 -0.42734736 0.70328652
v -0.94724124 -0.40447188 0.80554913
v -0.96805654 -0.46271358 0.74221437
v -0.97535464 -0.38269715 0.71704082
v -0.95147764 -0.45103132 0.79349008
v -0.96171996 -0.37144139 0.76860293
v -0.63820900 -0.78944922 0.94010993
v -0.74864813 -0.75224634 0.92897819
v -0.64778388 -0.73707325 0.95649426
v -0.68139252 -0.82529924 0.91423849
v -0.91594253 -0.62355049 0.83977519
v -0.84504602 -0.69746390 0.89695220
v -0.88571153 -0.60477204 0.88122228
v -0.91423849 -0.68139252 0.82529924
v -0.65761527 -0.62614694 0.97496019
v -0.75491620 -0.69657174 0.94243729
v -0.65395771 -0.68202995 0.96768831
v -0.70939994 -0.60496726 0.96815794
v -0.70246272 -0.71853851 0.95152910
v -0.75510156 -0.88011609 0.83942645
v -0.79086441 -0.78400957 0.89762361
v -0.72084188 -0.85596959 0.88062358
v -0.80929813 -0.85747530 0.82770017
v -0.73780752 -0.80701357 0.90854738
v -0.80586533 -0.55415568 0.94164639
v -0.80435119 -0.67019317 0.92797152
v -0.84856670 -0.58134455 0.91531148
v -0.75931370 -0.58106652 0.95734350
v -0.84813144 -0.63966653 0.90769486
v -0.75833921 -0.63900577 0.95142476
v -0.89762361 -0.79086441 0.78400957
v -0.83942645 -0.75510156 0.88011609
v -0.90854738 -0.73780752 0.80701357
v -0.85747530 -0.82770017 0.80929813
v -0.88062358 -0.72084188 0.85596959
v -0.82770017 -0.80929813 0.85747530
v -0.03814282 0.59863078 0.99217851
v -0.11352352 0.57104706 0.99413495
v -0.06265551 0.63501960 0.98876007
v -0.03750297 0.55432757 0.99510491
v -0.26290536 0.51562731 0.99678696
v -0.18823254 0.54344848 0.99565222
v -0.11384399 0.70856577 0.97770020
v -0.13927886 0.60722839 0.99146338
v -0.08794697 0.67179994 0.98405675
v -0.10110655 0.62110677 0.99019399
v -0.03633924 0.46860067 0.99822748
v -0.11167419 0.52703700 0.99639548
v -0.03690912 0.51088751 0.99701433
v -0.07475059 0.54066247 0.99579297
v -0.57201828 0.39547355 0.99341639
v -0.49250578 0.42779405 0.99657061
v -0.33816089 0.48732473 0.99750290
v -0.41456077 0.45820088 0.99759724
v -0.22197644 0.84718080 0.92592706
v -0.25086804 0.75540238 0.96627058
v -0.19485929 0.81515197 0.94375365
v -0.29220507 0.55140944 0.99515307
v -0.27366696 0.65367496 0.98647880
v -0.25399357 0.56543368 0.99443154
v -0.14069004 0.74534223 0.96913858
v -0.22215183 0.71874458 0.97555695
v -0.16762365 0.78093819 0.95802560
v -0.15389682 0.69506352 0.98025547
v -0.20924742 0.76830806 0.96233007
v -0.17778742 0.59328988 0.99259023
v -0.23384774 0.66740990 0.98466679
v -0.21582069 0.57939249 0.99357585
v -0.16623424 0.64402029 0.98773473
v -0.24435622 0.61622388 0.99062137
v -0.19393815 0.68134277 0.98257539
v -0.03460591 0.30918034 0.99985436
v -0.10565346 0.36073628 0.99963216
v -0.03498946 0.34749778 0.99970632
v -0.25890960 0.47164987 0.99810614
v -0.18003311 0.41463802 0.99914554
v -0.22218900 0.48557533 0.99778301
v -0.03588619 0.42694530 0.99898800
v -0.10697919 0.40051502 0.99931061
v -0.03540713 0.38678065 0.99944122
v -0.07251829 0.45505690 0.99851453
v -0.07064373 0.37373550 0.99954528
v -0.14879822 0.51314508 0.99693184
v -0.14449047 0.42819452 0.99896853
v -0.18546189 0.49942738 0.99738992
v -0.11015144 0.48379661 0.99785109
v -0.18272484 0.45642898 0.99848113
v -0.10858845 0.44156808 0.99876041
v -0.98714403 0.02402475 0.64896143
v -0.97481101 0.07402170 0.72223597
v -0.98876007 0.06265551 0.63501960
v -0.98188198 0.00000000 0.68565184
v -0.91896991 0.17897383 0.85754038
v -0.95335022 0.12612858 0.79328317
v -0.99146338 0.13927886 0.60722839
v -0.97770020 0.11384399 0.70856577
v -0.99019399 0.10110655 0.62110677
v -0.98405675 0.08794697 0.67179994
v -0.96546640 -0.04985500 0.75829172
v -0.96546640 0.04985500 0.75829172
v -0.97479763 -0.02467313 0.72229604
v -0.97479763 0.02467313 0.72229604
v -0.65234976 0.36041071 0.98633111
v -0.73142393 0.32164032 0.97246982
v -0.86932830 0.23041644 0.91009606
v -0.80542451 0.27834399 0.94814976
v -0.99515307 0.29220507 0.55140944
v -0.98647880 0.27366696 0.65367496
v -0.99443154 0.25399357 0.56543368
v -0.92592706 0.22197644 0.84718080
v -0.96627058 0.25086804 0.75540238
v -0.94375365 0.19485929 0.81515197
v -0.99259023 0.17778742 0.59328988
v -0.98466679 0.23384774 0.66740990
v -0.99357585 0.21582069 0.57939249
v -0.98773473 0.16623424 0.64402029
v -0.99062137 0.24435622 0.61622388
v -0.96913858 0.14069004 0.74534223
v -0.97555695 0.22215183 0.71874458
v -0.95802560 0.16762365 0.78093819
v -0.98025547 0.15389682 0.69506352
v -0.96233007 0.20924742 0.76830806
v -0.98257539 0.19393815 0.68134277
v -0.89609407 -0.15317579 0.88554336
v -0.89609599 -0.05083688 0.88554527
v -0.91887154 -0.12750400 0.85768957
v -0.89609407 0.15317579 0.88554336
v -0.89609599 0.05083688 0.88554527
v -0.91887154 0.12750400 0.85768957
v -0.95321584 -0.07567908 0.79362160
v -0.91877052 -0.02556416 0.85783357
v -0.93787170 -0.10155496 0.82679918
v -0.95323861 -0.02522537 0.79356477
v -0.91880441 -0.07636883 0.85778573
v -0.95321584 0.07567908 0.79362160
v -0.91877052 0.02556416 0.85783357
v -0.93787170 0.10155496 0.82679918
v -0.95323861 0.02522537 0.79356477
v -0.91880441 0.07636883 0.85778573
v -0.93775987 0.00000000 0.82700949
v -0.40816836 0.98483632 0.66043027
v -0.46826572 0.96354770 0.75766986
v -0.38933387 0.97856677 0.70076207
v -0.46076086 0.98392288 0.66059097
v -0.56632192 0.84920255 0.91632811
v -0.52366347 0.92075496 0.84730529
v -0.34808573 0.95859961 0.77831101
v -0.44630146 0.95060569 0.79590174
v -0.36930914 0.96997643 0.74030450
v -0.41823757 0.96706299 0.74909533
v -0.56969357 0.97956707 0.65955092
v -0.52389499 0.96119390 0.75868446
v -0.51473018 0.98231036 0.66039970
v -0.49257882 0.97472969 0.70997719
v -0.61183207 0.42933881 0.98996509
v -0.61005708 0.53495058 0.98709309
v -0.57104941 0.44618119 0.99277632
v -0.59230661 0.75279286 0.95837223
v -0.60493589 0.64439857 0.97880683
v -0.49014036 0.47798130 0.99565469
v -0.56769033 0.55122395 0.98947292
v -0.53037914 0.46237139 0.99458886
v -0.56967274 0.49817644 0.99158065
v -0.25022704 0.87757582 0.90322607
v -0.34214111 0.86022170 0.91664357
v -0.27626286 0.90335494 0.87736305
v -0.26683326 0.83761075 0.93174157
v -0.53267620 0.81701690 0.93768182
v -0.43633072 0.84041734 0.92849965
v -0.51654348 0.86070150 0.91175012
v -0.32523643 0.94378710 0.81455856
v -0.37004132 0.88844227 0.89256801
v -0.30137945 0.92548537 0.84762774
v -0.37341678 0.93911550 0.82324850
v -0.32285238 0.89615961 0.88513068
v -0.29437587 0.74327792 0.96956436
v -0.35782080 0.81689471 0.94245183
v -0.28154417 0.79226314 0.95365103
v -0.31216953 0.82752937 0.93726877
v -0.47284420 0.92771052 0.84001323
v -0.41848266 0.88004974 0.89961185
v -0.49644489 0.89788077 0.87893851
v -0.42268751 0.93382189 0.83178791
v -0.46713465 0.87089093 0.90606978
v -0.39716079 0.91306220 0.86422630
v -0.78944922 0.94010993 0.63820900
v -0.75224634 0.92897819 0.74864813
v -0.73707325 0.95649426 0.64778388
v -0.62355049 0.83977519 0.91594253
v -0.69746390 0.89695220 0.84504602
v -0.60477204 0.88122228 0.88571153
v -0.62614694 0.97496019 0.65761527
v -0.69657174 0.94243729 0.75491620
v -0.68202995 0.96768831 0.65395771
v -0.60496726 0.96815794 0.70939994
v -0.71853851 0.95152910 0.70246272
v -0.55415568 0.94164639 0.80586533
v -0.67019317 0.92797152 0.80435119
v -0.58134455 0.91531148 0.84856670
v -0.58106652 0.95734350 0.75931370
v -0.63966653 0.90769486 0.84813144
v -0.63900577 0.95142476 0.75833921
v -0.33254841 0.53691819 0.99573642
v -0.40017176 0.61098060 0.99041912
v -0.37125737 0.52260755 0.99613086
v -0.32444537 0.58794844 0.99279228
v -0.54535626 0.76637233 0.95760063
v -0.47184782 0.68856532 0.97936152
v -0.55421404 0.71409541 0.97105529
v -0.49810637 0.78049038 0.95501330
v -0.44982803 0.49325695 0.99618254
v -0.44121696 0.59666834 0.99105212
v -0.41039669 0.50806127 0.99630326
v -0.48690267 0.52951322 0.99401670
v -0.40566531 0.55911529 0.99407863
v -0.30568162 0.69171237 0.98070063
v -0.39196352 0.66397768 0.98452799
v -0.31556539 0.63980256 0.98805211
v -0.33831596 0.73035632 0.97265059
v -0.35778091 0.62557991 0.98938303
v -0.56473637 0.60564965 0.98587836
v -0.47834234 0.63553481 0.98657903
v -0.56045474 0.66003806 0.98008913
v -0.52531854 0.56708215 0.99074310
v -0.51596487 0.67470734 0.98017519
v -0.48306624 0.58220087 0.99120023
v -0.40447188 0.80554913 0.94724124
v -0.42734736 0.70328652 0.97760025
v -0.45103132 0.79349008 0.95147764
v -0.37144139 0.76860293 0.96171996
v -0.46271358 0.74221437 0.96805654
v -0.38269715 0.71704082 0.97535464
v -0.03342216 0.02065603 1.00000000
v -0.10068114 0.06222437 0.99999982
v -0.03346226 0.05534652 0.99999999
v -0.06694767 0.00000000 0.99999998
v -0.23990029 0.14826653 0.99996646
v -0.16920427 0.10457399 0.99999587
v -0.03365612 0.12529073 0.99999936
v -0.10093305 0.09731920 0.99999968
v -0.03353486 0.09024816 0.99999991
v -0.06710903 0.07625266 0.99999995
v -0.13472972 -0.04156313 0.99999900
v -0.13472972 0.04156313 0.99999900
v -0.10073864 -0.02074907 0.99999983
v -0.10073864 0.02074907 0.99999983
v -0.56508281 0.34924038 0.99418725
v -0.47541457 0.29382236 0.99795802
v -0.52574204 0.36589274 0.99604158
v -0.31376894 0.19391987 0.99983203
v -0.39190499 0.24221061 0.99936147
v -0.44815009 0.39758710 0.99798134
v -0.43792504 0.30987745 0.99867247
v -0.48669515 0.38200931 0.99724809
v -0.48099036 0.33732707 0.99767720
v -0.03451374 0.26991791 0.99993554
v -0.10312932 0.24180984 0.99996648
v -0.03422064 0.23309808 0.99997326
v -0.06931822 0.29487108 0.99989039
v -0.24117452 0.18524085 0.99996046
v -0.17178174 0.21368169 0.99997985
v -0.20527528 0.16265588 0.99998444
v -0.03377629 0.16103438 0.99999709
v -0.10236503 0.20520195 0.99998736
v -0.03398127 0.19678171 0.99999032
v -0.06756448 0.14696462 0.99999830
v -0.06835737 0.21914069 0.99998152
v -0.14109576 0.34611527 0.99971195
v -0.13861884 0.26643591 0.99993919
v -0.10484393 0.32027003 0.99981983
v -0.10400841 0.28060651 0.99991841
v -0.13538972 0.11884972 0.99999850
v -0.13672723 0.19100572 0.99999082
v -0.17001525 0.14052540 0.99999469
v -0.10145005 0.13288878 0.99999890
v -0.17086892 0.17691599 0.99999074
v -0.10192208 0.16887240 0.99999595
v -0.27637247 -0.12760432 0.99992500
v -0.27637267 -0.04234571 0.99992571
v -0.24008178 -0.10564996 0.99996785
v -0.27637247 0.12760432 0.99992500
v -0.27637267 0.04234571 0.99992571
v -0.24008178 0.10564996 0.99996785
v -0.16955542 -0.06279703 0.99999603
v -0.24026064 -0.02123298 0.99996794
v -0.20445824 -0.08403883 0.99998777
v -0.16949607 -0.02094055 0.99999605
v -0.24020093 -0.06328828 0.99996798
v -0.16955542 0.06279703 0.99999603
v -0.24026064 0.02123298 0.99996794
v -0.20445824 0.08403883 0.99998777
v -0.16949607 0.02094055 0.99999605
v -0.24020093 0.06328828 0.99996798
v -0.20469421 0.00000000 0.99998774
v -0.29736449 0.45661884 0.99836744
v -0.29118765 0.37025783 0.99946828
v -0.33445250 0.44233895 0.99851274
v -0.25645624 0.42784466 0.99892744
v -0.27924648 0.20925071 0.99990696
v -0.28512556 0.28808356 0.99981509
v -0.31698287 0.23310502 0.99980410
v -0.24375584 0.22359427 0.99994421
v -0.40963065 0.41296686 0.99837935
v -0.32718163 0.35580371 0.99945666
v -0.37190644 0.42777641 0.99853232
v -0.40509054 0.36867107 0.99884168
v -0.33078425 0.39846023 0.99911265
v -0.17861121 0.37278187 0.99954680
v -0.25140938 0.34349701 0.99968389
v -0.21687989 0.39989785 0.99929981
v -0.17689427 0.33167268 0.99977289
v -0.25395150 0.38508803 0.99941092
v -0.39602687 0.28323754 0.99926964
v -0.32369924 0.31375488 0.99964896
v -0.35590651 0.25776341 0.99961200
v -0.40055196 0.32540374 0.99911182
v -0.32028835 0.27306695 0.99975082
v -0.36360643 0.34072346 0.99935303
v -0.17367935 0.25206106 0.99995268
v -0.24888763 0.30242500 0.99983280
v -0.20854833 0.23788074 0.99995608
v -0.17525577 0.29140948 0.99989308
v -0.24632124 0.26267738 0.99990800
v -0.21284570 0.31709214 0.99981500
v -0.98996509 0.61183207 0.42933881
v -0.98709309 0.61005708 0.53495058
v -0.99277632 0.57104941 0.44618119
v -0.98392288 0.66059097 0.46076086
v -0.95837223 0.59230661 0.75279286
v -0.97880683 0.60493589 0.64439857
v -0.99565469 0.49014036 0.47798130
v -0.98947292 0.56769033 0.55122395
v -0.99458886 0.53037914 0.46237139
v -0.99158065 0.56967274 0.49817644
v -0.96119390 0.75868446 0.52389499
v -0.97956707 0.65955092 0.56969357
v -0.97472969 0.70997719 0.49257882
v -0.98231036 0.66039970 0.51473018
v -0.66043027 0.40816836 0.98483632
v -0.75766986 0.46826572 0.96354770
v -0.70076207 0.38933387 0.97856677
v -0.66059097 0.46076086 0.98392288
v -0.91632811 0.56632192 0.84920255
v -0.84730529 0.52366347 0.92075496
v -0.77831101 0.34808573 0.95859961
v -0.79590174 0.44630146 0.95060569
v -0.74030450 0.36930914 0.96997643
v -0.74909533 0.41823757 0.96706299
v -0.65955092 0.56969357 0.97956707
v -0.75868446 0.52389499 0.96119390
v -0.66039970 0.51473018 0.98231036
v -0.70997719 0.49257882 0.97472969
v -0.99573642 0.33254841 0.53691819
v -0.99041912 0.40017176 0.61098060
v -0.99613086 0.37125737 0.52260755
v -0.99279228 0.32444537 0.58794844
v -0.95760063 0.54535626 0.76637233
v -0.97936152 0.47184782 0.68856532
v -0.97105529 0.55421404 0.71409541
v -0.99618254 0.44982803 0.49325695
v -0.99105212 0.44121696 0.59666834
v -0.99630326 0.41039669 0.50806127
v -0.99401670 0.48690267 0.52951322
v -0.99407863 0.40566531 0.55911529
v -0.98070063 0.30568162 0.69171237
v -0.98452799 0.39196352 0.66397768
v -0.98805211 0.31556539 0.63980256
v -0.98938303 0.35778091 0.62557991
v -0.98587836 0.56473637 0.60564965
v -0.98657903 0.47834234 0.63553481
v -0.98008913 0.56045474 0.66003806
v -0.99074310 0.52531854 0.56708215
v -0.98017519 0.51596487 0.67470734
v -0.99120023 0.48306624 0.58220087
v -0.83977519 0.91594253 0.62355049
v -0.89695220 0.84504602 0.69746390
v -0.88122228 0.88571153 0.60477204
v -0.82529924 0.91423849 0.68139252
v -0.94010993 0.63820900 0.78944922
v -0.92897819 0.74864813 0.75224634
v -0.95649426 0.64778388 0.73707325
v -0.94164639 0.80586533 0.55415568
v -0.92797152 0.80435119 0.67019317
v -0.91531148 0.84856670 0.58134455
v -0.95734350 0.75931370 0.58106652
v -0.90769486 0.84813144 0.63966653
v -0.78400957 0.89762361 0.79086441
v -0.88011609 0.83942645 0.75510156
v -0.80701357 0.90854738 0.73780752
v -0.85596959 0.88062358 0.72084188
v -0.97496019 0.65761527 0.62614694
v -0.94243729 0.75491620 0.69657174
v -0.96768831 0.65395771 0.68202995
v -0.96815794 0.70939994 0.60496726
v -0.95152910 0.70246272 0.71853851
v -0.95142476 0.75833921 0.63900577
v -0.90322607 0.25022704 0.87757582
v -0.91664357 0.34214111 0.86022170
v -0.87736305 0.27626286 0.90335494
v -0.93174157 0.26683326 0.83761075
v -0.93768182 0.53267620 0.81701690
v -0.92849965 0.43633072 0.84041734
v -0.91175012 0.51654348 0.86070150
v -0.95501330 0.49810637 0.78049038
v -0.81455856 0.32523643 0.94378710
v -0.89256801 0.37004132 0.88844227
v -0.84762774 0.30137945 0.92548537
v -0.82324850 0.37341678 0.93911550
v -0.88513068 0.32285238 0.89615961
v -0.96956436 0.29437587 0.74327792
v -0.94245183 0.35782080 0.81689471
v -0.95365103 0.28154417 0.79226314
v -0.97265059 0.33831596 0.73035632
v -0.93726877 0.31216953 0.82752937
v -0.84001323 0.47284420 0.92771052
v -0.89961185 0.41848266 0.88004974
v -0.87893851 0.49644489 0.89788077
v -0.83178791 0.42268751 0.93382189
v -0.90606978 0.46713465 0.87089093
v -0.86422630 0.39716079 0.91306220
v -0.97760025 0.42734736 0.70328652
v -0.94724124 0.40447188 0.80554913
v -0.96805654 0.46271358 0.74221437
v -0.97535464 0.38269715 0.71704082
v -0.95147764 0.45103132 0.79349008
v -0.96171996 0.37144139 0.76860293
v -0.63820900 0.78944922 0.94010993
v -0.74864813 0.75224634 0.92897819
v -0.64778388 0.73707325 0.95649426
v -0.68139252 0.82529924 0.91423849
v -0.91594253 0.62355049 0.83977519
v -0.84504602 0.69746390 0.89695220
v -0.88571153 0.60477204 0.88122228
v -0.91423849 0.68139252 0.82529924
v -0.65761527 0.62614694 0.97496019
v -0.75491620 0.69657174 0.94243729
v -0.65395771 0.68202995 0.96768831
v -0.70939994 0.60496726 0.96815794
v -0.70246272 0.71853851 0.95152910
v -0.75510156 0.88011609 0.83942645
v -0.79086441 0.78400957 0.89762361
v -0.72084188 0.85596959 0.88062358
v -0.80929813 0.85747530 0.82770017
v -0.73780752 0.80701357 0.90854738
v -0.80586533 0.55415568 0.94164639
v -0.80435119 0.67019317 0.92797152
v -0.84856670 0.58134455 0.91531148
v -0.75931370 0.58106652 0.95734350
v -0.84813144 0.63966653 0.90769486
v -0.75833921 0.63900577 0.95142476
v -0.89762361 0.79086441 0.78400957
v -0.83942645 0.75510156 0.88011609
v -0.90854738 0.73780752 0.80701357
v -0.85747530 0.82770017 0.80929813
v -0.88062358 0.72084188 0.85596959
v -0.82770017 0.80929813 0.85747530
v -0.61234476 -0.32849318 0.99079464
v -0.61245729 -0.23172555 0.99097671
v -0.65204761 -0.31022913 0.98660127
v -0.56569949 -0.30078830 0.99433479
v -0.61247309 -0.04577270 0.99100228
v -0.61247239 -0.13788586 0.99100115
v -0.73040003 -0.27085020 0.97285154
v -0.65145702 -0.21261511 0.98681792
v -0.69159802 -0.29102413 0.98075885
v -0.65173987 -0.26095807 0.98674261
v -0.47669518 -0.24780808 0.99799573
v -0.56654733 -0.20639799 0.99439779
v -0.52037843 -0.27382981 0.99659130
v -0.56617292 -0.25314314 0.99438837
v -0.61234476 0.32849318 0.99079464
v -0.61245729 0.23172555 0.99097671
v -0.65204761 0.31022913 0.98660127
v -0.56569949 0.30078830 0.99433479
v -0.61247309 0.04577270 0.99100228
v -0.61247239 0.13788586 0.99100115
v -0.73040003 0.27085020 0.97285154
v -0.65145702 0.21261511 0.98681792
v -0.69159802 0.29102413 0.98075885
v -0.65173987 0.26095807 0.98674261
v -0.47669518 0.24780808 0.99799573
v -0.56654733 0.20639799 0.99439779
v -0.52037843 0.27382981 0.99659130
v -0.56617292 0.25314314 0.99438837
v -0.86803958 -0.17922801 0.91114515
v -0.80213804 -0.12649246 0.94968274
v -0.83773162 -0.20359661 0.93173934
v -0.86819042 -0.12769318 0.91103433
v -0.65088145 -0.02406380 0.98690636
v -0.72793869 -0.07422410 0.97350813
v -0.65094099 -0.07059132 0.98689891
v -0.76846842 -0.24941143 0.96224635
v -0.76662426 -0.14936403 0.96288719
v -0.80428417 -0.22705609 0.94872285
v -0.72976718 -0.22072170 0.97305547
v -0.80318457 -0.17643670 0.94922520
v -0.86833592 -0.02561776 0.91092104
v -0.80248913 -0.07591455 0.94953243
v -0.86828757 -0.07648535 0.91095903
v -0.83672207 -0.10180815 0.93234638
v -0.65123668 -0.16454895 0.98685844
v -0.72829498 -0.12239528 0.97342411
v -0.65105803 -0.11742357 0.98688385
v -0.69044088 -0.19233234 0.98106182
v -0.68973293 -0.09618311 0.98119283
v -0.72906241 -0.17123201 0.97323947
v -0.31550870 -0.15121120 0.99983353
v -0.39579778 -0.11091969 0.99935791
v -0.35376557 -0.17422251 0.99966837
v -0.31531117 -0.10774837 0.99983588
v -0.56722664 -0.02366395 0.99437013
v -0.47952424 -0.06862550 0.99796330
v -0.56715739 -0.06872423 0.99437430
v -0.43402178 -0.22230683 0.99886257
v -0.43614259 -0.13370389 0.99884859
v -0.39328875 -0.19793512 0.99937223
v -0.47745435 -0.20216649 0.99800427
v -0.39458201 -0.15414778 0.99936773
v -0.31511585 -0.02167184 0.99983675
v -0.39538388 -0.06661635 0.99936223
v -0.31518113 -0.06454540 0.99983654
v -0.35500728 -0.08741044 0.99966601
v -0.56681077 -0.15971945 0.99439236
v -0.47912276 -0.11251825 0.99797324
v -0.56702198 -0.11410450 0.99438211
v -0.52179426 -0.18130661 0.99660142
v -0.52260334 -0.09098277 0.99657539
v -0.47825900 -0.15704573 0.99799299
v -0.86803958 0.17922801 0.91114515
v -0.80213804 0.12649246 0.94968274
v -0.83773162 0.20359661 0.93173934
v -0.86819042 0.12769318 0.91103433
v -0.65088145 0.02406380 0.98690636
v -0.72793869 0.07422410 0.97350813
v -0.65094099 0.07059132 0.98689891
v -0.68949426 0.00000000 0.98123390
v -0.76846842 0.24941143 0.96224635
v -0.76662426 0.14936403 0.96288719
v -0.80428417 0.22705609 0.94872285
v -0.72976718 0.22072170 0.97305547
v -0.80318457 0.17643670 0.94922520
v -0.86833592 0.02561776 0.91092104
v -0.80248913 0.07591455 0.94953243
v -0.86828757 0.07648535 0.91095903
v -0.83693782 0.00000000 0.93222092
v -0.83672207 0.10180815 0.93234638
v -0.65123668 0.16454895 0.98685844
v -0.72829498 0.12239528 0.97342411
v -0.65105803 0.11742357 0.98688385
v -0.69044088 0.19233234 0.98106182
v -0.68973293 0.09618311 0.98119283
v -0.72906241 0.17123201 0.97323947
v -0.76570240 -0.05000318 0.96318322
v -0.76570240 0.05000318 0.96318322
v -0.72800182 -0.02474337 0.97349340
v -0.80243010 -0.02530676 0.94955791
v -0.72800182 0.02474337 0.97349340
v -0.80243010 0.02530676 0.94955791
v -0.31550870 0.15121120 0.99983353
v -0.39579778 0.11091969 0.99935791
v -0.35376557 0.17422251 0.99966837
v -0.31531117 0.10774837 0.99983588
v -0.56722664 0.02366395 0.99437013
v -0.47952424 0.06862550 0.99796330
v -0.56715739 0.06872423 0.99437430
v -0.52287477 0.00000000 0.99656471
v -0.43402178 0.22230683 0.99886257
v -0.43614259 0.13370389 0.99884859
v -0.39328875 0.19793512 0.99937223
v -0.47745435 0.20216649 0.99800427
v -0.39458201 0.15414778 0.99936773
v -0.31511585 0.02167184 0.99983675
v -0.39538388 0.06661635 0.99936223
v -0.31518113 0.06454540 0.99983654
v -0.35473937 0.00000000 0.99966760
v -0.35500728 0.08741044 0.99966601
v -0.56681077 0.15971945 0.99439236
v -0.47912276 0.11251825 0.99797324
v -0.56702198 0.11410450 0.99438211
v -0.52179426 0.18130661 0.99660142
v -0.52260334 0.09098277 0.99657539
v -0.47825900 0.15704573 0.99799299
v -0.43718328 -0.04495580 0.99883293
v -0.43718328 0.04495580 0.99883293
v -0.47945138 -0.02288647 0.99796518
v -0.39545397 -0.02221854 0.99936156
v -0.47945138 0.02288647 0.99796518
v -0.39545397 0.02221854 0.99936156
v -0.99432559 0.00000000 -0.56796164
v -0.99790507 0.00000000 -0.48177134
v -0.99510491 0.03750297 -0.55432757
v -0.99510491 -0.03750297 -0.55432757
v -0.99981484 0.00000000 -0.32179634
v -0.99931806 0.00000000 -0.39981532
v -0.99639548 0.11167419 -0.52703700
v -0.99822748 0.03633924 -0.46860067
v -0.99579297 0.07475059 -0.54066247
v -0.99701433 0.03690912 -0.51088751
v -0.99639548 -0.11167419 -0.52703700
v -0.99822748 -0.03633924 -0.46860067
v -0.99579297 -0.07475059 -0.54066247
v -0.99701433 -0.03690912 -0.51088751
v -1.00000000 0.00000000 -0.03461221
v -0.99999979 0.00000000 -0.10416953
v -0.99996212 0.00000000 -0.24702845
v -0.99999526 0.00000000 -0.17473773
v -0.99810614 0.25890960 -0.47164987
v -0.99914554 0.18003311 -0.41463802
v -0.99778301 0.22218900 -0.48557533
v -0.99985436 0.03460591 -0.30918034
v -0.99963216 0.10565346 -0.36073628
v -0.99970632 0.03498946 -0.34749778
v -0.99693184 0.14879822 -0.51314508
v -0.99896853 0.14449047 -0.42819452
v -0.99738992 0.18546189 -0.49942738
v -0.99785109 0.11015144 -0.48379661
v -0.99848113 0.18272484 -0.45642898
v -0.99898800 0.03588619 -0.42694530
v -0.99931061 0.10697919 -0.40051502
v -0.99944122 0.03540713 -0.38678065
v -0.99851453 0.07251829 -0.45505690
v -0.99954528 0.07064373 -0.37373550
v -0.99876041 0.10858845 -0.44156808
v -0.99810614 -0.25890960 -0.47164987
v -0.99914554 -0.18003311 -0.41463802
v -0.99778301 -0.22218900 -0.48557533
v -0.99985436 -0.03460591 -0.30918034
v -0.99963216 -0.10565346 -0.36073628
v -0.99970632 -0.03498946 -0.34749778
v -0.99693184 -0.14879822 -0.51314508
v -0.99896853 -0.14449047 -0.42819452
v -0.99738992 -0.18546189 -0.49942738
v -0.99785109 -0.11015144 -0.48379661
v -0.99848113 -0.18272484 -0.45642898
v -0.99898800 -0.03588619 -0.42694530
v -0.99931061 -0.10697919 -0.40051502
v -0.99944122 -0.03540713 -0.38678065
v -0.99851453 -0.07251829 -0.45505690
v -0.99954528 -0.07064373 -0.37373550
v -0.99876041 -0.10858845 -0.44156808
v -0.99432559 0.00000000 0.56796164
v -0.99790507 0.00000000 0.48177134
v -0.99510491 0.03750297 0.55432757
v -0.99510491 -0.03750297 0.55432757
v -0.99981484 0.00000000 0.32179634
v -0.99931806 0.00000000 0.39981532
v -0.99639548 0.11167419 0.52703700
v -0.99822748 0.03633924 0.46860067
v -0.99579297 0.07475059 0.54066247
v -0.99701433 0.03690912 0.51088751
v -0.99639548 -0.11167419 0.52703700
v -0.99822748 -0.03633924 0.46860067
v -0.99579297 -0.07475059 0.54066247
v -0.99701433 -0.03690912 0.51088751
v -1.00000000 0.00000000 0.03461221
v -0.99999979 0.00000000 0.10416953
v -0.99996212 0.00000000 0.24702845
v -0.99999526 0.00000000 0.17473773
v -0.99810614 0.25890960 0.47164987
v -0.99914554 0.18003311 0.41463802
v -0.99778301 0.22218900 0.48557533
v -0.99985436 0.03460591 0.30918034
v -0.99963216 0.10565346 0.36073628
v -0.99970632 0.03498946 0.34749778
v -0.99693184 0.14879822 0.51314508
v -0.99896853 0.14449047 0.42819452
v -0.99738992 0.18546189 0.49942738
v -0.99785109 0.11015144 0.48379661
v -0.99848113 0.18272484 0.45642898
v -0.99898800 0.03588619 0.42694530
v -0.99931061 0.10697919 0.40051502
v -0.99944122 0.03540713 0.38678065
v -0.99851453 0.07251829 0.45505690
v -0.99954528 0.07064373 0.37373550
v -0.99876041 0.10858845 0.44156808
v -0.99810614 -0.25890960 0.47164987
v -0.99914554 -0.18003311 0.41463802
v -0.99778301 -0.22218900 0.48557533
v -0.99985436 -0.03460591 0.30918034
v -0.99963216 -0.10565346 0.36073628
v -0.99970632 -0.03498946 0.34749778
v -0.99693184 -0.14879822 0.51314508
v -0.99896853 -0.14449047 0.42819452
v -0.99738992 -0.18546189 0.49942738
v -0.99785109 -0.11015144 0.48379661
v -0.99848113 -0.18272484 0.45642898
v -0.99898800 -0.03588619 0.42694530
v -0.99931061 -0.10697919 0.40051502
v -0.99944122 -0.03540713 0.38678065
v -0.99851453 -0.07251829 0.45505690
v -0.99954528 -0.07064373 0.37373550
v -0.99876041 -0.10858845 0.44156808
v -0.99418725 0.56508281 -0.34924038
v -0.99795802 0.47541457 -0.29382236
v -0.99604158 0.52574204 -0.36589274
v -0.99433479 0.56569949 -0.30078830
v -0.99983203 0.31376894 -0.19391987
v -0.99936147 0.39190499 -0.24221061
v -0.99798134 0.44815009 -0.39758710
v -0.99867247 0.43792504 -0.30987745
v -0.99724809 0.48669515 -0.38200931
v -0.99767720 0.48099036 -0.33732707
v -0.99439779 0.56654733 -0.20639799
v -0.99799573 0.47669518 -0.24780808
v -0.99438837 0.56617292 -0.25314314
v -0.99659130 0.52037843 -0.27382981
v -1.00000000 0.03342216 -0.02065603
v -0.99999982 0.10068114 -0.06222437
v -0.99999999 0.03346226 -0.05534652
v -0.99996646 0.23990029 -0.14826653
v -0.99999587 0.16920427 -0.10457399
v -0.99999936 0.03365612 -0.12529073
v -0.99999968 0.10093305 -0.09731920
v -0.99999991 0.03353486 -0.09024816
v -0.99999995 0.06710903 -0.07625266
v -0.99836744 0.29736449 -0.45661884
v -0.99946828 0.29118765 -0.37025783
v -0.99851274 0.33445250 -0.44233895
v -0.99892744 0.25645624 -0.42784466
v -0.99990696 0.27924648 -0.20925071
v -0.99981509 0.28512556 -0.28808356
v -0.99980410 0.31698287 -0.23310502
v -0.99837935 0.40963065 -0.41296686
v -0.99945666 0.32718163 -0.35580371
v -0.99853232 0.37190644 -0.42777641
v -0.99884168 0.40509054 -0.36867107
v -0.99911265 0.33078425 -0.39846023
v -0.99954680 0.17861121 -0.37278187
v -0.99968389 0.25140938 -0.34349701
v -0.99929981 0.21687989 -0.39989785
v -0.99941092 0.25395150 -0.38508803
v -0.99926964 0.39602687 -0.28323754
v -0.99964896 0.32369924 -0.31375488
v -0.99961200 0.35590651 -0.25776341
v -0.99911182 0.40055196 -0.32540374
v -0.99975082 0.32028835 -0.27306695
v -0.99935303 0.36360643 -0.34072346
v -0.99437013 0.56722664 -0.02366395
v -0.99796330 0.47952424 -0.06862550
v -0.99437430 0.56715739 -0.06872423
v -0.99983353 0.31550870 -0.15121120
v -0.99935791 0.39579778 -0.11091969
v -0.99966837 0.35376557 -0.17422251
v -0.99439236 0.56681077 -0.15971945
v -0.99797324 0.47912276 -0.11251825
v -0.99438211 0.56702198 -0.11410450
v -0.99660142 0.52179426 -0.18130661
v -0.99657539 0.52260334 -0.09098277
v -0.99886257 0.43402178 -0.22230683
v -0.99884859 0.43614259 -0.13370389
v -0.99937223 0.39328875 -0.19793512
v -0.99800427 0.47745435 -0.20216649
v -0.99936773 0.39458201 -0.15414778
v -0.99799299 0.47825900 -0.15704573
v -0.99993554 0.03451374 -0.26991791
v -0.99996648 0.10312932 -0.24180984
v -0.99997326 0.03422064 -0.23309808
v -0.99989039 0.06931822 -0.29487108
v -0.99996046 0.24117452 -0.18524085
v -0.99997985 0.17178174 -0.21368169
v -0.99998444 0.20527528 -0.16265588
v -0.99994421 0.24375584 -0.22359427
v -0.99999709 0.03377629 -0.16103438
v -0.99998736 0.10236503 -0.20520195
v -0.99999032 0.03398127 -0.19678171
v -0.99999830 0.06756448 -0.14696462
v -0.99998152 0.06835737 -0.21914069
v -0.99971195 0.14109576 -0.34611527
v -0.99993919 0.13861884 -0.26643591
v -0.99981983 0.10484393 -0.32027003
v -0.99977289 0.17689427 -0.33167268
v -0.99991841 0.10400841 -0.28060651
v -0.99999850 0.13538972 -0.11884972
v -0.99999082 0.13672723 -0.19100572
v -0.99999469 0.17001525 -0.14052540
v -0.99999890 0.10145005 -0.13288878
v -0.99999074 0.17086892 -0.17691599
v -0.99999595 0.10192208 -0.16887240
v -0.99983280 0.24888763 -0.30242500
v -0.99995268 0.17367935 -0.25206106
v -0.99990800 0.24632124 -0.26267738
v -0.99981500 0.21284570 -0.31709214
v -0.99995608 0.20854833 -0.23788074
v -0.99989308 0.17525577 -0.29140948
v -0.99418725 -0.56508281 -0.34924038
v -0.99795802 -0.47541457 -0.29382236
v -0.99604158 -0.52574204 -0.36589274
v -0.99433479 -0.56569949 -0.30078830
v -0.99983203 -0.31376894 -0.19391987
v -0.99936147 -0.39190499 -0.24221061
v -0.99798134 -0.44815009 -0.39758710
v -0.99867247 -0.43792504 -0.30987745
v -0.99724809 -0.48669515 -0.38200931
v -0.99767720 -0.48099036 -0.33732707
v -0.99439779 -0.56654733 -0.20639799
v -0.99799573 -0.47669518 -0.24780808
v -0.99438837 -0.56617292 -0.25314314
v -0.99659130 -0.52037843 -0.27382981
v -1.00000000 -0.03342216 -0.02065603
v -0.99999982 -0.10068114 -0.06222437
v -0.99999999 -0.03346226 -0.05534652
v -0.99996646 -0.23990029 -0.14826653
v -0.99999587 -0.16920427 -0.10457399
v -0.99999936 -0.03365612 -0.12529073
v -0.99999968 -0.10093305 -0.09731920
v -0.99999991 -0.03353486 -0.09024816
v -0.99999995 -0.06710903 -0.07625266
v -0.99836744 -0.29736449 -0.45661884
v -0.99946828 -0.29118765 -0.37025783
v -0.99851274 -0.33445250 -0.44233895
v -0.99892744 -0.25645624 -0.42784466
v -0.99990696 -0.27924648 -0.20925071
v -0.99981509 -0.28512556 -0.28808356
v -0.99980410 -0.31698287 -0.23310502
v -0.99837935 -0.40963065 -0.41296686
v -0.99945666 -0.32718163 -0.35580371
v -0.99853232 -0.37190644 -0.42777641
v -0.99884168 -0.40509054 -0.36867107
v -0.99911265 -0.33078425 -0.39846023
v -0.99954680 -0.17861121 -0.37278187
v -0.99968389 -0.25140938 -0.34349701
v -0.99929981 -0.21687989 -0.39989785
v -0.99941092 -0.25395150 -0.38508803
v -0.99926964 -0.39602687 -0.28323754
v -0.99964896 -0.32369924 -0.31375488
v -0.99961200 -0.35590651 -0.25776341
v -0.99911182 -0.40055196 -0.32540374
v -0.99975082 -0.32028835 -0.27306695
v -0.99935303 -0.36360643 -0.34072346
v -0.99437013 -0.56722664 -0.02366395
v -0.99796330 -0.47952424 -0.06862550
v -0.99437430 -0.56715739 -0.06872423
v -0.99983353 -0.31550870 -0.15121120
v -0.99935791 -0.39579778 -0.11091969
v -0.99966837 -0.35376557 -0.17422251
v -0.99439236 -0.56681077 -0.15971945
v -0.99797324 -0.47912276 -0.11251825
v -0.99438211 -0.56702198 -0.11410450
v -0.99660142 -0.52179426 -0.18130661
v -0.99657539 -0.52260334 -0.09098277
v -0.99886257 -0.43402178 -0.22230683
v -0.99884859 -0.43614259 -0.13370389
v -0.99937223 -0.39328875 -0.19793512
v -0.99800427 -0.47745435 -0.20216649
v -0.99936773 -0.39458201 -0.15414778
v -0.99799299 -0.47825900 -0.15704573
v -0.99993554 -0.03451374 -0.26991791
v -0.99996648 -0.10312932 -0.24180984
v -0.99997326 -0.03422064 -0.23309808
v -0.99989039 -0.06931822 -0.29487108
v -0.99996046 -0.24117452 -0.18524085
v -0.99997985 -0.17178174 -0.21368169
v -0.99998444 -0.20527528 -0.16265588
v -0.99994421 -0.24375584 -0.22359427
v -0.99999709 -0.03377629 -0.16103438
v -0.99998736 -0.10236503 -0.20520195
v -0.99999032 -0.03398127 -0.19678171
v -0.99999830 -0.06756448 -0.14696462
v -0.99998152 -0.06835737 -0.21914069
v -0.99971195 -0.14109576 -0.34611527
v -0.99993919 -0.13861884 -0.26643591
v -0.99981983 -0.10484393 -0.32027003
v -0.99977289 -0.17689427 -0.33167268
v -0.99991841 -0.10400841 -0.28060651
v -0.99999850 -0.13538972 -0.11884972
v -0.99999082 -0.13672723 -0.19100572
v -0.99999469 -0.17001525 -0.14052540
v -0.99999890 -0.10145005 -0.13288878
v -0.99999074 -0.17086892 -0.17691599
v -0.99999595 -0.10192208 -0.16887240
v -0.99983280 -0.24888763 -0.30242500
v -0.99995268 -0.17367935 -0.25206106
v -0.99990800 -0.24632124 -0.26267738
v -0.99981500 -0.21284570 -0.31709214
v -0.99995608 -0.20854833 -0.23788074
v -0.99989308 -0.17525577 -0.29140948
v -0.99418725 0.56508281 0.34924038
v -0.99795802 0.47541457 0.29382236
v -0.99604158 0.52574204 0.36589274
v -0.99433479 0.56569949 0.30078830
v -0.99983203 0.31376894 0.19391987
v -0.99936147 0.39190499 0.24221061
v -0.99798134 0.44815009 0.39758710
v -0.99867247 0.43792504 0.30987745
v -0.99724809 0.48669515 0.38200931
v -0.99767720 0.48099036 0.33732707
v -0.99439779 0.56654733 0.20639799
v -0.99799573 0.47669518 0.24780808
v -0.99438837 0.56617292 0.25314314
v -0.99659130 0.52037843 0.27382981
v -1.00000000 0.03342216 0.02065603
v -0.99999982 0.10068114 0.06222437
v -0.99999999 0.03346226 0.05534652
v -0.99999998 0.06694767 0.00000000
v -0.99996646 0.23990029 0.14826653
v -0.99999587 0.16920427 0.10457399
v -0.99999936 0.03365612 0.12529073
v -0.99999968 0.10093305 0.09731920
v -0.99999991 0.03353486 0.09024816
v -0.99999995 0.06710903 0.07625266
v -0.99999900 0.13472972 -0.04156313
v -0.99999900 0.13472972 0.04156313
v -0.99999983 0.10073864 -0.02074907
v -0.99999983 0.10073864 0.02074907
v -0.99836744 0.29736449 0.45661884
v -0.99946828 0.29118765 0.37025783
v -0.99851274 0.33445250 0.44233895
v -0.99892744 0.25645624 0.42784466
v -0.99990696 0.27924648 0.20925071
v -0.99981509 0.28512556 0.28808356
v -0.99980410 0.31698287 0.23310502
v -0.99837935 0.40963065 0.41296686
v -0.99945666 0.32718163 0.35580371
v -0.99853232 0.37190644 0.42777641
v -0.99884168 0.40509054 0.36867107
v -0.99911265 0.33078425 0.39846023
v -0.99954680 0.17861121 0.37278187
v -0.99968389 0.25140938 0.34349701
v -0.99929981 0.21687989 0.39989785
v -0.99941092 0.25395150 0.38508803
v -0.99926964 0.39602687 0.28323754
v -0.99964896 0.32369924 0.31375488
v -0.99961200 0.35590651 0.25776341
v -0.99911182 0.40055196 0.32540374
v -0.99975082 0.32028835 0.27306695
v -0.99935303 0.36360643 0.34072346
v -0.99437013 0.56722664 0.02366395
v -0.99796330 0.47952424 0.06862550
v -0.99437430 0.56715739 0.06872423
v -0.99656471 0.52287477 0.00000000
v -0.99983353 0.31550870 0.15121120
v -0.99935791 0.39579778 0.11091969
v -0.99966837 0.35376557 0.17422251
v -0.99439236 0.56681077 0.15971945
v -0.99797324 0.47912276 0.11251825
v -0.99438211 0.56702198 0.11410450
v -0.99660142 0.52179426 0.18130661
v -0.99657539 0.52260334 0.09098277
v -0.99883293 0.43718328 -0.04495580
v -0.99883293 0.43718328 0.04495580
v -0.99796518 0.47945138 -0.02288647
v -0.99796518 0.47945138 0.02288647
v -0.99886257 0.43402178 0.22230683
v -0.99884859 0.43614259 0.13370389
v -0.99937223 0.39328875 0.19793512
v -0.99800427 0.47745435 0.20216649
v -0.99936773 0.39458201 0.15414778
v -0.99799299 0.47825900 0.15704573
v -0.99993554 0.03451374 0.26991791
v -0.99996648 0.10312932 0.24180984
v -0.99997326 0.03422064 0.23309808
v -0.99989039 0.06931822 0.29487108
v -0.99996046 0.24117452 0.18524085
v -0.99997985 0.17178174 0.21368169
v -0.99998444 0.20527528 0.16265588
v -0.99994421 0.24375584 0.22359427
v -0.99999709 0.03377629 0.16103438
v -0.99998736 0.10236503 0.20520195
v -0.99999032 0.03398127 0.19678171
v -0.99999830 0.06756448 0.14696462
v -0.99998152 0.06835737 0.21914069
v -0.99971195 0.14109576 0.34611527
v -0.99993919 0.13861884 0.26643591
v -0.99981983 0.10484393 0.32027003
v -0.99977289 0.17689427 0.33167268
v -0.99991841 0.10400841 0.28060651
v -0.99999850 0.13538972 0.11884972
v -0.99999082 0.13672723 0.19100572
v -0.99999469 0.17001525 0.14052540
v -0.99999890 0.10145005 0.13288878
v -0.99999074 0.17086892 0.17691599
v -0.99999595 0.10192208 0.16887240
v -0.99983280 0.24888763 0.30242500
v -0.99995268 0.17367935 0.25206106
v -0.99990800 0.24632124 0.26267738
v -0.99981500 0.21284570 0.31709214
v -0.99995608 0.20854833 0.23788074
v -0.99989308 0.17525577 0.29140948
v -0.99992500 0.27637247 -0.12760432
v -0.99992571 0.27637267 -0.04234571
v -0.99996785 0.24008178 -0.10564996
v -0.99983588 0.31531117 -0.10774837
v -0.99992500 0.27637247 0.12760432
v -0.99992571 0.27637267 0.04234571
v -0.99996785 0.24008178 0.10564996
v -0.99983588 0.31531117 0.10774837
v -0.99999603 0.16955542 -0.06279703
v -0.99996794 0.24026064 -0.02123298
v -0.99998777 0.20445824 -0.08403883
v -0.99999605 0.16949607 -0.02094055
v -0.99996798 0.24020093 -0.06328828
v -0.99936223 0.39538388 -0.06661635
v -0.99983675 0.31511585 -0.02167184
v -0.99966601 0.35500728 -0.08741044
v -0.99936156 0.39545397 -0.02221854
v -0.99983654 0.31518113 -0.06454540
v -0.99999603 0.16955542 0.06279703
v -0.99996794 0.24026064 0.02123298
v -0.99998777 0.20445824 0.08403883
v -0.99999605 0.16949607 0.02094055
v -0.99996798 0.24020093 0.06328828
v -0.99998774 0.20469421 0.00000000
v -0.99936223 0.39538388 0.06661635
v -0.99983675 0.31511585 0.02167184
v -0.99966601 0.35500728 0.08741044
v -0.99936156 0.39545397 0.02221854
v -0.99983654 0.31518113 0.06454540
v -0.99966760 0.35473937 0.00000000
v -0.99418725 -0.56508281 0.34924038
v -0.99795802 -0.47541457 0.29382236
v -0.99604158 -0.52574204 0.36589274
v -0.99433479 -0.56569949 0.30078830
v -0.99983203 -0.31376894 0.19391987
v -0.99936147 -0.39190499 0.24221061
v -0.99798134 -0.44815009 0.39758710
v -0.99867247 -0.43792504 0.30987745
v -0.99724809 -0.48669515 0.38200931
v -0.99767720 -0.48099036 0.33732707
v -0.99439779 -0.56654733 0.20639799
v -0.99799573 -0.47669518 0.24780808
v -0.99438837 -0.56617292 0.25314314
v -0.99659130 -0.52037843 0.27382981
v -1.00000000 -0.03342216 0.02065603
v -0.99999982 -0.10068114 0.06222437
v -0.99999999 -0.03346226 0.05534652
v -0.99999998 -0.06694767 0.00000000
v -0.99996646 -0.23990029 0.14826653
v -0.99999587 -0.16920427 0.10457399
v -0.99999936 -0.03365612 0.12529073
v -0.99999968 -0.10093305 0.09731920
v -0.99999991 -0.03353486 0.09024816
v -0.99999995 -0.06710903 0.07625266
v -0.99999900 -0.13472972 -0.04156313
v -0.99999900 -0.13472972 0.04156313
v -0.99999983 -0.10073864 -0.02074907
v -0.99999983 -0.10073864 0.02074907
v -0.99836744 -0.29736449 0.45661884
v -0.99946828 -0.29118765 0.37025783
v -0.99851274 -0.33445250 0.44233895
v -0.99892744 -0.25645624 0.42784466
v -0.99990696 -0.27924648 0.20925071
v -0.99981509 -0.28512556 0.28808356
v -0.99980410 -0.31698287 0.23310502
v -0.99837935 -0.40963065 0.41296686
v -0.99945666 -0.32718163 0.35580371
v -0.99853232 -0.37190644 0.42777641
v -0.99884168 -0.40509054 0.36867107
v -0.99911265 -0.33078425 0.39846023
v -0.99954680 -0.17861121 0.37278187
v -0.99968389 -0.25140938 0.34349701
v -0.99929981 -0.21687989 0.39989785
v -0.99941092 -0.25395150 0.38508803
v -0.99926964 -0.39602687 0.28323754
v -0.99964896 -0.32369924 0.31375488
v -0.99961200 -0.35590651 0.25776341
v -0.99911182 -0.40055196 0.32540374
v -0.99975082 -0.32028835 0.27306695
v -0.99935303 -0.36360643 0.34072346
v -0.99437013 -0.56722664 0.02366395
v -0.99796330 -0.47952424 0.06862550
v -0.99437430 -0.56715739 0.06872423
v -0.99656471 -0.52287477 0.00000000
v -0.99983353 -0.31550870 0.15121120
v -0.99935791 -0.39579778 0.11091969
v -0.99966837 -0.35376557 0.17422251
v -0.99439236 -0.56681077 0.15971945
v -0.99797324 -0.47912276 0.11251825
v -0.99438211 -0.56702198 0.11410450
v -0.99660142 -0.52179426 0.18130661
v -0.99657539 -0.52260334 0.09098277
v -0.99883293 -0.43718328 -0.04495580
v -0.99883293 -0.43718328 0.04495580
v -0.99796518 -0.47945138 -0.02288647
v -0.99796518 -0.47945138 0.02288647
v -0.99886257 -0.43402178 0.22230683
v -0.99884859 -0.43614259 0.13370389
v -0.99937223 -0.39328875 0.19793512
v -0.99800427 -0.47745435 0.20216649
v -0.99936773 -0.39458201 0.15414778
v -0.99799299 -0.47825900 0.15704573
v -0.99993554 -0.03451374 0.26991791
v -0.99996648 -0.10312932 0.24180984
v -0.99997326 -0.03422064 0.23309808
v -0.99989039 -0.06931822 0.29487108
v -0.99996046 -0.24117452 0.18524085
v -0.99997985 -0.17178174 0.21368169
v -0.99998444 -0.20527528 0.16265588
v -0.99994421 -0.24375584 0.22359427
v -0.99999709 -0.03377629 0.16103438
v -0.99998736 -0.10236503 0.20520195
v -0.99999032 -0.03398127 0.19678171
v -0.99999830 -0.06756448 0.14696462
v -0.99998152 -0.06835737 0.21914069
v -0.99971195 -0.14109576 0.34611527
v -0.99993919 -0.13861884 0.26643591
v -0.99981983 -0.10484393 0.32027003
v -0.99977289 -0.17689427 0.33167268
v -0.99991841 -0.10400841 0.28060651
v -0.99999850 -0.13538972 0.11884972
v -0.99999082 -0.13672723 0.19100572
v -0.99999469 -0.17001525 0.14052540
v -0.99999890 -0.10145005 0.13288878
v -0.99999074 -0.17086892 0.17691599
v -0.99999595 -0.10192208 0.16887240
v -0.99983280 -0.24888763 0.30242500
v -0.99995268 -0.17367935 0.25206106
v -0.99990800 -0.24632124 0.26267738
v -0.99981500 -0.21284570 0.31709214
v -0.99995608 -0.20854833 0.23788074
v -0.99989308 -0.17525577 0.29140948
v -0.99992500 -0.27637247 -0.12760432
v -0.99992571 -0.27637267 -0.04234571
v -0.99996785 -0.24008178 -0.10564996
v -0.99983588 -0.31531117 -0.10774837
v -0.99992500 -0.27637247 0.12760432
v -0.99992571 -0.27637267 0.04234571
v -0.99996785 -0.24008178 0.10564996
v -0.99983588 -0.31531117 0.10774837
v -0.99999603 -0.16955542 -0.06279703
v -0.99996794 -0.24026064 -0.02123298
v -0.99998777 -0.20445824 -0.08403883
v -0.99999605 -0.16949607 -0.02094055
v -0.99996798 -0.24020093 -0.06328828
v -0.99936223 -0.39538388 -0.06661635
v -0.99983675 -0.31511585 -0.02167184
v -0.99966601 -0.35500728 -0.08741044
v -0.99936156 -0.39545397 -0.02221854
v -0.99983654 -0.31518113 -0.06454540
v -0.99999603 -0.16955542 0.06279703
v -0.99996794 -0.24026064 0.02123298
v -0.99998777 -0.20445824 0.08403883
v -0.99999605 -0.16949607 0.02094055
v -0.99996798 -0.24020093 0.06328828
v -0.99998774 -0.20469421 0.00000000
v -0.99936223 -0.39538388 0.06661635
v -0.99983675 -0.31511585 0.02167184
v -0.99966601 -0.35500728 0.08741044
v -0.99936156 -0.39545397 0.02221854
v -0.99983654 -0.31518113 0.06454540
v -0.99966760 -0.35473937 0.00000000
f 1 8363 2987
f 8363 2103 8365
f 2987 8365 759
f 8363 8365 2987
f 2103 8364 8372
f 8364 533 8370
f 8372 8370 2105
f 8364 8370 8372
f 759 8371 2988
f 8371 2105 8369
f 2988 8369 197
f 8371 8369 2988
f 2103 8372 8365
f 8372 2105 8371
f 8365 8371 759
f 8372 8371 8365
f 533 8368 8392
f 8368 2104 8394
f 8392 8394 2112
f 8368 8394 8392
f 2104 8367 8386
f 8367 138 8384
f 8386 8384 2110
f 8367 8384 8386
f 2112 8396 8393
f 8396 2110 8385
f 8393 8385 535
f 8396 8385 8393
f 2104 8386 8394
f 8386 2110 8396
f 8394 8396 2112
f 8386 8396 8394
f 197 8387 2991
f 8387 2111 8389
f 2991 8389 760
f 8387 8389 2991
f 2111 8388 8391
f 8388 535 8382
f 8391 8382 2109
f 8388 8382 8391
f 760 8383 2990
f 8383 2109 8381
f 2990 8381 54
f 8383 8381 2990
f 2111 8391 8389
f 8391 2109 8383
f 8389 8383 760
f 8391 8383 8389
f 533 8392 8370
f 8392 2112 8395
f 8370 8395 2105
f 8392 8395 8370
f 2112 8393 8397
f 8393 535 8388
f 8397 8388 2111
f 8393 8388 8397
f 2105 8390 8369
f 8390 2111 8387
f 8369 8387 197
f 8390 8387 8369
f 2112 8397 8395
f 8397 2111 8390
f 8395 8390 2105
f 8397 8390 8395
f 138 8379 8463
f 8379 2108 8465
f 8463 8465 2132
f 8379 8465 8463
f 2108 8380 8473
f 8380 534 8471
f 8473 8471 2134
f 8380 8471 8473
f 2132 8475 8464
f 8475 2134 8472
f 8464 8472 542
f 8475 8472 8464
f 2108 8473 8465
f 8473 2134 8475
f 8465 8475 2132
f 8473 8475 8465
f 534 8378 8437
f 8378 2107 8439
f 8437 8439 2126
f 8378 8439 8437
f 2107 8377 8434
f 8377 38 8432
f 8434 8432 2124
f 8377 8432 8434
f 2126 8440 8438
f 8440 2124 8433
f 8438 8433 540
f 8440 8433 8438
f 2107 8434 8439
f 8434 2124 8440
f 8439 8440 2126
f 8434 8440 8439
f 542 8482 8468
f 8482 2136 8485
f 8468 8485 2133
f 8482 8485 8468
f 2136 8481 8483
f 8481 540 8436
f 8483 8436 2125
f 8481 8436 8483
f 2133 8469 8467
f 8469 2125 8435
f 8467 8435 140
f 8469 8435 8467
f 2136 8483 8485
f 8483 2125 8469
f 8485 8469 2133
f 8483 8469 8485
f 534 8437 8471
f 8437 2126 8474
f 8471 8474 2134
f 8437 8474 8471
f 2126 8438 8484
f 8438 540 8481
f 8484 8481 2136
f 8438 8481 8484
f 2134 8486 8472
f 8486 2136 8482
f 8472 8482 542
f 8486 8482 8472
f 2126 8484 8474
f 8484 2136 8486
f 8474 8486 2134
f 8484 8486 8474
f 54 8441 2998
f 8441 2127 8443
f 2998 8443 763
f 8441 8443 2998
f 2127 8442 8452
f 8442 541 8449
f 8452 8449 2129
f 8442 8449 8452
f 763 8450 2999
f 8450 2129 8448
f 2999 8448 198
f 8450 8448 2999
f 2127 8452 8443
f 8452 2129 8450
f 8443 8450 763
f 8452 8450 8443
f 541 8446 8458
f 8446 2128 8461
f 8458 8461 2131
f 8446 8461 8458
f 2128 8445 8447
f 8445 140 8426
f 8447 8426 2122
f 8445 8426 8447
f 2131 8459 8457
f 8459 2122 8427
f 8457 8427 539
f 8459 8427 8457
f 2128 8447 8461
f 8447 2122 8459
f 8461 8459 2131
f 8447 8459 8461
f 198 8428 2997
f 8428 2123 8430
f 2997 8430 762
f 8428 8430 2997
f 2123 8429 8431
f 8429 539 8424
f 8431 8424 2121
f 8429 8424 8431
f 762 8425 2996
f 8425 2121 8423
f 2996 8423 17
f 8425 8423 2996
f 2123 8431 8430
f 8431 2121 8425
f 8430 8425 762
f 8431 8425 8430
f 541 8458 8449
f 8458 2131 8462
f 8449 8462 2129
f 8458 8462 8449
f 2131 8457 8460
f 8457 539 8429
f 8460 8429 2123
f 8457 8429 8460
f 2129 8451 8448
f 8451 2123 8428
f 8448 8428 198
f 8451 8428 8448
f 2131 8460 8462
f 8460 2123 8451
f 8462 8451 2129
f 8460 8451 8462
f 138 8463 8384
f 8463 2132 8466
f 8384 8466 2110
f 8463 8466 8384
f 2132 8464 8480
f 8464 542 8477
f 8480 8477 2135
f 8464 8477 8480
f 2110 8478 8385
f 8478 2135 8476
f 8385 8476 535
f 8478 8476 8385
f 2132 8480 8466
f 8480 2135 8478
f 8466 8478 2110
f 8480 8478 8466
f 542 8468 8488
f 8468 2133 8491
f 8488 8491 2137
f 8468 8491 8488
f 2133 8467 8470
f 8467 140 8445
f 8470 8445 2128
f 8467 8445 8470
f 2137 8489 8487
f 8489 2128 8446
f 8487 8446 541
f 8489 8446 8487
f 2133 8470 8491
f 8470 2128 8489
f 8491 8489 2137
f 8470 8489 8491
f 535 8453 8382
f 8453 2130 8455
f 8382 8455 2109
f 8453 8455 8382
f 2130 8454 8456
f 8454 541 8442
f 8456 8442 2127
f 8454 8442 8456
f 2109 8444 8381
f 8444 2127 8441
f 8381 8441 54
f 8444 8441 8381
f 2130 8456 8455
f 8456 2127 8444
f 8455 8444 2109
f 8456 8444 8455
f 542 8488 8477
f 8488 2137 8492
f 8477 8492 2135
f 8488 8492 8477
f 2137 8487 8490
f 8487 541 8454
f 8490 8454 2130
f 8487 8454 8490
f 2135 8479 8476
f 8479 2130 8453
f 8476 8453 535
f 8479 8453 8476
f 2137 8490 8492
f 8490 2130 8479
f 8492 8479 2135
f 8490 8479 8492
f 38 8419 9427
f 8419 2119 9429
f 9427 9429 2371
f 8419 9429 9427
f 2119 8420 9435
f 8420 538 9433
f 9435 9433 2373
f 8420 9433 9435
f 2371 9436 9428
f 9436 2373 9434
f 9428 9434 601
f 9436 9434 9428
f 2119 9435 9429
f 9435 2373 9436
f 9429 9436 2371
f 9435 9436 9429
f 538 8422 9462
f 8422 2120 9464
f 9462 9464 2381
f 8422 9464 9462
f 2120 8421 9457
f 8421 139 9455
f 9457 9455 2379
f 8421 9455 9457
f 2381 9466 9463
f 9466 2379 9456
f 9463 9456 603
f 9466 9456 9463
f 2120 9457 9464
f 9457 2379 9466
f 9464 9466 2381
f 9457 9466 9464
f 601 9471 9432
f 9471 2383 9473
f 9432 9473 2372
f 9471 9473 9432
f 2383 9472 9475
f 9472 603 9460
f 9475 9460 2380
f 9472 9460 9475
f 2372 9461 9431
f 9461 2380 9459
f 9431 9459 155
f 9461 9459 9431
f 2383 9475 9473
f 9475 2380 9461
f 9473 9461 2372
f 9475 9461 9473
f 538 9462 9433
f 9462 2381 9465
f 9433 9465 2373
f 9462 9465 9433
f 2381 9463 9476
f 9463 603 9472
f 9476 9472 2383
f 9463 9472 9476
f 2373 9474 9434
f 9474 2383 9471
f 9434 9471 601
f 9474 9471 9434
f 2381 9476 9465
f 9476 2383 9474
f 9465 9474 2373
f 9476 9474 9465
f 139 8417 9209
f 8417 2118 9211
f 9209 9211 2319
f 8417 9211 9209
f 2118 8418 9217
f 8418 537 9215
f 9217 9215 2321
f 8418 9215 9217
f 2319 9219 9210
f 9219 2321 9216
f 9210 9216 589
f 9219 9216 9210
f 2118 9217 9211
f 9217 2321 9219
f 9211 9219 2319
f 9217 9219 9211
f 537 8416 9197
f 8416 2117 9199
f 9197 9199 2315
f 8416 9199 9197
f 2117 8415 9193
f 8415 12 9191
f 9193 9191 2313
f 8415 9191 9193
f 2315 9200 9198
f 9200 2313 9192
f 9198 9192 587
f 9200 9192 9198
f 2117 9193 9199
f 9193 2313 9200
f 9199 9200 2315
f 9193 9200 9199
f 589 9221 9213
f 9221 2322 9224
f 9213 9224 2320
f 9221 9224 9213
f 2322 9220 9222
f 9220 587 9196
f 9222 9196 2314
f 9220 9196 9222
f 2320 9214 9212
f 9214 2314 9195
f 9212 9195 152
f 9214 9195 9212
f 2322 9222 9224
f 9222 2314 9214
f 9224 9214 2320
f 9222 9214 9224
f 537 9197 9215
f 9197 2315 9218
f 9215 9218 2321
f 9197 9218 9215
f 2315 9198 9223
f 9198 587 9220
f 9223 9220 2322
f 9198 9220 9223
f 2321 9225 9216
f 9225 2322 9221
f 9216 9221 589
f 9225 9221 9216
f 2315 9223 9218
f 9223 2322 9225
f 9218 9225 2321
f 9223 9225 9218
f 155 9503 9445
f 9503 2390 9505
f 9445 9505 2376
f 9503 9505 9445
f 2390 9504 9521
f 9504 605 9518
f 9521 9518 2393
f 9504 9518 9521
f 2376 9519 9446
f 9519 2393 9517
f 9446 9517 602
f 9519 9517 9446
f 2390 9521 9505
f 9521 2393 9519
f 9505 9519 2376
f 9521 9519 9505
f 605 9500 9508
f 9500 2389 9511
f 9508 9511 2391
f 9500 9511 9508
f 2389 9499 9501
f 9499 152 9207
f 9501 9207 2318
f 9499 9207 9501
f 2391 9509 9507
f 9509 2318 9208
f 9507 9208 588
f 9509 9208 9507
f 2389 9501 9511
f 9501 2318 9509
f 9511 9509 2391
f 9501 9509 9511
f 602 9448 9442
f 9448 2377 9450
f 9442 9450 2375
f 9448 9450 9442
f 2377 9447 9449
f 9447 588 9206
f 9449 9206 2317
f 9447 9206 9449
f 2375 9443 9441
f 9443 2317 9205
f 9441 9205 41
f 9443 9205 9441
f 2377 9449 9450
f 9449 2317 9443
f 9450 9443 2375
f 9449 9443 9450
f 605 9508 9518
f 9508 2391 9522
f 9518 9522 2393
f 9508 9522 9518
f 2391 9507 9510
f 9507 588 9447
f 9510 9447 2377
f 9507 9447 9510
f 2393 9520 9517
f 9520 2377 9448
f 9517 9448 602
f 9520 9448 9517
f 2391 9510 9522
f 9510 2377 9520
f 9522 9520 2393
f 9510 9520 9522
f 139 9209 9455
f 9209 2319 9458
f 9455 9458 2379
f 9209 9458 9455
f 2319 9210 9469
f 9210 589 9467
f 9469 9467 2382
f 9210 9467 9469
f 2379 9470 9456
f 9470 2382 9468
f 9456 9468 603
f 9470 9468 9456
f 2319 9469 9458
f 9469 2382 9470
f 9458 9470 2379
f 9469 9470 9458
f 589 9213 9512
f 9213 2320 9514
f 9512 9514 2392
f 9213 9514 9512
f 2320 9212 9502
f 9212 152 9499
f 9502 9499 2389
f 9212 9499 9502
f 2392 9516 9513
f 9516 2389 9500
f 9513 9500 605
f 9516 9500 9513
f 2320 9502 9514
f 9502 2389 9516
f 9514 9516 2392
f 9502 9516 9514
f 603 9523 9460
f 9523 2394 9525
f 9460 9525 2380
f 9523 9525 9460
f 2394 9524 9527
f 9524 605 9504
f 9527 9504 2390
f 9524 9504 9527
f 2380 9506 9459
f 9506 2390 9503
f 9459 9503 155
f 9506 9503 9459
f 2394 9527 9525
f 9527 2390 9506
f 9525 9506 2380
f 9527 9506 9525
f 589 9512 9467
f 9512 2392 9515
f 9467 9515 2382
f 9512 9515 9467
f 2392 9513 9528
f 9513 605 9524
f 9528 9524 2394
f 9513 9524 9528
f 2382 9526 9468
f 9526 2394 9523
f 9468 9523 603
f 9526 9523 9468
f 2392 9528 9515
f 9528 2394 9526
f 9515 9526 2382
f 9528 9526 9515
f 17 9243 3021
f 9243 2327 9245
f 3021 9245 770
f 9243 9245 3021
f 2327 9244 9252
f 9244 591 9250
f 9252 9250 2329
f 9244 9250 9252
f 770 9251 3022
f 9251 2329 9249
f 3022 9249 201
f 9251 9249 3022
f 2327 9252 9245
f 9252 2329 9251
f 9245 9251 770
f 9252 9251 9245
f 591 9248 9282
f 9248 2328 9284
f 9282 9284 2338
f 9248 9284 9282
f 2328 9247 9272
f 9247 153 9270
f 9272 9270 2335
f 9247 9270 9272
f 2338 9286 9283
f 9286 2335 9271
f 9283 9271 593
f 9286 9271 9283
f 2328 9272 9284
f 9272 2335 9286
f 9284 9286 2338
f 9272 9286 9284
f 201 9273 3024
f 9273 2336 9275
f 3024 9275 771
f 9273 9275 3024
f 2336 9274 9277
f 9274 593 9267
f 9277 9267 2334
f 9274 9267 9277
f 771 9268 3023
f 9268 2334 9266
f 3023 9266 55
f 9268 9266 3023
f 2336 9277 9275
f 9277 2334 9268
f 9275 9268 771
f 9277 9268 9275
f 591 9282 9250
f 9282 2338 9285
f 9250 9285 2329
f 9282 9285 9250
f 2338 9283 9287
f 9283 593 9274
f 9287 9274 2336
f 9283 9274 9287
f 2329 9276 9249
f 9276 2336 9273
f 9249 9273 201
f 9276 9273 9249
f 2338 9287 9285
f 9287 2336 9276
f 9285 9276 2329
f 9287 9276 9285
f 153 9260 9309
f 9260 2332 9311
f 9309 9311 2344
f 9260 9311 9309
f 2332 9261 9325
f 9261 592 9323
f 9325 9323 2347
f 9261 9323 9325
f 2344 9327 9310
f 9327 2347 9324
f 9310 9324 595
f 9327 9324 9310
f 2332 9325 9311
f 9325 2347 9327
f 9311 9327 2344
f 9325 9327 9311
f 592 9258 9263
f 9258 2331 9265
f 9263 9265 2333
f 9258 9265 9263
f 2331 9257 9259
f 9257 41 9153
f 9259 9153 2303
f 9257 9153 9259
f 2333 9264 9262
f 9264 2303 9154
f 9262 9154 584
f 9264 9154 9262
f 2331 9259 9265
f 9259 2303 9264
f 9265 9264 2333
f 9259 9264 9265
f 595 9314 9306
f 9314 2345 9317
f 9306 9317 2343
f 9314 9317 9306
f 2345 9313 9315
f 9313 584 9156
f 9315 9156 2304
f 9313 9156 9315
f 2343 9307 9305
f 9307 2304 9155
f 9305 9155 151
f 9307 9155 9305
f 2345 9315 9317
f 9315 2304 9307
f 9317 9307 2343
f 9315 9307 9317
f 592 9263 9323
f 9263 2333 9326
f 9323 9326 2347
f 9263 9326 9323
f 2333 9262 9316
f 9262 584 9313
f 9316 9313 2345
f 9262 9313 9316
f 2347 9328 9324
f 9328 2345 9314
f 9324 9314 595
f 9328 9314 9324
f 2333 9316 9326
f 9316 2345 9328
f 9326 9328 2347
f 9316 9328 9326
f 55 9157 3019
f 9157 2305 9159
f 3019 9159 769
f 9157 9159 3019
f 2305 9158 9167
f 9158 585 9164
f 9167 9164 2307
f 9158 9164 9167
f 769 9165 3020
f 9165 2307 9163
f 3020 9163 200
f 9165 9163 3020
f 2305 9167 9159
f 9167 2307 9165
f 9159 9165 769
f 9167 9165 9159
f 585 9161 9169
f 9161 2306 9172
f 9169 9172 2308
f 9161 9172 9169
f 2306 9160 9162
f 9160 151 9143
f 9162 9143 2300
f 9160 9143 9162
f 2308 9170 9168
f 9170 2300 9144
f 9168 9144 583
f 9170 9144 9168
f 2306 9162 9172
f 9162 2300 9170
f 9172 9170 2308
f 9162 9170 9172
f 200 9145 3018
f 9145 2301 9147
f 3018 9147 768
f 9145 9147 3018
f 2301 9146 9148
f 9146 583 9140
f 9148 9140 2299
f 9146 9140 9148
f 768 9141 3017
f 9141 2299 9139
f 3017 9139 6
f 9141 9139 3017
f 2301 9148 9147
f 9148 2299 9141
f 9147 9141 768
f 9148 9141 9147
f 585 9169 9164
f 9169 2308 9173
f 9164 9173 2307
f 9169 9173 9164
f 2308 9168 9171
f 9168 583 9146
f 9171 9146 2301
f 9168 9146 9171
f 2307 9166 9163
f 9166 2301 9145
f 9163 9145 200
f 9166 9145 9163
f 2308 9171 9173
f 9171 2301 9166
f 9173 9166 2307
f 9171 9166 9173
f 153 9309 9270
f 9309 2344 9312
f 9270 9312 2335
f 9309 9312 9270
f 2344 9310 9333
f 9310 595 9330
f 9333 9330 2348
f 9310 9330 9333
f 2335 9331 9271
f 9331 2348 9329
f 9271 9329 593
f 9331 9329 9271
f 2344 9333 9312
f 9333 2348 9331
f 9312 9331 2335
f 9333 9331 9312
f 595 9306 9319
f 9306 2343 9322
f 9319 9322 2346
f 9306 9322 9319
f 2343 9305 9308
f 9305 151 9160
f 9308 9160 2306
f 9305 9160 9308
f 2346 9320 9318
f 9320 2306 9161
f 9318 9161 585
f 9320 9161 9318
f 2343 9308 9322
f 9308 2306 9320
f 9322 9320 2346
f 9308 9320 9322
f 593 9279 9267
f 9279 2337 9281
f 9267 9281 2334
f 9279 9281 9267
f 2337 9278 9280
f 9278 585 9158
f 9280 9158 2305
f 9278 9158 9280
f 2334 9269 9266
f 9269 2305 9157
f 9266 9157 55
f 9269 9157 9266
f 2337 9280 9281
f 9280 2305 9269
f 9281 9269 2334
f 9280 9269 9281
f 595 9319 9330
f 9319 2346 9334
f 9330 9334 2348
f 9319 9334 9330
f 2346 9318 9321
f 9318 585 9278
f 9321 9278 2337
f 9318 9278 9321
f 2348 9332 9329
f 9332 2337 9279
f 9329 9279 593
f 9332 9279 9329
f 2346 9321 9334
f 9321 2337 9332
f 9334 9332 2348
f 9321 9332 9334
f 38 9427 8432
f 9427 2371 9430
f 8432 9430 2124
f 9427 9430 8432
f 2371 9428 9440
f 9428 601 9438
f 9440 9438 2374
f 9428 9438 9440
f 2124 9439 8433
f 9439 2374 9437
f 8433 9437 540
f 9439 9437 8433
f 2371 9440 9430
f 9440 2374 9439
f 9430 9439 2124
f 9440 9439 9430
f 601 9432 9493
f 9432 2372 9495
f 9493 9495 2388
f 9432 9495 9493
f 2372 9431 9483
f 9431 155 9481
f 9483 9481 2385
f 9431 9481 9483
f 2388 9497 9494
f 9497 2385 9482
f 9494 9482 604
f 9497 9482 9494
f 2372 9483 9495
f 9483 2385 9497
f 9495 9497 2388
f 9483 9497 9495
f 540 9484 8436
f 9484 2386 9486
f 8436 9486 2125
f 9484 9486 8436
f 2386 9485 9488
f 9485 604 9478
f 9488 9478 2384
f 9485 9478 9488
f 2125 9479 8435
f 9479 2384 9477
f 8435 9477 140
f 9479 9477 8435
f 2386 9488 9486
f 9488 2384 9479
f 9486 9479 2125
f 9488 9479 9486
f 601 9493 9438
f 9493 2388 9496
f 9438 9496 2374
f 9493 9496 9438
f 2388 9494 9498
f 9494 604 9485
f 9498 9485 2386
f 9494 9485 9498
f 2374 9487 9437
f 9487 2386 9484
f 9437 9484 540
f 9487 9484 9437
f 2388 9498 9496
f 9498 2386 9487
f 9496 9487 2374
f 9498 9487 9496
f 155 9445 9533
f 9445 2376 9535
f 9533 9535 2396
f 9445 9535 9533
f 2376 9446 9549
f 9446 602 9547
f 9549 9547 2399
f 9446 9547 9549
f 2396 9551 9534
f 9551 2399 9548
f 9534 9548 606
f 9551 9548 9534
f 2376 9549 9535
f 9549 2399 9551
f 9535 9551 2396
f 9549 9551 9535
f 602 9442 9452
f 9442 2375 9454
f 9452 9454 2378
f 9442 9454 9452
f 2375 9441 9444
f 9441 41 9257
f 9444 9257 2331
f 9441 9257 9444
f 2378 9453 9451
f 9453 2331 9258
f 9451 9258 592
f 9453 9258 9451
f 2375 9444 9454
f 9444 2331 9453
f 9454 9453 2378
f 9444 9453 9454
f 606 9538 9530
f 9538 2397 9541
f 9530 9541 2395
f 9538 9541 9530
f 2397 9537 9539
f 9537 592 9261
f 9539 9261 2332
f 9537 9261 9539
f 2395 9531 9529
f 9531 2332 9260
f 9529 9260 153
f 9531 9260 9529
f 2397 9539 9541
f 9539 2332 9531
f 9541 9531 2395
f 9539 9531 9541
f 602 9452 9547
f 9452 2378 9550
f 9547 9550 2399
f 9452 9550 9547
f 2378 9451 9540
f 9451 592 9537
f 9540 9537 2397
f 9451 9537 9540
f 2399 9552 9548
f 9552 2397 9538
f 9548 9538 606
f 9552 9538 9548
f 2378 9540 9550
f 9540 2397 9552
f 9550 9552 2399
f 9540 9552 9550
f 140 9288 8426
f 9288 2339 9290
f 8426 9290 2122
f 9288 9290 8426
f 2339 9289 9298
f 9289 594 9295
f 9298 9295 2341
f 9289 9295 9298
f 2122 9296 8427
f 9296 2341 9294
f 8427 9294 539
f 9296 9294 8427
f 2339 9298 9290
f 9298 2341 9296
f 9290 9296 2122
f 9298 9296 9290
f 594 9292 9300
f 9292 2340 9303
f 9300 9303 2342
f 9292 9303 9300
f 2340 9291 9293
f 9291 153 9247
f 9293 9247 2328
f 9291 9247 9293
f 2342 9301 9299
f 9301 2328 9248
f 9299 9248 591
f 9301 9248 9299
f 2340 9293 9303
f 9293 2328 9301
f 9303 9301 2342
f 9293 9301 9303
f 539 9253 8424
f 9253 2330 9255
f 8424 9255 2121
f 9253 9255 8424
f 2330 9254 9256
f 9254 591 9244
f 9256 9244 2327
f 9254 9244 9256
f 2121 9246 8423
f 9246 2327 9243
f 8423 9243 17
f 9246 9243 8423
f 2330 9256 9255
f 9256 2327 9246
f 9255 9246 2121
f 9256 9246 9255
f 594 9300 9295
f 9300 2342 9304
f 9295 9304 2341
f 9300 9304 9295
f 2342 9299 9302
f 9299 591 9254
f 9302 9254 2330
f 9299 9254 9302
f 2341 9297 9294
f 9297 2330 9253
f 9294 9253 539
f 9297 9253 9294
f 2342 9302 9304
f 9302 2330 9297
f 9304 9297 2341
f 9302 9297 9304
f 155 9533 9481
f 9533 2396 9536
f 9481 9536 2385
f 9533 9536 9481
f 2396 9534 9557
f 9534 606 9554
f 9557 9554 2400
f 9534 9554 9557
f 2385 9555 9482
f 9555 2400 9553
f 9482 9553 604
f 9555 9553 9482
f 2396 9557 9536
f 9557 2400 9555
f 9536 9555 2385
f 9557 9555 9536
f 606 9530 9543
f 9530 2395 9546
f 9543 9546 2398
f 9530 9546 9543
f 2395 9529 9532
f 9529 153 9291
f 9532 9291 2340
f 9529 9291 9532
f 2398 9544 9542
f 9544 2340 9292
f 9542 9292 594
f 9544 9292 9542
f 2395 9532 9546
f 9532 2340 9544
f 9546 9544 2398
f 9532 9544 9546
f 604 9490 9478
f 9490 2387 9492
f 9478 9492 2384
f 9490 9492 9478
f 2387 9489 9491
f 9489 594 9289
f 9491 9289 2339
f 9489 9289 9491
f 2384 9480 9477
f 9480 2339 9288
f 9477 9288 140
f 9480 9288 9477
f 2387 9491 9492
f 9491 2339 9480
f 9492 9480 2384
f 9491 9480 9492
f 606 9543 9554
f 9543 2398 9558
f 9554 9558 2400
f 9543 9558 9554
f 2398 9542 9545
f 9542 594 9489
f 9545 9489 2387
f 9542 9489 9545
f 2400 9556 9553
f 9556 2387 9490
f 9553 9490 604
f 9556 9490 9553
f 2398 9545 9558
f 9545 2387 9556
f 9558 9556 2400
f 9545 9556 9558
f 1 2987 2563
f 2987 759 2989
f 2563 2989 643
f 2987 2989 2563
f 759 2988 2995
f 2988 197 2993
f 2995 2993 761
f 2988 2993 2995
f 643 2994 2564
f 2994 761 2992
f 2564 2992 163
f 2994 2992 2564
f 759 2995 2989
f 2995 761 2994
f 2989 2994 643
f 2995 2994 2989
f 197 2991 3011
f 2991 760 3013
f 3011 3013 767
f 2991 3013 3011
f 760 2990 3005
f 2990 54 3003
f 3005 3003 765
f 2990 3003 3005
f 767 3015 3012
f 3015 765 3004
f 3012 3004 199
f 3015 3004 3012
f 760 3005 3013
f 3005 765 3015
f 3013 3015 767
f 3005 3015 3013
f 163 3006 2566
f 3006 766 3008
f 2566 3008 644
f 3006 3008 2566
f 766 3007 3010
f 3007 199 3001
f 3010 3001 764
f 3007 3001 3010
f 644 3002 2565
f 3002 764 3000
f 2565 3000 43
f 3002 3000 2565
f 766 3010 3008
f 3010 764 3002
f 3008 3002 644
f 3010 3002 3008
f 197 3011 2993
f 3011 767 3014
f 2993 3014 761
f 3011 3014 2993
f 767 3012 3016
f 3012 199 3007
f 3016 3007 766
f 3012 3007 3016
f 761 3009 2992
f 3009 766 3006
f 2992 3006 163
f 3009 3006 2992
f 767 3016 3014
f 3016 766 3009
f 3014 3009 761
f 3016 3009 3014
f 54 2998 3065
f 2998 763 3067
f 3065 3067 783
f 2998 3067 3065
f 763 2999 3075
f 2999 198 3073
f 3075 3073 785
f 2999 3073 3075
f 783 3077 3066
f 3077 785 3074
f 3066 3074 205
f 3077 3074 3066
f 763 3075 3067
f 3075 785 3077
f 3067 3077 783
f 3075 3077 3067
f 198 2997 3039
f 2997 762 3041
f 3039 3041 777
f 2997 3041 3039
f 762 2996 3036
f 2996 17 3034
f 3036 3034 775
f 2996 3034 3036
f 777 3042 3040
f 3042 775 3035
f 3040 3035 203
f 3042 3035 3040
f 762 3036 3041
f 3036 775 3042
f 3041 3042 777
f 3036 3042 3041
f 205 3084 3070
f 3084 787 3087
f 3070 3087 784
f 3084 3087 3070
f 787 3083 3085
f 3083 203 3038
f 3085 3038 776
f 3083 3038 3085
f 784 3071 3069
f 3071 776 3037
f 3069 3037 56
f 3071 3037 3069
f 787 3085 3087
f 3085 776 3071
f 3087 3071 784
f 3085 3071 3087
f 198 3039 3073
f 3039 777 3076
f 3073 3076 785
f 3039 3076 3073
f 777 3040 3086
f 3040 203 3083
f 3086 3083 787
f 3040 3083 3086
f 785 3088 3074
f 3088 787 3084
f 3074 3084 205
f 3088 3084 3074
f 777 3086 3076
f 3086 787 3088
f 3076 3088 785
f 3086 3088 3076
f 43 3043 2569
f 3043 778 3045
f 2569 3045 646
f 3043 3045 2569
f 778 3044 3054
f 3044 204 3051
f 3054 3051 780
f 3044 3051 3054
f 646 3052 2570
f 3052 780 3050
f 2570 3050 164
f 3052 3050 2570
f 778 3054 3045
f 3054 780 3052
f 3045 3052 646
f 3054 3052 3045
f 204 3048 3060
f 3048 779 3063
f 3060 3063 782
f 3048 3063 3060
f 779 3047 3049
f 3047 56 3028
f 3049 3028 773
f 3047 3028 3049
f 782 3061 3059
f 3061 773 3029
f 3059 3029 202
f 3061 3029 3059
f 779 3049 3063
f 3049 773 3061
f 3063 3061 782
f 3049 3061 3063
f 164 3030 2568
f 3030 774 3032
f 2568 3032 645
f 3030 3032 2568
f 774 3031 3033
f 3031 202 3026
f 3033 3026 772
f 3031 3026 3033
f 645 3027 2567
f 3027 772 3025
f 2567 3025 13
f 3027 3025 2567
f 774 3033 3032
f 3033 772 3027
f 3032 3027 645
f 3033 3027 3032
f 204 3060 3051
f 3060 782 3064
f 3051 3064 780
f 3060 3064 3051
f 782 3059 3062
f 3059 202 3031
f 3062 3031 774
f 3059 3031 3062
f 780 3053 3050
f 3053 774 3030
f 3050 3030 164
f 3053 3030 3050
f 782 3062 3064
f 3062 774 3053
f 3064 3053 780
f 3062 3053 3064
f 54 3065 3003
f 3065 783 3068
f 3003 3068 765
f 3065 3068 3003
f 783 3066 3082
f 3066 205 3079
f 3082 3079 786
f 3066 3079 3082
f 765 3080 3004
f 3080 786 3078
f 3004 3078 199
f 3080 3078 3004
f 783 3082 3068
f 3082 786 3080
f 3068 3080 765
f 3082 3080 3068
f 205 3070 3090
f 3070 784 3093
f 3090 3093 788
f 3070 3093 3090
f 784 3069 3072
f 3069 56 3047
f 3072 3047 779
f 3069 3047 3072
f 788 3091 3089
f 3091 779 3048
f 3089 3048 204
f 3091 3048 3089
f 784 3072 3093
f 3072 779 3091
f 3093 3091 788
f 3072 3091 3093
f 199 3055 3001
f 3055 781 3057
f 3001 3057 764
f 3055 3057 3001
f 781 3056 3058
f 3056 204 3044
f 3058 3044 778
f 3056 3044 3058
f 764 3046 3000
f 3046 778 3043
f 3000 3043 43
f 3046 3043 3000
f 781 3058 3057
f 3058 778 3046
f 3057 3046 764
f 3058 3046 3057
f 205 3090 3079
f 3090 788 3094
f 3079 3094 786
f 3090 3094 3079
f 788 3089 3092
f 3089 204 3056
f 3092 3056 781
f 3089 3056 3092
f 786 3081 3078
f 3081 781 3055
f 3078 3055 199
f 3081 3055 3078
f 788 3092 3094
f 3092 781 3081
f 3094 3081 786
f 3092 3081 3094
f 17 3021 3247
f 3021 770 3249
f 3247 3249 829
f 3021 3249 3247
f 770 3022 3255
f 3022 201 3253
f 3255 3253 831
f 3022 3253 3255
f 829 3256 3248
f 3256 831 3254
f 3248 3254 217
f 3256 3254 3248
f 770 3255 3249
f 3255 831 3256
f 3249 3256 829
f 3255 3256 3249
f 201 3024 3282
f 3024 771 3284
f 3282 3284 839
f 3024 3284 3282
f 771 3023 3277
f 3023 55 3275
f 3277 3275 837
f 3023 3275 3277
f 839 3286 3283
f 3286 837 3276
f 3283 3276 219
f 3286 3276 3283
f 771 3277 3284
f 3277 837 3286
f 3284 3286 839
f 3277 3286 3284
f 217 3291 3252
f 3291 841 3293
f 3252 3293 830
f 3291 3293 3252
f 841 3292 3295
f 3292 219 3280
f 3295 3280 838
f 3292 3280 3295
f 830 3281 3251
f 3281 838 3279
f 3251 3279 60
f 3281 3279 3251
f 841 3295 3293
f 3295 838 3281
f 3293 3281 830
f 3295 3281 3293
f 201 3282 3253
f 3282 839 3285
f 3253 3285 831
f 3282 3285 3253
f 839 3283 3296
f 3283 219 3292
f 3296 3292 841
f 3283 3292 3296
f 831 3294 3254
f 3294 841 3291
f 3254 3291 217
f 3294 3291 3254
f 839 3296 3285
f 3296 841 3294
f 3285 3294 831
f 3296 3294 3285
f 55 3019 3138
f 3019 769 3140
f 3138 3140 803
f 3019 3140 3138
f 769 3020 3146
f 3020 200 3144
f 3146 3144 805
f 3020 3144 3146
f 803 3148 3139
f 3148 805 3145
f 3139 3145 211
f 3148 3145 3139
f 769 3146 3140
f 3146 805 3148
f 3140 3148 803
f 3146 3148 3140
f 200 3018 3130
f 3018 768 3132
f 3130 3132 800
f 3018 3132 3130
f 768 3017 3127
f 3017 6 3125
f 3127 3125 798
f 3017 3125 3127
f 800 3133 3131
f 3133 798 3126
f 3131 3126 209
f 3133 3126 3131
f 768 3127 3132
f 3127 798 3133
f 3132 3133 800
f 3127 3133 3132
f 211 3150 3142
f 3150 806 3153
f 3142 3153 804
f 3150 3153 3142
f 806 3149 3151
f 3149 209 3129
f 3151 3129 799
f 3149 3129 3151
f 804 3143 3141
f 3143 799 3128
f 3141 3128 58
f 3143 3128 3141
f 806 3151 3153
f 3151 799 3143
f 3153 3143 804
f 3151 3143 3153
f 200 3130 3144
f 3130 800 3147
f 3144 3147 805
f 3130 3147 3144
f 800 3131 3152
f 3131 209 3149
f 3152 3149 806
f 3131 3149 3152
f 805 3154 3145
f 3154 806 3150
f 3145 3150 211
f 3154 3150 3145
f 800 3152 3147
f 3152 806 3154
f 3147 3154 805
f 3152 3154 3147
f 60 3323 3265
f 3323 848 3325
f 3265 3325 834
f 3323 3325 3265
f 848 3324 3341
f 3324 221 3338
f 3341 3338 851
f 3324 3338 3341
f 834 3339 3266
f 3339 851 3337
f 3266 3337 218
f 3339 3337 3266
f 848 3341 3325
f 3341 851 3339
f 3325 3339 834
f 3341 3339 3325
f 221 3320 3328
f 3320 847 3331
f 3328 3331 849
f 3320 3331 3328
f 847 3319 3321
f 3319 58 3136
f 3321 3136 802
f 3319 3136 3321
f 849 3329 3327
f 3329 802 3137
f 3327 3137 210
f 3329 3137 3327
f 847 3321 3331
f 3321 802 3329
f 3331 3329 849
f 3321 3329 3331
f 218 3268 3262
f 3268 835 3270
f 3262 3270 833
f 3268 3270 3262
f 835 3267 3269
f 3267 210 3135
f 3269 3135 801
f 3267 3135 3269
f 833 3263 3261
f 3263 801 3134
f 3261 3134 18
f 3263 3134 3261
f 835 3269 3270
f 3269 801 3263
f 3270 3263 833
f 3269 3263 3270
f 221 3328 3338
f 3328 849 3342
f 3338 3342 851
f 3328 3342 3338
f 849 3327 3330
f 3327 210 3267
f 3330 3267 835
f 3327 3267 3330
f 851 3340 3337
f 3340 835 3268
f 3337 3268 218
f 3340 3268 3337
f 849 3330 3342
f 3330 835 3340
f 3342 3340 851
f 3330 3340 3342
f 55 3138 3275
f 3138 803 3278
f 3275 3278 837
f 3138 3278 3275
f 803 3139 3289
f 3139 211 3287
f 3289 3287 840
f 3139 3287 3289
f 837 3290 3276
f 3290 840 3288
f 3276 3288 219
f 3290 3288 3276
f 803 3289 3278
f 3289 840 3290
f 3278 3290 837
f 3289 3290 3278
f 211 3142 3332
f 3142 804 3334
f 3332 3334 850
f 3142 3334 3332
f 804 3141 3322
f 3141 58 3319
f 3322 3319 847
f 3141 3319 3322
f 850 3336 3333
f 3336 847 3320
f 3333 3320 221
f 3336 3320 3333
f 804 3322 3334
f 3322 847 3336
f 3334 3336 850
f 3322 3336 3334
f 219 3343 3280
f 3343 852 3345
f 3280 3345 838
f 3343 3345 3280
f 852 3344 3347
f 3344 221 3324
f 3347 3324 848
f 3344 3324 3347
f 838 3326 3279
f 3326 848 3323
f 3279 3323 60
f 3326 3323 3279
f 852 3347 3345
f 3347 848 3326
f 3345 3326 838
f 3347 3326 3345
f 211 3332 3287
f 3332 850 3335
f 3287 3335 840
f 3332 3335 3287
f 850 3333 3348
f 3333 221 3344
f 3348 3344 852
f 3333 3344 3348
f 840 3346 3288
f 3346 852 3343
f 3288 3343 219
f 3346 3343 3288
f 850 3348 3335
f 3348 852 3346
f 3335 3346 840
f 3348 3346 3335
f 13 3155 2575
f 3155 807 3157
f 2575 3157 649
f 3155 3157 2575
f 807 3156 3164
f 3156 212 3162
f 3164 3162 809
f 3156 3162 3164
f 649 3163 2576
f 3163 809 3161
f 2576 3161 166
f 3163 3161 2576
f 807 3164 3157
f 3164 809 3163
f 3157 3163 649
f 3164 3163 3157
f 212 3160 3194
f 3160 808 3196
f 3194 3196 818
f 3160 3196 3194
f 808 3159 3184
f 3159 59 3182
f 3184 3182 815
f 3159 3182 3184
f 818 3198 3195
f 3198 815 3183
f 3195 3183 214
f 3198 3183 3195
f 808 3184 3196
f 3184 815 3198
f 3196 3198 818
f 3184 3198 3196
f 166 3185 2578
f 3185 816 3187
f 2578 3187 650
f 3185 3187 2578
f 816 3186 3189
f 3186 214 3179
f 3189 3179 814
f 3186 3179 3189
f 650 3180 2577
f 3180 814 3178
f 2577 3178 44
f 3180 3178 2577
f 816 3189 3187
f 3189 814 3180
f 3187 3180 650
f 3189 3180 3187
f 212 3194 3162
f 3194 818 3197
f 3162 3197 809
f 3194 3197 3162
f 818 3195 3199
f 3195 214 3186
f 3199 3186 816
f 3195 3186 3199
f 809 3188 3161
f 3188 816 3185
f 3161 3185 166
f 3188 3185 3161
f 818 3199 3197
f 3199 816 3188
f 3197 3188 809
f 3199 3188 3197
f 59 3172 3221
f 3172 812 3223
f 3221 3223 824
f 3172 3223 3221
f 812 3173 3237
f 3173 213 3235
f 3237 3235 827
f 3173 3235 3237
f 824 3239 3222
f 3239 827 3236
f 3222 3236 216
f 3239 3236 3222
f 812 3237 3223
f 3237 827 3239
f 3223 3239 824
f 3237 3239 3223
f 213 3170 3175
f 3170 811 3177
f 3175 3177 813
f 3170 3177 3175
f 811 3169 3171
f 3169 18 3104
f 3171 3104 792
f 3169 3104 3171
f 813 3176 3174
f 3176 792 3105
f 3174 3105 207
f 3176 3105 3174
f 811 3171 3177
f 3171 792 3176
f 3177 3176 813
f 3171 3176 3177
f 216 3226 3218
f 3226 825 3229
f 3218 3229 823
f 3226 3229 3218
f 825 3225 3227
f 3225 207 3107
f 3227 3107 793
f 3225 3107 3227
f 823 3219 3217
f 3219 793 3106
f 3217 3106 57
f 3219 3106 3217
f 825 3227 3229
f 3227 793 3219
f 3229 3219 823
f 3227 3219 3229
f 213 3175 3235
f 3175 813 3238
f 3235 3238 827
f 3175 3238 3235
f 813 3174 3228
f 3174 207 3225
f 3228 3225 825
f 3174 3225 3228
f 827 3240 3236
f 3240 825 3226
f 3236 3226 216
f 3240 3226 3236
f 813 3228 3238
f 3228 825 3240
f 3238 3240 827
f 3228 3240 3238
f 44 3108 2573
f 3108 794 3110
f 2573 3110 648
f 3108 3110 2573
f 794 3109 3118
f 3109 208 3115
f 3118 3115 796
f 3109 3115 3118
f 648 3116 2574
f 3116 796 3114
f 2574 3114 165
f 3116 3114 2574
f 794 3118 3110
f 3118 796 3116
f 3110 3116 648
f 3118 3116 3110
f 208 3112 3120
f 3112 795 3123
f 3120 3123 797
f 3112 3123 3120
f 795 3111 3113
f 3111 57 3098
f 3113 3098 790
f 3111 3098 3113
f 797 3121 3119
f 3121 790 3099
f 3119 3099 206
f 3121 3099 3119
f 795 3113 3123
f 3113 790 3121
f 3123 3121 797
f 3113 3121 3123
f 165 3100 2572
f 3100 791 3102
f 2572 3102 647
f 3100 3102 2572
f 791 3101 3103
f 3101 206 3096
f 3103 3096 789
f 3101 3096 3103
f 647 3097 2571
f 3097 789 3095
f 2571 3095 2
f 3097 3095 2571
f 791 3103 3102
f 3103 789 3097
f 3102 3097 647
f 3103 3097 3102
f 208 3120 3115
f 3120 797 3124
f 3115 3124 796
f 3120 3124 3115
f 797 3119 3122
f 3119 206 3101
f 3122 3101 791
f 3119 3101 3122
f 796 3117 3114
f 3117 791 3100
f 3114 3100 165
f 3117 3100 3114
f 797 3122 3124
f 3122 791 3117
f 3124 3117 796
f 3122 3117 3124
f 59 3221 3182
f 3221 824 3224
f 3182 3224 815
f 3221 3224 3182
f 824 3222 3245
f 3222 216 3242
f 3245 3242 828
f 3222 3242 3245
f 815 3243 3183
f 3243 828 3241
f 3183 3241 214
f 3243 3241 3183
f 824 3245 3224
f 3245 828 3243
f 3224 3243 815
f 3245 3243 3224
f 216 3218 3231
f 3218 823 3234
f 3231 3234 826
f 3218 3234 3231
f 823 3217 3220
f 3217 57 3111
f 3220 3111 795
f 3217 3111 3220
f 826 3232 3230
f 3232 795 3112
f 3230 3112 208
f 3232 3112 3230
f 823 3220 3234
f 3220 795 3232
f 3234 3232 826
f 3220 3232 3234
f 214 3191 3179
f 3191 817 3193
f 3179 3193 814
f 3191 3193 3179
f 817 3190 3192
f 3190 208 3109
f 3192 3109 794
f 3190 3109 3192
f 814 3181 3178
f 3181 794 3108
f 3178 3108 44
f 3181 3108 3178
f 817 3192 3193
f 3192 794 3181
f 3193 3181 814
f 3192 3181 3193
f 216 3231 3242
f 3231 826 3246
f 3242 3246 828
f 3231 3246 3242
f 826 3230 3233
f 3230 208 3190
f 3233 3190 817
f 3230 3190 3233
f 828 3244 3241
f 3244 817 3191
f 3241 3191 214
f 3244 3191 3241
f 826 3233 3246
f 3233 817 3244
f 3246 3244 828
f 3233 3244 3246
f 17 3247 3034
f 3247 829 3250
f 3034 3250 775
f 3247 3250 3034
f 829 3248 3260
f 3248 217 3258
f 3260 3258 832
f 3248 3258 3260
f 775 3259 3035
f 3259 832 3257
f 3035 3257 203
f 3259 3257 3035
f 829 3260 3250
f 3260 832 3259
f 3250 3259 775
f 3260 3259 3250
f 217 3252 3313
f 3252 830 3315
f 3313 3315 846
f 3252 3315 3313
f 830 3251 3303
f 3251 60 3301
f 3303 3301 843
f 3251 3301 3303
f 846 3317 3314
f 3317 843 3302
f 3314 3302 220
f 3317 3302 3314
f 830 3303 3315
f 3303 843 3317
f 3315 3317 846
f 3303 3317 3315
f 203 3304 3038
f 3304 844 3306
f 3038 3306 776
f 3304 3306 3038
f 844 3305 3308
f 3305 220 3298
f 3308 3298 842
f 3305 3298 3308
f 776 3299 3037
f 3299 842 3297
f 3037 3297 56
f 3299 3297 3037
f 844 3308 3306
f 3308 842 3299
f 3306 3299 776
f 3308 3299 3306
f 217 3313 3258
f 3313 846 3316
f 3258 3316 832
f 3313 3316 3258
f 846 3314 3318
f 3314 220 3305
f 3318 3305 844
f 3314 3305 3318
f 832 3307 3257
f 3307 844 3304
f 3257 3304 203
f 3307 3304 3257
f 846 3318 3316
f 3318 844 3307
f 3316 3307 832
f 3318 3307 3316
f 60 3265 3353
f 3265 834 3355
f 3353 3355 854
f 3265 3355 3353
f 834 3266 3369
f 3266 218 3367
f 3369 3367 857
f 3266 3367 3369
f 854 3371 3354
f 3371 857 3368
f 3354 3368 222
f 3371 3368 3354
f 834 3369 3355
f 3369 857 3371
f 3355 3371 854
f 3369 3371 3355
f 218 3262 3272
f 3262 833 3274
f 3272 3274 836
f 3262 3274 3272
f 833 3261 3264
f 3261 18 3169
f 3264 3169 811
f 3261 3169 3264
f 836 3273 3271
f 3273 811 3170
f 3271 3170 213
f 3273 3170 3271
f 833 3264 3274
f 3264 811 3273
f 3274 3273 836
f 3264 3273 3274
f 222 3358 3350
f 3358 855 3361
f 3350 3361 853
f 3358 3361 3350
f 855 3357 3359
f 3357 213 3173
f 3359 3173 812
f 3357 3173 3359
f 853 3351 3349
f 3351 812 3172
f 3349 3172 59
f 3351 3172 3349
f 855 3359 3361
f 3359 812 3351
f 3361 3351 853
f 3359 3351 3361
f 218 3272 3367
f 3272 836 3370
f 3367 3370 857
f 3272 3370 3367
f 836 3271 3360
f 3271 213 3357
f 3360 3357 855
f 3271 3357 3360
f 857 3372 3368
f 3372 855 3358
f 3368 3358 222
f 3372 3358 3368
f 836 3360 3370
f 3360 855 3372
f 3370 3372 857
f 3360 3372 3370
f 56 3200 3028
f 3200 819 3202
f 3028 3202 773
f 3200 3202 3028
f 819 3201 3210
f 3201 215 3207
f 3210 3207 821
f 3201 3207 3210
f 773 3208 3029
f 3208 821 3206
f 3029 3206 202
f 3208 3206 3029
f 819 3210 3202
f 3210 821 3208
f 3202 3208 773
f 3210 3208 3202
f 215 3204 3212
f 3204 820 3215
f 3212 3215 822
f 3204 3215 3212
f 820 3203 3205
f 3203 59 3159
f 3205 3159 808
f 3203 3159 3205
f 822 3213 3211
f 3213 808 3160
f 3211 3160 212
f 3213 3160 3211
f 820 3205 3215
f 3205 808 3213
f 3215 3213 822
f 3205 3213 3215
f 202 3165 3026
f 3165 810 3167
f 3026 3167 772
f 3165 3167 3026
f 810 3166 3168
f 3166 212 3156
f 3168 3156 807
f 3166 3156 3168
f 772 3158 3025
f 3158 807 3155
f 3025 3155 13
f 3158 3155 3025
f 810 3168 3167
f 3168 807 3158
f 3167 3158 772
f 3168 3158 3167
f 215 3212 3207
f 3212 822 3216
f 3207 3216 821
f 3212 3216 3207
f 822 3211 3214
f 3211 212 3166
f 3214 3166 810
f 3211 3166 3214
f 821 3209 3206
f 3209 810 3165
f 3206 3165 202
f 3209 3165 3206
f 822 3214 3216
f 3214 810 3209
f 3216 3209 821
f 3214 3209 3216
f 60 3353 3301
f 3353 854 3356
f 3301 3356 843
f 3353 3356 3301
f 854 3354 3377
f 3354 222 3374
f 3377 3374 858
f 3354 3374 3377
f 843 3375 3302
f 3375 858 3373
f 3302 3373 220
f 3375 3373 3302
f 854 3377 3356
f 3377 858 3375
f 3356 3375 843
f 3377 3375 3356
f 222 3350 3363
f 3350 853 3366
f 3363 3366 856
f 3350 3366 3363
f 853 3349 3352
f 3349 59 3203
f 3352 3203 820
f 3349 3203 3352
f 856 3364 3362
f 3364 820 3204
f 3362 3204 215
f 3364 3204 3362
f 853 3352 3366
f 3352 820 3364
f 3366 3364 856
f 3352 3364 3366
f 220 3310 3298
f 3310 845 3312
f 3298 3312 842
f 3310 3312 3298
f 845 3309 3311
f 3309 215 3201
f 3311 3201 819
f 3309 3201 3311
f 842 3300 3297
f 3300 819 3200
f 3297 3200 56
f 3300 3200 3297
f 845 3311 3312
f 3311 819 3300
f 3312 3300 842
f 3311 3300 3312
f 222 3363 3374
f 3363 856 3378
f 3374 3378 858
f 3363 3378 3374
f 856 3362 3365
f 3362 215 3309
f 3365 3309 845
f 3362 3309 3365
f 858 3376 3373
f 3376 845 3310
f 3373 3310 220
f 3376 3310 3373
f 856 3365 3378
f 3365 845 3376
f 3378 3376 858
f 3365 3376 3378
f 1 2563 3787
f 2563 643 3789
f 3787 3789 967
f 2563 3789 3787
f 643 2564 3794
f 2564 163 3792
f 3794 3792 969
f 2564 3792 3794
f 967 3795 3788
f 3795 969 3793
f 3788 3793 253
f 3795 3793 3788
f 643 3794 3789
f 3794 969 3795
f 3789 3795 967
f 3794 3795 3789
f 163 2566 3806
f 2566 644 3808
f 3806 3808 974
f 2566 3808 3806
f 644 2565 3802
f 2565 43 3800
f 3802 3800 972
f 2565 3800 3802
f 974 3810 3807
f 3810 972 3801
f 3807 3801 255
f 3810 3801 3807
f 644 3802 3808
f 3802 972 3810
f 3808 3810 974
f 3802 3810 3808
f 253 3811 3791
f 3811 975 3813
f 3791 3813 968
f 3811 3813 3791
f 975 3812 3815
f 3812 255 3804
f 3815 3804 973
f 3812 3804 3815
f 968 3805 3790
f 3805 973 3803
f 3790 3803 70
f 3805 3803 3790
f 975 3815 3813
f 3815 973 3805
f 3813 3805 968
f 3815 3805 3813
f 163 3806 3792
f 3806 974 3809
f 3792 3809 969
f 3806 3809 3792
f 974 3807 3816
f 3807 255 3812
f 3816 3812 975
f 3807 3812 3816
f 969 3814 3793
f 3814 975 3811
f 3793 3811 253
f 3814 3811 3793
f 974 3816 3809
f 3816 975 3814
f 3809 3814 969
f 3816 3814 3809
f 43 2569 3843
f 2569 646 3845
f 3843 3845 986
f 2569 3845 3843
f 646 2570 3852
f 2570 164 3850
f 3852 3850 988
f 2570 3850 3852
f 986 3854 3844
f 3854 988 3851
f 3844 3851 260
f 3854 3851 3844
f 646 3852 3845
f 3852 988 3854
f 3845 3854 986
f 3852 3854 3845
f 164 2568 3830
f 2568 645 3832
f 3830 3832 982
f 2568 3832 3830
f 645 2567 3827
f 2567 13 3825
f 3827 3825 980
f 2567 3825 3827
f 982 3833 3831
f 3833 980 3826
f 3831 3826 258
f 3833 3826 3831
f 645 3827 3832
f 3827 980 3833
f 3832 3833 982
f 3827 3833 3832
f 260 3860 3848
f 3860 990 3863
f 3848 3863 987
f 3860 3863 3848
f 990 3859 3861
f 3859 258 3829
f 3861 3829 981
f 3859 3829 3861
f 987 3849 3847
f 3849 981 3828
f 3847 3828 72
f 3849 3828 3847
f 990 3861 3863
f 3861 981 3849
f 3863 3849 987
f 3861 3849 3863
f 164 3830 3850
f 3830 982 3853
f 3850 3853 988
f 3830 3853 3850
f 982 3831 3862
f 3831 258 3859
f 3862 3859 990
f 3831 3859 3862
f 988 3864 3851
f 3864 990 3860
f 3851 3860 260
f 3864 3860 3851
f 982 3862 3853
f 3862 990 3864
f 3853 3864 988
f 3862 3864 3853
f 70 3865 3798
f 3865 991 3867
f 3798 3867 971
f 3865 3867 3798
f 991 3866 3877
f 3866 261 3874
f 3877 3874 993
f 3866 3874 3877
f 971 3875 3799
f 3875 993 3873
f 3799 3873 254
f 3875 3873 3799
f 991 3877 3867
f 3877 993 3875
f 3867 3875 971
f 3877 3875 3867
f 261 3870 3884
f 3870 992 3887
f 3884 3887 995
f 3870 3887 3884
f 992 3869 3871
f 3869 72 3837
f 3871 3837 984
f 3869 3837 3871
f 995 3885 3883
f 3885 984 3838
f 3883 3838 259
f 3885 3838 3883
f 992 3871 3887
f 3871 984 3885
f 3887 3885 995
f 3871 3885 3887
f 254 3839 3797
f 3839 985 3841
f 3797 3841 970
f 3839 3841 3797
f 985 3840 3842
f 3840 259 3835
f 3842 3835 983
f 3840 3835 3842
f 970 3836 3796
f 3836 983 3834
f 3796 3834 22
f 3836 3834 3796
f 985 3842 3841
f 3842 983 3836
f 3841 3836 970
f 3842 3836 3841
f 261 3884 3874
f 3884 995 3888
f 3874 3888 993
f 3884 3888 3874
f 995 3883 3886
f 3883 259 3840
f 3886 3840 985
f 3883 3840 3886
f 993 3876 3873
f 3876 985 3839
f 3873 3839 254
f 3876 3839 3873
f 995 3886 3888
f 3886 985 3876
f 3888 3876 993
f 3886 3876 3888
f 43 3843 3800
f 3843 986 3846
f 3800 3846 972
f 3843 3846 3800
f 986 3844 3858
f 3844 260 3856
f 3858 3856 989
f 3844 3856 3858
f 972 3857 3801
f 3857 989 3855
f 3801 3855 255
f 3857 3855 3801
f 986 3858 3846
f 3858 989 3857
f 3846 3857 972
f 3858 3857 3846
f 260 3848 3889
f 3848 987 3891
f 3889 3891 996
f 3848 3891 3889
f 987 3847 3872
f 3847 72 3869
f 3872 3869 992
f 3847 3869 3872
f 996 3893 3890
f 3893 992 3870
f 3890 3870 261
f 3893 3870 3890
f 987 3872 3891
f 3872 992 3893
f 3891 3893 996
f 3872 3893 3891
f 255 3878 3804
f 3878 994 3880
f 3804 3880 973
f 3878 3880 3804
f 994 3879 3882
f 3879 261 3866
f 3882 3866 991
f 3879 3866 3882
f 973 3868 3803
f 3868 991 3865
f 3803 3865 70
f 3868 3865 3803
f 994 3882 3880
f 3882 991 3868
f 3880 3868 973
f 3882 3868 3880
f 260 3889 3856
f 3889 996 3892
f 3856 3892 989
f 3889 3892 3856
f 996 3890 3894
f 3890 261 3879
f 3894 3879 994
f 3890 3879 3894
f 989 3881 3855
f 3881 994 3878
f 3855 3878 255
f 3881 3878 3855
f 996 3894 3892
f 3894 994 3881
f 3892 3881 989
f 3894 3881 3892
f 13 2575 3955
f 2575 649 3957
f 3955 3957 1015
f 2575 3957 3955
f 649 2576 3963
f 2576 166 3961
f 3963 3961 1017
f 2576 3961 3963
f 1015 3964 3956
f 3964 1017 3962
f 3956 3962 268
f 3964 3962 3956
f 649 3963 3957
f 3963 1017 3964
f 3957 3964 1015
f 3963 3964 3957
f 166 2578 3985
f 2578 650 3987
f 3985 3987 1024
f 2578 3987 3985
f 650 2577 3980
f 2577 44 3978
f 3980 3978 1022
f 2577 3978 3980
f 1024 3989 3986
f 3989 1022 3979
f 3986 3979 270
f 3989 3979 3986
f 650 3980 3987
f 3980 1022 3989
f 3987 3989 1024
f 3980 3989 3987
f 268 3994 3960
f 3994 1026 3996
f 3960 3996 1016
f 3994 3996 3960
f 1026 3995 3998
f 3995 270 3983
f 3998 3983 1023
f 3995 3983 3998
f 1016 3984 3959
f 3984 1023 3982
f 3959 3982 75
f 3984 3982 3959
f 1026 3998 3996
f 3998 1023 3984
f 3996 3984 1016
f 3998 3984 3996
f 166 3985 3961
f 3985 1024 3988
f 3961 3988 1017
f 3985 3988 3961
f 1024 3986 3999
f 3986 270 3995
f 3999 3995 1026
f 3986 3995 3999
f 1017 3997 3962
f 3997 1026 3994
f 3962 3994 268
f 3997 3994 3962
f 1024 3999 3988
f 3999 1026 3997
f 3988 3997 1017
f 3999 3997 3988
f 44 2573 3908
f 2573 648 3910
f 3908 3910 1002
f 2573 3910 3908
f 648 2574 3916
f 2574 165 3914
f 3916 3914 1004
f 2574 3914 3916
f 1002 3918 3909
f 3918 1004 3915
f 3909 3915 264
f 3918 3915 3909
f 648 3916 3910
f 3916 1004 3918
f 3910 3918 1002
f 3916 3918 3910
f 165 2572 3900
f 2572 647 3902
f 3900 3902 999
f 2572 3902 3900
f 647 2571 3897
f 2571 2 3895
f 3897 3895 997
f 2571 3895 3897
f 999 3903 3901
f 3903 997 3896
f 3901 3896 262
f 3903 3896 3901
f 647 3897 3902
f 3897 997 3903
f 3902 3903 999
f 3897 3903 3902
f 264 3920 3912
f 3920 1005 3923
f 3912 3923 1003
f 3920 3923 3912
f 1005 3919 3921
f 3919 262 3899
f 3921 3899 998
f 3919 3899 3921
f 1003 3913 3911
f 3913 998 3898
f 3911 3898 73
f 3913 3898 3911
f 1005 3921 3923
f 3921 998 3913
f 3923 3913 1003
f 3921 3913 3923
f 165 3900 3914
f 3900 999 3917
f 3914 3917 1004
f 3900 3917 3914
f 999 3901 3922
f 3901 262 3919
f 3922 3919 1005
f 3901 3919 3922
f 1004 3924 3915
f 3924 1005 3920
f 3915 3920 264
f 3924 3920 3915
f 999 3922 3917
f 3922 1005 3924
f 3917 3924 1004
f 3922 3924 3917
f 75 4021 3972
f 4021 1032 4023
f 3972 4023 1020
f 4021 4023 3972
f 1032 4022 4039
f 4022 272 4036
f 4039 4036 1035
f 4022 4036 4039
f 1020 4037 3973
f 4037 1035 4035
f 3973 4035 269
f 4037 4035 3973
f 1032 4039 4023
f 4039 1035 4037
f 4023 4037 1020
f 4039 4037 4023
f 272 4018 4026
f 4018 1031 4029
f 4026 4029 1033
f 4018 4029 4026
f 1031 4017 4019
f 4017 73 3906
f 4019 3906 1001
f 4017 3906 4019
f 1033 4027 4025
f 4027 1001 3907
f 4025 3907 263
f 4027 3907 4025
f 1031 4019 4029
f 4019 1001 4027
f 4029 4027 1033
f 4019 4027 4029
f 269 3975 3970
f 3975 1021 3977
f 3970 3977 1019
f 3975 3977 3970
f 1021 3974 3976
f 3974 263 3905
f 3976 3905 1000
f 3974 3905 3976
f 1019 3971 3969
f 3971 1000 3904
f 3969 3904 23
f 3971 3904 3969
f 1021 3976 3977
f 3976 1000 3971
f 3977 3971 1019
f 3976 3971 3977
f 272 4026 4036
f 4026 1033 4040
f 4036 4040 1035
f 4026 4040 4036
f 1033 4025 4028
f 4025 263 3974
f 4028 3974 1021
f 4025 3974 4028
f 1035 4038 4035
f 4038 1021 3975
f 4035 3975 269
f 4038 3975 4035
f 1033 4028 4040
f 4028 1021 4038
f 4040 4038 1035
f 4028 4038 4040
f 44 3908 3978
f 3908 1002 3981
f 3978 3981 1022
f 3908 3981 3978
f 1002 3909 3992
f 3909 264 3990
f 3992 3990 1025
f 3909 3990 3992
f 1022 3993 3979
f 3993 1025 3991
f 3979 3991 270
f 3993 3991 3979
f 1002 3992 3981
f 3992 1025 3993
f 3981 3993 1022
f 3992 3993 3981
f 264 3912 4030
f 3912 1003 4032
f 4030 4032 1034
f 3912 4032 4030
f 1003 3911 4020
f 3911 73 4017
f 4020 4017 1031
f 3911 4017 4020
f 1034 4034 4031
f 4034 1031 4018
f 4031 4018 272
f 4034 4018 4031
f 1003 4020 4032
f 4020 1031 4034
f 4032 4034 1034
f 4020 4034 4032
f 270 4041 3983
f 4041 1036 4043
f 3983 4043 1023
f 4041 4043 3983
f 1036 4042 4045
f 4042 272 4022
f 4045 4022 1032
f 4042 4022 4045
f 1023 4024 3982
f 4024 1032 4021
f 3982 4021 75
f 4024 4021 3982
f 1036 4045 4043
f 4045 1032 4024
f 4043 4024 1023
f 4045 4024 4043
f 264 4030 3990
f 4030 1034 4033
f 3990 4033 1025
f 4030 4033 3990
f 1034 4031 4046
f 4031 272 4042
f 4046 4042 1036
f 4031 4042 4046
f 1025 4044 3991
f 4044 1036 4041
f 3991 4041 270
f 4044 4041 3991
f 1034 4046 4033
f 4046 1036 4044
f 4033 4044 1025
f 4046 4044 4033
f 22 4047 3821
f 4047 1037 4049
f 3821 4049 978
f 4047 4049 3821
f 1037 4048 4056
f 4048 273 4054
f 4056 4054 1039
f 4048 4054 4056
f 978 4055 3822
f 4055 1039 4053
f 3822 4053 257
f 4055 4053 3822
f 1037 4056 4049
f 4056 1039 4055
f 4049 4055 978
f 4056 4055 4049
f 273 4052 4091
f 4052 1038 4093
f 4091 4093 1049
f 4052 4093 4091
f 1038 4051 4081
f 4051 76 4079
f 4081 4079 1046
f 4051 4079 4081
f 1049 4095 4092
f 4095 1046 4080
f 4092 4080 275
f 4095 4080 4092
f 1038 4081 4093
f 4081 1046 4095
f 4093 4095 1049
f 4081 4095 4093
f 257 4082 3824
f 4082 1047 4084
f 3824 4084 979
f 4082 4084 3824
f 1047 4083 4086
f 4083 275 4076
f 4086 4076 1045
f 4083 4076 4086
f 979 4077 3823
f 4077 1045 4075
f 3823 4075 71
f 4077 4075 3823
f 1047 4086 4084
f 4086 1045 4077
f 4084 4077 979
f 4086 4077 4084
f 273 4091 4054
f 4091 1049 4094
f 4054 4094 1039
f 4091 4094 4054
f 1049 4092 4096
f 4092 275 4083
f 4096 4083 1047
f 4092 4083 4096
f 1039 4085 4053
f 4085 1047 4082
f 4053 4082 257
f 4085 4082 4053
f 1049 4096 4094
f 4096 1047 4085
f 4094 4085 1039
f 4096 4085 4094
f 76 4065 4123
f 4065 1042 4125
f 4123 4125 1056
f 4065 4125 4123
f 1042 4066 4139
f 4066 274 4137
f 4139 4137 1059
f 4066 4137 4139
f 1056 4141 4124
f 4141 1059 4138
f 4124 4138 277
f 4141 4138 4124
f 1042 4139 4125
f 4139 1059 4141
f 4125 4141 1056
f 4139 4141 4125
f 274 4062 4068
f 4062 1041 4070
f 4068 4070 1043
f 4062 4070 4068
f 1041 4061 4063
f 4061 23 3934
f 4063 3934 1009
f 4061 3934 4063
f 1043 4069 4067
f 4069 1009 3935
f 4067 3935 266
f 4069 3935 4067
f 1041 4063 4070
f 4063 1009 4069
f 4070 4069 1043
f 4063 4069 4070
f 277 4128 4120
f 4128 1057 4131
f 4120 4131 1055
f 4128 4131 4120
f 1057 4127 4129
f 4127 266 3937
f 4129 3937 1010
f 4127 3937 4129
f 1055 4121 4119
f 4121 1010 3936
f 4119 3936 74
f 4121 3936 4119
f 1057 4129 4131
f 4129 1010 4121
f 4131 4121 1055
f 4129 4121 4131
f 274 4068 4137
f 4068 1043 4140
f 4137 4140 1059
f 4068 4140 4137
f 1043 4067 4130
f 4067 266 4127
f 4130 4127 1057
f 4067 4127 4130
f 1059 4142 4138
f 4142 1057 4128
f 4138 4128 277
f 4142 4128 4138
f 1043 4130 4140
f 4130 1057 4142
f 4140 4142 1059
f 4130 4142 4140
f 71 3938 3819
f 3938 1011 3940
f 3819 3940 977
f 3938 3940 3819
f 1011 3939 3948
f 3939 267 3945
f 3948 3945 1013
f 3939 3945 3948
f 977 3946 3820
f 3946 1013 3944
f 3820 3944 256
f 3946 3944 3820
f 1011 3948 3940
f 3948 1013 3946
f 3940 3946 977
f 3948 3946 3940
f 267 3942 3950
f 3942 1012 3953
f 3950 3953 1014
f 3942 3953 3950
f 1012 3941 3943
f 3941 74 3928
f 3943 3928 1007
f 3941 3928 3943
f 1014 3951 3949
f 3951 1007 3929
f 3949 3929 265
f 3951 3929 3949
f 1012 3943 3953
f 3943 1007 3951
f 3953 3951 1014
f 3943 3951 3953
f 256 3930 3818
f 3930 1008 3932
f 3818 3932 976
f 3930 3932 3818
f 1008 3931 3933
f 3931 265 3926
f 3933 3926 1006
f 3931 3926 3933
f 976 3927 3817
f 3927 1006 3925
f 3817 3925 8
f 3927 3925 3817
f 1008 3933 3932
f 3933 1006 3927
f 3932 3927 976
f 3933 3927 3932
f 267 3950 3945
f 3950 1014 3954
f 3945 3954 1013
f 3950 3954 3945
f 1014 3949 3952
f 3949 265 3931
f 3952 3931 1008
f 3949 3931 3952
f 1013 3947 3944
f 3947 1008 3930
f 3944 3930 256
f 3947 3930 3944
f 1014 3952 3954
f 3952 1008 3947
f 3954 3947 1013
f 3952 3947 3954
f 76 4123 4079
f 4123 1056 4126
f 4079 4126 1046
f 4123 4126 4079
f 1056 4124 4147
f 4124 277 4144
f 4147 4144 1060
f 4124 4144 4147
f 1046 4145 4080
f 4145 1060 4143
f 4080 4143 275
f 4145 4143 4080
f 1056 4147 4126
f 4147 1060 4145
f 4126 4145 1046
f 4147 4145 4126
f 277 4120 4133
f 4120 1055 4136
f 4133 4136 1058
f 4120 4136 4133
f 1055 4119 4122
f 4119 74 3941
f 4122 3941 1012
f 4119 3941 4122
f 1058 4134 4132
f 4134 1012 3942
f 4132 3942 267
f 4134 3942 4132
f 1055 4122 4136
f 4122 1012 4134
f 4136 4134 1058
f 4122 4134 4136
f 275 4088 4076
f 4088 1048 4090
f 4076 4090 1045
f 4088 4090 4076
f 1048 4087 4089
f 4087 267 3939
f 4089 3939 1011
f 4087 3939 4089
f 1045 4078 4075
f 4078 1011 3938
f 4075 3938 71
f 4078 3938 4075
f 1048 4089 4090
f 4089 1011 4078
f 4090 4078 1045
f 4089 4078 4090
f 277 4133 4144
f 4133 1058 4148
f 4144 4148 1060
f 4133 4148 4144
f 1058 4132 4135
f 4132 267 4087
f 4135 4087 1048
f 4132 4087 4135
f 1060 4146 4143
f 4146 1048 4088
f 4143 4088 275
f 4146 4088 4143
f 1058 4135 4148
f 4135 1048 4146
f 4148 4146 1060
f 4135 4146 4148
f 13 3955 3825
f 3955 1015 3958
f 3825 3958 980
f 3955 3958 3825
f 1015 3956 3968
f 3956 268 3966
f 3968 3966 1018
f 3956 3966 3968
f 980 3967 3826
f 3967 1018 3965
f 3826 3965 258
f 3967 3965 3826
f 1015 3968 3958
f 3968 1018 3967
f 3958 3967 980
f 3968 3967 3958
f 268 3960 4011
f 3960 1016 4013
f 4011 4013 1030
f 3960 4013 4011
f 1016 3959 4005
f 3959 75 4003
f 4005 4003 1028
f 3959 4003 4005
f 1030 4015 4012
f 4015 1028 4004
f 4012 4004 271
f 4015 4004 4012
f 1016 4005 4013
f 4005 1028 4015
f 4013 4015 1030
f 4005 4015 4013
f 258 4006 3829
f 4006 1029 4008
f 3829 4008 981
f 4006 4008 3829
f 1029 4007 4010
f 4007 271 4001
f 4010 4001 1027
f 4007 4001 4010
f 981 4002 3828
f 4002 1027 4000
f 3828 4000 72
f 4002 4000 3828
f 1029 4010 4008
f 4010 1027 4002
f 4008 4002 981
f 4010 4002 4008
f 268 4011 3966
f 4011 1030 4014
f 3966 4014 1018
f 4011 4014 3966
f 1030 4012 4016
f 4012 271 4007
f 4016 4007 1029
f 4012 4007 4016
f 1018 4009 3965
f 4009 1029 4006
f 3965 4006 258
f 4009 4006 3965
f 1030 4016 4014
f 4016 1029 4009
f 4014 4009 1018
f 4016 4009 4014
f 75 3972 4149
f 3972 1020 4151
f 4149 4151 1061
f 3972 4151 4149
f 1020 3973 4159
f 3973 269 4157
f 4159 4157 1063
f 3973 4157 4159
f 1061 4161 4150
f 4161 1063 4158
f 4150 4158 278
f 4161 4158 4150
f 1020 4159 4151
f 4159 1063 4161
f 4151 4161 1061
f 4159 4161 4151
f 269 3970 4071
f 3970 1019 4073
f 4071 4073 1044
f 3970 4073 4071
f 1019 3969 4064
f 3969 23 4061
f 4064 4061 1041
f 3969 4061 4064
f 1044 4074 4072
f 4074 1041 4062
f 4072 4062 274
f 4074 4062 4072
f 1019 4064 4073
f 4064 1041 4074
f 4073 4074 1044
f 4064 4074 4073
f 278 4168 4154
f 4168 1065 4171
f 4154 4171 1062
f 4168 4171 4154
f 1065 4167 4169
f 4167 274 4066
f 4169 4066 1042
f 4167 4066 4169
f 1062 4155 4153
f 4155 1042 4065
f 4153 4065 76
f 4155 4065 4153
f 1065 4169 4171
f 4169 1042 4155
f 4171 4155 1062
f 4169 4155 4171
f 269 4071 4157
f 4071 1044 4160
f 4157 4160 1063
f 4071 4160 4157
f 1044 4072 4170
f 4072 274 4167
f 4170 4167 1065
f 4072 4167 4170
f 1063 4172 4158
f 4172 1065 4168
f 4158 4168 278
f 4172 4168 4158
f 1044 4170 4160
f 4170 1065 4172
f 4160 4172 1063
f 4170 4172 4160
f 72 4097 3837
f 4097 1050 4099
f 3837 4099 984
f 4097 4099 3837
f 1050 4098 4108
f 4098 276 4105
f 4108 4105 1052
f 4098 4105 4108
f 984 4106 3838
f 4106 1052 4104
f 3838 4104 259
f 4106 4104 3838
f 1050 4108 4099
f 4108 1052 4106
f 4099 4106 984
f 4108 4106 4099
f 276 4102 4114
f 4102 1051 4117
f 4114 4117 1054
f 4102 4117 4114
f 1051 4101 4103
f 4101 76 4051
f 4103 4051 1038
f 4101 4051 4103
f 1054 4115 4113
f 4115 1038 4052
f 4113 4052 273
f 4115 4052 4113
f 1051 4103 4117
f 4103 1038 4115
f 4117 4115 1054
f 4103 4115 4117
f 259 4057 3835
f 4057 1040 4059
f 3835 4059 983
f 4057 4059 3835
f 1040 4058 4060
f 4058 273 4048
f 4060 4048 1037
f 4058 4048 4060
f 983 4050 3834
f 4050 1037 4047
f 3834 4047 22
f 4050 4047 3834
f 1040 4060 4059
f 4060 1037 4050
f 4059 4050 983
f 4060 4050 4059
f 276 4114 4105
f 4114 1054 4118
f 4105 4118 1052
f 4114 4118 4105
f 1054 4113 4116
f 4113 273 4058
f 4116 4058 1040
f 4113 4058 4116
f 1052 4107 4104
f 4107 1040 4057
f 4104 4057 259
f 4107 4057 4104
f 1054 4116 4118
f 4116 1040 4107
f 4118 4107 1052
f 4116 4107 4118
f 75 4149 4003
f 4149 1061 4152
f 4003 4152 1028
f 4149 4152 4003
f 1061 4150 4166
f 4150 278 4163
f 4166 4163 1064
f 4150 4163 4166
f 1028 4164 4004
f 4164 1064 4162
f 4004 4162 271
f 4164 4162 4004
f 1061 4166 4152
f 4166 1064 4164
f 4152 4164 1028
f 4166 4164 4152
f 278 4154 4174
f 4154 1062 4177
f 4174 4177 1066
f 4154 4177 4174
f 1062 4153 4156
f 4153 76 4101
f 4156 4101 1051
f 4153 4101 4156
f 1066 4175 4173
f 4175 1051 4102
f 4173 4102 276
f 4175 4102 4173
f 1062 4156 4177
f 4156 1051 4175
f 4177 4175 1066
f 4156 4175 4177
f 271 4109 4001
f 4109 1053 4111
f 4001 4111 1027
f 4109 4111 4001
f 1053 4110 4112
f 4110 276 4098
f 4112 4098 1050
f 4110 4098 4112
f 1027 4100 4000
f 4100 1050 4097
f 4000 4097 72
f 4100 4097 4000
f 1053 4112 4111
f 4112 1050 4100
f 4111 4100 1027
f 4112 4100 4111
f 278 4174 4163
f 4174 1066 4178
f 4163 4178 1064
f 4174 4178 4163
f 1066 4173 4176
f 4173 276 4110
f 4176 4110 1053
f 4173 4110 4176
f 1064 4165 4162
f 4165 1053 4109
f 4162 4109 271
f 4165 4109 4162
f 1066 4176 4178
f 4176 1053 4165
f 4178 4165 1064
f 4176 4165 4178
f 1 3787 7219
f 3787 967 7221
f 7219 7221 1819
f 3787 7221 7219
f 967 3788 7226
f 3788 253 7224
f 7226 7224 1821
f 3788 7224 7226
f 1819 7227 7220
f 7227 1821 7225
f 7220 7225 463
f 7227 7225 7220
f 967 7226 7221
f 7226 1821 7227
f 7221 7227 1819
f 7226 7227 7221
f 253 3791 7238
f 3791 968 7240
f 7238 7240 1826
f 3791 7240 7238
f 968 3790 7234
f 3790 70 7232
f 7234 7232 1824
f 3790 7232 7234
f 1826 7242 7239
f 7242 1824 7233
f 7239 7233 465
f 7242 7233 7239
f 968 7234 7240
f 7234 1824 7242
f 7240 7242 1826
f 7234 7242 7240
f 463 7243 7223
f 7243 1827 7245
f 7223 7245 1820
f 7243 7245 7223
f 1827 7244 7247
f 7244 465 7236
f 7247 7236 1825
f 7244 7236 7247
f 1820 7237 7222
f 7237 1825 7235
f 7222 7235 121
f 7237 7235 7222
f 1827 7247 7245
f 7247 1825 7237
f 7245 7237 1820
f 7247 7237 7245
f 253 7238 7224
f 7238 1826 7241
f 7224 7241 1821
f 7238 7241 7224
f 1826 7239 7248
f 7239 465 7244
f 7248 7244 1827
f 7239 7244 7248
f 1821 7246 7225
f 7246 1827 7243
f 7225 7243 463
f 7246 7243 7225
f 1826 7248 7241
f 7248 1827 7246
f 7241 7246 1821
f 7248 7246 7241
f 70 3798 7275
f 3798 971 7277
f 7275 7277 1838
f 3798 7277 7275
f 971 3799 7284
f 3799 254 7282
f 7284 7282 1840
f 3799 7282 7284
f 1838 7286 7276
f 7286 1840 7283
f 7276 7283 470
f 7286 7283 7276
f 971 7284 7277
f 7284 1840 7286
f 7277 7286 1838
f 7284 7286 7277
f 254 3797 7262
f 3797 970 7264
f 7262 7264 1834
f 3797 7264 7262
f 970 3796 7259
f 3796 22 7257
f 7259 7257 1832
f 3796 7257 7259
f 1834 7265 7263
f 7265 1832 7258
f 7263 7258 468
f 7265 7258 7263
f 970 7259 7264
f 7259 1832 7265
f 7264 7265 1834
f 7259 7265 7264
f 470 7292 7280
f 7292 1842 7295
f 7280 7295 1839
f 7292 7295 7280
f 1842 7291 7293
f 7291 468 7261
f 7293 7261 1833
f 7291 7261 7293
f 1839 7281 7279
f 7281 1833 7260
f 7279 7260 123
f 7281 7260 7279
f 1842 7293 7295
f 7293 1833 7281
f 7295 7281 1839
f 7293 7281 7295
f 254 7262 7282
f 7262 1834 7285
f 7282 7285 1840
f 7262 7285 7282
f 1834 7263 7294
f 7263 468 7291
f 7294 7291 1842
f 7263 7291 7294
f 1840 7296 7283
f 7296 1842 7292
f 7283 7292 470
f 7296 7292 7283
f 1834 7294 7285
f 7294 1842 7296
f 7285 7296 1840
f 7294 7296 7285
f 121 7297 7230
f 7297 1843 7299
f 7230 7299 1823
f 7297 7299 7230
f 1843 7298 7309
f 7298 471 7306
f 7309 7306 1845
f 7298 7306 7309
f 1823 7307 7231
f 7307 1845 7305
f 7231 7305 464
f 7307 7305 7231
f 1843 7309 7299
f 7309 1845 7307
f 7299 7307 1823
f 7309 7307 7299
f 471 7302 7316
f 7302 1844 7319
f 7316 7319 1847
f 7302 7319 7316
f 1844 7301 7303
f 7301 123 7269
f 7303 7269 1836
f 7301 7269 7303
f 1847 7317 7315
f 7317 1836 7270
f 7315 7270 469
f 7317 7270 7315
f 1844 7303 7319
f 7303 1836 7317
f 7319 7317 1847
f 7303 7317 7319
f 464 7271 7229
f 7271 1837 7273
f 7229 7273 1822
f 7271 7273 7229
f 1837 7272 7274
f 7272 469 7267
f 7274 7267 1835
f 7272 7267 7274
f 1822 7268 7228
f 7268 1835 7266
f 7228 7266 34
f 7268 7266 7228
f 1837 7274 7273
f 7274 1835 7268
f 7273 7268 1822
f 7274 7268 7273
f 471 7316 7306
f 7316 1847 7320
f 7306 7320 1845
f 7316 7320 7306
f 1847 7315 7318
f 7315 469 7272
f 7318 7272 1837
f 7315 7272 7318
f 1845 7308 7305
f 7308 1837 7271
f 7305 7271 464
f 7308 7271 7305
f 1847 7318 7320
f 7318 1837 7308
f 7320 7308 1845
f 7318 7308 7320
f 70 7275 7232
f 7275 1838 7278
f 7232 7278 1824
f 7275 7278 7232
f 1838 7276 7290
f 7276 470 7288
f 7290 7288 1841
f 7276 7288 7290
f 1824 7289 7233
f 7289 1841 7287
f 7233 7287 465
f 7289 7287 7233
f 1838 7290 7278
f 7290 1841 7289
f 7278 7289 1824
f 7290 7289 7278
f 470 7280 7321
f 7280 1839 7323
f 7321 7323 1848
f 7280 7323 7321
f 1839 7279 7304
f 7279 123 7301
f 7304 7301 1844
f 7279 7301 7304
f 1848 7325 7322
f 7325 1844 7302
f 7322 7302 471
f 7325 7302 7322
f 1839 7304 7323
f 7304 1844 7325
f 7323 7325 1848
f 7304 7325 7323
f 465 7310 7236
f 7310 1846 7312
f 7236 7312 1825
f 7310 7312 7236
f 1846 7311 7314
f 7311 471 7298
f 7314 7298 1843
f 7311 7298 7314
f 1825 7300 7235
f 7300 1843 7297
f 7235 7297 121
f 7300 7297 7235
f 1846 7314 7312
f 7314 1843 7300
f 7312 7300 1825
f 7314 7300 7312
f 470 7321 7288
f 7321 1848 7324
f 7288 7324 1841
f 7321 7324 7288
f 1848 7322 7326
f 7322 471 7311
f 7326 7311 1846
f 7322 7311 7326
f 1841 7313 7287
f 7313 1846 7310
f 7287 7310 465
f 7313 7310 7287
f 1848 7326 7324
f 7326 1846 7313
f 7324 7313 1841
f 7326 7313 7324
f 22 3821 7915
f 3821 978 7917
f 7915 7917 1999
f 3821 7917 7915
f 978 3822 7923
f 3822 257 7921
f 7923 7921 2001
f 3822 7921 7923
f 1999 7924 7916
f 7924 2001 7922
f 7916 7922 511
f 7924 7922 7916
f 978 7923 7917
f 7923 2001 7924
f 7917 7924 1999
f 7923 7924 7917
f 257 3824 7945
f 3824 979 7947
f 7945 7947 2008
f 3824 7947 7945
f 979 3823 7940
f 3823 71 7938
f 7940 7938 2006
f 3823 7938 7940
f 2008 7949 7946
f 7949 2006 7939
f 7946 7939 513
f 7949 7939 7946
f 979 7940 7947
f 7940 2006 7949
f 7947 7949 2008
f 7940 7949 7947
f 511 7954 7920
f 7954 2010 7956
f 7920 7956 2000
f 7954 7956 7920
f 2010 7955 7958
f 7955 513 7943
f 7958 7943 2007
f 7955 7943 7958
f 2000 7944 7919
f 7944 2007 7942
f 7919 7942 134
f 7944 7942 7919
f 2010 7958 7956
f 7958 2007 7944
f 7956 7944 2000
f 7958 7944 7956
f 257 7945 7921
f 7945 2008 7948
f 7921 7948 2001
f 7945 7948 7921
f 2008 7946 7959
f 7946 513 7955
f 7959 7955 2010
f 7946 7955 7959
f 2001 7957 7922
f 7957 2010 7954
f 7922 7954 511
f 7957 7954 7922
f 2008 7959 7948
f 7959 2010 7957
f 7948 7957 2001
f 7959 7957 7948
f 71 3819 7829
f 3819 977 7831
f 7829 7831 1977
f 3819 7831 7829
f 977 3820 7837
f 3820 256 7835
f 7837 7835 1979
f 3820 7835 7837
f 1977 7839 7830
f 7839 1979 7836
f 7830 7836 505
f 7839 7836 7830
f 977 7837 7831
f 7837 1979 7839
f 7831 7839 1977
f 7837 7839 7831
f 256 3818 7817
f 3818 976 7819
f 7817 7819 1973
f 3818 7819 7817
f 976 3817 7813
f 3817 8 7811
f 7813 7811 1971
f 3817 7811 7813
f 1973 7820 7818
f 7820 1971 7812
f 7818 7812 503
f 7820 7812 7818
f 976 7813 7819
f 7813 1971 7820
f 7819 7820 1973
f 7813 7820 7819
f 505 7841 7833
f 7841 1980 7844
f 7833 7844 1978
f 7841 7844 7833
f 1980 7840 7842
f 7840 503 7816
f 7842 7816 1972
f 7840 7816 7842
f 1978 7834 7832
f 7834 1972 7815
f 7832 7815 132
f 7834 7815 7832
f 1980 7842 7844
f 7842 1972 7834
f 7844 7834 1978
f 7842 7834 7844
f 256 7817 7835
f 7817 1973 7838
f 7835 7838 1979
f 7817 7838 7835
f 1973 7818 7843
f 7818 503 7840
f 7843 7840 1980
f 7818 7840 7843
f 1979 7845 7836
f 7845 1980 7841
f 7836 7841 505
f 7845 7841 7836
f 1973 7843 7838
f 7843 1980 7845
f 7838 7845 1979
f 7843 7845 7838
f 134 7981 7932
f 7981 2016 7983
f 7932 7983 2004
f 7981 7983 7932
f 2016 7982 7999
f 7982 515 7996
f 7999 7996 2019
f 7982 7996 7999
f 2004 7997 7933
f 7997 2019 7995
f 7933 7995 512
f 7997 7995 7933
f 2016 7999 7983
f 7999 2019 7997
f 7983 7997 2004
f 7999 7997 7983
f 515 7978 7986
f 7978 2015 7989
f 7986 7989 2017
f 7978 7989 7986
f 2015 7977 7979
f 7977 132 7827
f 7979 7827 1976
f 7977 7827 7979
f 2017 7987 7985
f 7987 1976 7828
f 7985 7828 504
f 7987 7828 7985
f 2015 7979 7989
f 7979 1976 7987
f 7989 7987 2017
f 7979 7987 7989
f 512 7935 7930
f 7935 2005 7937
f 7930 7937 2003
f 7935 7937 7930
f 2005 7934 7936
f 7934 504 7826
f 7936 7826 1975
f 7934 7826 7936
f 2003 7931 7929
f 7931 1975 7825
f 7929 7825 37
f 7931 7825 7929
f 2005 7936 7937
f 7936 1975 7931
f 7937 7931 2003
f 7936 7931 7937
f 515 7986 7996
f 7986 2017 8000
f 7996 8000 2019
f 7986 8000 7996
f 2017 7985 7988
f 7985 504 7934
f 7988 7934 2005
f 7985 7934 7988
f 2019 7998 7995
f 7998 2005 7935
f 7995 7935 512
f 7998 7935 7995
f 2017 7988 8000
f 7988 2005 7998
f 8000 7998 2019
f 7988 7998 8000
f 71 7829 7938
f 7829 1977 7941
f 7938 7941 2006
f 7829 7941 7938
f 1977 7830 7952
f 7830 505 7950
f 7952 7950 2009
f 7830 7950 7952
f 2006 7953 7939
f 7953 2009 7951
f 7939 7951 513
f 7953 7951 7939
f 1977 7952 7941
f 7952 2009 7953
f 7941 7953 2006
f 7952 7953 7941
f 505 7833 7990
f 7833 1978 7992
f 7990 7992 2018
f 7833 7992 7990
f 1978 7832 7980
f 7832 132 7977
f 7980 7977 2015
f 7832 7977 7980
f 2018 7994 7991
f 7994 2015 7978
f 7991 7978 515
f 7994 7978 7991
f 1978 7980 7992
f 7980 2015 7994
f 7992 7994 2018
f 7980 7994 7992
f 513 8001 7943
f 8001 2020 8003
f 7943 8003 2007
f 8001 8003 7943
f 2020 8002 8005
f 8002 515 7982
f 8005 7982 2016
f 8002 7982 8005
f 2007 7984 7942
f 7984 2016 7981
f 7942 7981 134
f 7984 7981 7942
f 2020 8005 8003
f 8005 2016 7984
f 8003 7984 2007
f 8005 7984 8003
f 505 7990 7950
f 7990 2018 7993
f 7950 7993 2009
f 7990 7993 7950
f 2018 7991 8006
f 7991 515 8002
f 8006 8002 2020
f 7991 8002 8006
f 2009 8004 7951
f 8004 2020 8001
f 7951 8001 513
f 8004 8001 7951
f 2018 8006 7993
f 8006 2020 8004
f 7993 8004 2009
f 8006 8004 7993
f 34 8099 7253
f 8099 2043 8101
f 7253 8101 1830
f 8099 8101 7253
f 2043 8100 8108
f 8100 521 8106
f 8108 8106 2045
f 8100 8106 8108
f 1830 8107 7254
f 8107 2045 8105
f 7254 8105 467
f 8107 8105 7254
f 2043 8108 8101
f 8108 2045 8107
f 8101 8107 1830
f 8108 8107 8101
f 521 8104 8143
f 8104 2044 8145
f 8143 8145 2055
f 8104 8145 8143
f 2044 8103 8133
f 8103 136 8131
f 8133 8131 2052
f 8103 8131 8133
f 2055 8147 8144
f 8147 2052 8132
f 8144 8132 523
f 8147 8132 8144
f 2044 8133 8145
f 8133 2052 8147
f 8145 8147 2055
f 8133 8147 8145
f 467 8134 7256
f 8134 2053 8136
f 7256 8136 1831
f 8134 8136 7256
f 2053 8135 8138
f 8135 523 8128
f 8138 8128 2051
f 8135 8128 8138
f 1831 8129 7255
f 8129 2051 8127
f 7255 8127 122
f 8129 8127 7255
f 2053 8138 8136
f 8138 2051 8129
f 8136 8129 1831
f 8138 8129 8136
f 521 8143 8106
f 8143 2055 8146
f 8106 8146 2045
f 8143 8146 8106
f 2055 8144 8148
f 8144 523 8135
f 8148 8135 2053
f 8144 8135 8148
f 2045 8137 8105
f 8137 2053 8134
f 8105 8134 467
f 8137 8134 8105
f 2055 8148 8146
f 8148 2053 8137
f 8146 8137 2045
f 8148 8137 8146
f 136 8117 8175
f 8117 2048 8177
f 8175 8177 2062
f 8117 8177 8175
f 2048 8118 8191
f 8118 522 8189
f 8191 8189 2065
f 8118 8189 8191
f 2062 8193 8176
f 8193 2065 8190
f 8176 8190 525
f 8193 8190 8176
f 2048 8191 8177
f 8191 2065 8193
f 8177 8193 2062
f 8191 8193 8177
f 522 8114 8120
f 8114 2047 8122
f 8120 8122 2049
f 8114 8122 8120
f 2047 8113 8115
f 8113 37 7877
f 8115 7877 1989
f 8113 7877 8115
f 2049 8121 8119
f 8121 1989 7878
f 8119 7878 508
f 8121 7878 8119
f 2047 8115 8122
f 8115 1989 8121
f 8122 8121 2049
f 8115 8121 8122
f 525 8180 8172
f 8180 2063 8183
f 8172 8183 2061
f 8180 8183 8172
f 2063 8179 8181
f 8179 508 7880
f 8181 7880 1990
f 8179 7880 8181
f 2061 8173 8171
f 8173 1990 7879
f 8171 7879 133
f 8173 7879 8171
f 2063 8181 8183
f 8181 1990 8173
f 8183 8173 2061
f 8181 8173 8183
f 522 8120 8189
f 8120 2049 8192
f 8189 8192 2065
f 8120 8192 8189
f 2049 8119 8182
f 8119 508 8179
f 8182 8179 2063
f 8119 8179 8182
f 2065 8194 8190
f 8194 2063 8180
f 8190 8180 525
f 8194 8180 8190
f 2049 8182 8192
f 8182 2063 8194
f 8192 8194 2065
f 8182 8194 8192
f 122 7881 7251
f 7881 1991 7883
f 7251 7883 1829
f 7881 7883 7251
f 1991 7882 7891
f 7882 509 7888
f 7891 7888 1993
f 7882 7888 7891
f 1829 7889 7252
f 7889 1993 7887
f 7252 7887 466
f 7889 7887 7252
f 1991 7891 7883
f 7891 1993 7889
f 7883 7889 1829
f 7891 7889 7883
f 509 7885 7893
f 7885 1992 7896
f 7893 7896 1994
f 7885 7896 7893
f 1992 7884 7886
f 7884 133 7867
f 7886 7867 1986
f 7884 7867 7886
f 1994 7894 7892
f 7894 1986 7868
f 7892 7868 507
f 7894 7868 7892
f 1992 7886 7896
f 7886 1986 7894
f 7896 7894 1994
f 7886 7894 7896
f 466 7869 7250
f 7869 1987 7871
f 7250 7871 1828
f 7869 7871 7250
f 1987 7870 7872
f 7870 507 7864
f 7872 7864 1985
f 7870 7864 7872
f 1828 7865 7249
f 7865 1985 7863
f 7249 7863 11
f 7865 7863 7249
f 1987 7872 7871
f 7872 1985 7865
f 7871 7865 1828
f 7872 7865 7871
f 509 7893 7888
f 7893 1994 7897
f 7888 7897 1993
f 7893 7897 7888
f 1994 7892 7895
f 7892 507 7870
f 7895 7870 1987
f 7892 7870 7895
f 1993 7890 7887
f 7890 1987 7869
f 7887 7869 466
f 7890 7869 7887
f 1994 7895 7897
f 7895 1987 7890
f 7897 7890 1993
f 7895 7890 7897
f 136 8175 8131
f 8175 2062 8178
f 8131 8178 2052
f 8175 8178 8131
f 2062 8176 8199
f 8176 525 8196
f 8199 8196 2066
f 8176 8196 8199
f 2052 8197 8132
f 8197 2066 8195
f 8132 8195 523
f 8197 8195 8132
f 2062 8199 8178
f 8199 2066 8197
f 8178 8197 2052
f 8199 8197 8178
f 525 8172 8185
f 8172 2061 8188
f 8185 8188 2064
f 8172 8188 8185
f 2061 8171 8174
f 8171 133 7884
f 8174 7884 1992
f 8171 7884 8174
f 2064 8186 8184
f 8186 1992 7885
f 8184 7885 509
f 8186 7885 8184
f 2061 8174 8188
f 8174 1992 8186
f 8188 8186 2064
f 8174 8186 8188
f 523 8140 8128
f 8140 2054 8142
f 8128 8142 2051
f 8140 8142 8128
f 2054 8139 8141
f 8139 509 7882
f 8141 7882 1991
f 8139 7882 8141
f 2051 8130 8127
f 8130 1991 7881
f 8127 7881 122
f 8130 7881 8127
f 2054 8141 8142
f 8141 1991 8130
f 8142 8130 2051
f 8141 8130 8142
f 525 8185 8196
f 8185 2064 8200
f 8196 8200 2066
f 8185 8200 8196
f 2064 8184 8187
f 8184 509 8139
f 8187 8139 2054
f 8184 8139 8187
f 2066 8198 8195
f 8198 2054 8140
f 8195 8140 523
f 8198 8140 8195
f 2064 8187 8200
f 8187 2054 8198
f 8200 8198 2066
f 8187 8198 8200
f 22 7915 7257
f 7915 1999 7918
f 7257 7918 1832
f 7915 7918 7257
f 1999 7916 7928
f 7916 511 7926
f 7928 7926 2002
f 7916 7926 7928
f 1832 7927 7258
f 7927 2002 7925
f 7258 7925 468
f 7927 7925 7258
f 1999 7928 7918
f 7928 2002 7927
f 7918 7927 1832
f 7928 7927 7918
f 511 7920 7971
f 7920 2000 7973
f 7971 7973 2014
f 7920 7973 7971
f 2000 7919 7965
f 7919 134 7963
f 7965 7963 2012
f 7919 7963 7965
f 2014 7975 7972
f 7975 2012 7964
f 7972 7964 514
f 7975 7964 7972
f 2000 7965 7973
f 7965 2012 7975
f 7973 7975 2014
f 7965 7975 7973
f 468 7966 7261
f 7966 2013 7968
f 7261 7968 1833
f 7966 7968 7261
f 2013 7967 7970
f 7967 514 7961
f 7970 7961 2011
f 7967 7961 7970
f 1833 7962 7260
f 7962 2011 7960
f 7260 7960 123
f 7962 7960 7260
f 2013 7970 7968
f 7970 2011 7962
f 7968 7962 1833
f 7970 7962 7968
f 511 7971 7926
f 7971 2014 7974
f 7926 7974 2002
f 7971 7974 7926
f 2014 7972 7976
f 7972 514 7967
f 7976 7967 2013
f 7972 7967 7976
f 2002 7969 7925
f 7969 2013 7966
f 7925 7966 468
f 7969 7966 7925
f 2014 7976 7974
f 7976 2013 7969
f 7974 7969 2002
f 7976 7969 7974
f 134 7932 8201
f 7932 2004 8203
f 8201 8203 2067
f 7932 8203 8201
f 2004 7933 8211
f 7933 512 8209
f 8211 8209 2069
f 7933 8209 8211
f 2067 8213 8202
f 8213 2069 8210
f 8202 8210 526
f 8213 8210 8202
f 2004 8211 8203
f 8211 2069 8213
f 8203 8213 2067
f 8211 8213 8203
f 512 7930 8123
f 7930 2003 8125
f 8123 8125 2050
f 7930 8125 8123
f 2003 7929 8116
f 7929 37 8113
f 8116 8113 2047
f 7929 8113 8116
f 2050 8126 8124
f 8126 2047 8114
f 8124 8114 522
f 8126 8114 8124
f 2003 8116 8125
f 8116 2047 8126
f 8125 8126 2050
f 8116 8126 8125
f 526 8220 8206
f 8220 2071 8223
f 8206 8223 2068
f 8220 8223 8206
f 2071 8219 8221
f 8219 522 8118
f 8221 8118 2048
f 8219 8118 8221
f 2068 8207 8205
f 8207 2048 8117
f 8205 8117 136
f 8207 8117 8205
f 2071 8221 8223
f 8221 2048 8207
f 8223 8207 2068
f 8221 8207 8223
f 512 8123 8209
f 8123 2050 8212
f 8209 8212 2069
f 8123 8212 8209
f 2050 8124 8222
f 8124 522 8219
f 8222 8219 2071
f 8124 8219 8222
f 2069 8224 8210
f 8224 2071 8220
f 8210 8220 526
f 8224 8220 8210
f 2050 8222 8212
f 8222 2071 8224
f 8212 8224 2069
f 8222 8224 8212
f 123 8149 7269
f 8149 2056 8151
f 7269 8151 1836
f 8149 8151 7269
f 2056 8150 8160
f 8150 524 8157
f 8160 8157 2058
f 8150 8157 8160
f 1836 8158 7270
f 8158 2058 8156
f 7270 8156 469
f 8158 8156 7270
f 2056 8160 8151
f 8160 2058 8158
f 8151 8158 1836
f 8160 8158 8151
f 524 8154 8166
f 8154 2057 8169
f 8166 8169 2060
f 8154 8169 8166
f 2057 8153 8155
f 8153 136 8103
f 8155 8103 2044
f 8153 8103 8155
f 2060 8167 8165
f 8167 2044 8104
f 8165 8104 521
f 8167 8104 8165
f 2057 8155 8169
f 8155 2044 8167
f 8169 8167 2060
f 8155 8167 8169
f 469 8109 7267
f 8109 2046 8111
f 7267 8111 1835
f 8109 8111 7267
f 2046 8110 8112
f 8110 521 8100
f 8112 8100 2043
f 8110 8100 8112
f 1835 8102 7266
f 8102 2043 8099
f 7266 8099 34
f 8102 8099 7266
f 2046 8112 8111
f 8112 2043 8102
f 8111 8102 1835
f 8112 8102 8111
f 524 8166 8157
f 8166 2060 8170
f 8157 8170 2058
f 8166 8170 8157
f 2060 8165 8168
f 8165 521 8110
f 8168 8110 2046
f 8165 8110 8168
f 2058 8159 8156
f 8159 2046 8109
f 8156 8109 469
f 8159 8109 8156
f 2060 8168 8170
f 8168 2046 8159
f 8170 8159 2058
f 8168 8159 8170
f 134 8201 7963
f 8201 2067 8204
f 7963 8204 2012
f 8201 8204 7963
f 2067 8202 8218
f 8202 526 8215
f 8218 8215 2070
f 8202 8215 8218
f 2012 8216 7964
f 8216 2070 8214
f 7964 8214 514
f 8216 8214 7964
f 2067 8218 8204
f 8218 2070 8216
f 8204 8216 2012
f 8218 8216 8204
f 526 8206 8226
f 8206 2068 8229
f 8226 8229 2072
f 8206 8229 8226
f 2068 8205 8208
f 8205 136 8153
f 8208 8153 2057
f 8205 8153 8208
f 2072 8227 8225
f 8227 2057 8154
f 8225 8154 524
f 8227 8154 8225
f 2068 8208 8229
f 8208 2057 8227
f 8229 8227 2072
f 8208 8227 8229
f 514 8161 7961
f 8161 2059 8163
f 7961 8163 2011
f 8161 8163 7961
f 2059 8162 8164
f 8162 524 8150
f 8164 8150 2056
f 8162 8150 8164
f 2011 8152 7960
f 8152 2056 8149
f 7960 8149 123
f 8152 8149 7960
f 2059 8164 8163
f 8164 2056 8152
f 8163 8152 2011
f 8164 8152 8163
f 526 8226 8215
f 8226 2072 8230
f 8215 8230 2070
f 8226 8230 8215
f 2072 8225 8228
f 8225 524 8162
f 8228 8162 2059
f 8225 8162 8228
f 2070 8217 8214
f 8217 2059 8161
f 8214 8161 514
f 8217 8161 8214
f 2072 8228 8230
f 8228 2059 8217
f 8230 8217 2070
f 8228 8217 8230
f 1 7219 8363
f 7219 1819 8366
f 8363 8366 2103
f 7219 8366 8363
f 1819 7220 8375
f 7220 463 8373
f 8375 8373 2106
f 7220 8373 8375
f 2103 8376 8364
f 8376 2106 8374
f 8364 8374 533
f 8376 8374 8364
f 1819 8375 8366
f 8375 2106 8376
f 8366 8376 2103
f 8375 8376 8366
f 463 7223 8404
f 7223 1820 8406
f 8404 8406 2115
f 7223 8406 8404
f 1820 7222 8400
f 7222 121 8398
f 8400 8398 2113
f 7222 8398 8400
f 2115 8408 8405
f 8408 2113 8399
f 8405 8399 536
f 8408 8399 8405
f 1820 8400 8406
f 8400 2113 8408
f 8406 8408 2115
f 8400 8408 8406
f 533 8409 8368
f 8409 2116 8411
f 8368 8411 2104
f 8409 8411 8368
f 2116 8410 8413
f 8410 536 8402
f 8413 8402 2114
f 8410 8402 8413
f 2104 8403 8367
f 8403 2114 8401
f 8367 8401 138
f 8403 8401 8367
f 2116 8413 8411
f 8413 2114 8403
f 8411 8403 2104
f 8413 8403 8411
f 463 8404 8373
f 8404 2115 8407
f 8373 8407 2106
f 8404 8407 8373
f 2115 8405 8414
f 8405 536 8410
f 8414 8410 2116
f 8405 8410 8414
f 2106 8412 8374
f 8412 2116 8409
f 8374 8409 533
f 8412 8409 8374
f 2115 8414 8407
f 8414 2116 8412
f 8407 8412 2106
f 8414 8412 8407
f 121 7230 8511
f 7230 1823 8513
f 8511 8513 2144
f 7230 8513 8511
f 1823 7231 8520
f 7231 464 8518
f 8520 8518 2146
f 7231 8518 8520
f 2144 8522 8512
f 8522 2146 8519
f 8512 8519 545
f 8522 8519 8512
f 1823 8520 8513
f 8520 2146 8522
f 8513 8522 2144
f 8520 8522 8513
f 464 7229 8498
f 7229 1822 8500
f 8498 8500 2140
f 7229 8500 8498
f 1822 7228 8495
f 7228 34 8493
f 8495 8493 2138
f 7228 8493 8495
f 2140 8501 8499
f 8501 2138 8494
f 8499 8494 543
f 8501 8494 8499
f 1822 8495 8500
f 8495 2138 8501
f 8500 8501 2140
f 8495 8501 8500
f 545 8528 8516
f 8528 2148 8531
f 8516 8531 2145
f 8528 8531 8516
f 2148 8527 8529
f 8527 543 8497
f 8529 8497 2139
f 8527 8497 8529
f 2145 8517 8515
f 8517 2139 8496
f 8515 8496 141
f 8517 8496 8515
f 2148 8529 8531
f 8529 2139 8517
f 8531 8517 2145
f 8529 8517 8531
f 464 8498 8518
f 8498 2140 8521
f 8518 8521 2146
f 8498 8521 8518
f 2140 8499 8530
f 8499 543 8527
f 8530 8527 2148
f 8499 8527 8530
f 2146 8532 8519
f 8532 2148 8528
f 8519 8528 545
f 8532 8528 8519
f 2140 8530 8521
f 8530 2148 8532
f 8521 8532 2146
f 8530 8532 8521
f 138 8533 8379
f 8533 2149 8535
f 8379 8535 2108
f 8533 8535 8379
f 2149 8534 8545
f 8534 546 8542
f 8545 8542 2151
f 8534 8542 8545
f 2108 8543 8380
f 8543 2151 8541
f 8380 8541 534
f 8543 8541 8380
f 2149 8545 8535
f 8545 2151 8543
f 8535 8543 2108
f 8545 8543 8535
f 546 8538 8552
f 8538 2150 8555
f 8552 8555 2153
f 8538 8555 8552
f 2150 8537 8539
f 8537 141 8505
f 8539 8505 2142
f 8537 8505 8539
f 2153 8553 8551
f 8553 2142 8506
f 8551 8506 544
f 8553 8506 8551
f 2150 8539 8555
f 8539 2142 8553
f 8555 8553 2153
f 8539 8553 8555
f 534 8507 8378
f 8507 2143 8509
f 8378 8509 2107
f 8507 8509 8378
f 2143 8508 8510
f 8508 544 8503
f 8510 8503 2141
f 8508 8503 8510
f 2107 8504 8377
f 8504 2141 8502
f 8377 8502 38
f 8504 8502 8377
f 2143 8510 8509
f 8510 2141 8504
f 8509 8504 2107
f 8510 8504 8509
f 546 8552 8542
f 8552 2153 8556
f 8542 8556 2151
f 8552 8556 8542
f 2153 8551 8554
f 8551 544 8508
f 8554 8508 2143
f 8551 8508 8554
f 2151 8544 8541
f 8544 2143 8507
f 8541 8507 534
f 8544 8507 8541
f 2153 8554 8556
f 8554 2143 8544
f 8556 8544 2151
f 8554 8544 8556
f 121 8511 8398
f 8511 2144 8514
f 8398 8514 2113
f 8511 8514 8398
f 2144 8512 8526
f 8512 545 8524
f 8526 8524 2147
f 8512 8524 8526
f 2113 8525 8399
f 8525 2147 8523
f 8399 8523 536
f 8525 8523 8399
f 2144 8526 8514
f 8526 2147 8525
f 8514 8525 2113
f 8526 8525 8514
f 545 8516 8557
f 8516 2145 8559
f 8557 8559 2154
f 8516 8559 8557
f 2145 8515 8540
f 8515 141 8537
f 8540 8537 2150
f 8515 8537 8540
f 2154 8561 8558
f 8561 2150 8538
f 8558 8538 546
f 8561 8538 8558
f 2145 8540 8559
f 8540 2150 8561
f 8559 8561 2154
f 8540 8561 8559
f 536 8546 8402
f 8546 2152 8548
f 8402 8548 2114
f 8546 8548 8402
f 2152 8547 8550
f 8547 546 8534
f 8550 8534 2149
f 8547 8534 8550
f 2114 8536 8401
f 8536 2149 8533
f 8401 8533 138
f 8536 8533 8401
f 2152 8550 8548
f 8550 2149 8536
f 8548 8536 2114
f 8550 8536 8548
f 545 8557 8524
f 8557 2154 8560
f 8524 8560 2147
f 8557 8560 8524
f 2154 8558 8562
f 8558 546 8547
f 8562 8547 2152
f 8558 8547 8562
f 2147 8549 8523
f 8549 2152 8546
f 8523 8546 536
f 8549 8546 8523
f 2154 8562 8560
f 8562 2152 8549
f 8560 8549 2147
f 8562 8549 8560
f 34 7253 9795
f 7253 1830 9797
f 9795 9797 2459
f 7253 9797 9795
f 1830 7254 9803
f 7254 467 9801
f 9803 9801 2461
f 7254 9801 9803
f 2459 9804 9796
f 9804 2461 9802
f 9796 9802 621
f 9804 9802 9796
f 1830 9803 9797
f 9803 2461 9804
f 9797 9804 2459
f 9803 9804 9797
f 467 7256 9825
f 7256 1831 9827
f 9825 9827 2468
f 7256 9827 9825
f 1831 7255 9820
f 7255 122 9818
f 9820 9818 2466
f 7255 9818 9820
f 2468 9829 9826
f 9829 2466 9819
f 9826 9819 623
f 9829 9819 9826
f 1831 9820 9827
f 9820 2466 9829
f 9827 9829 2468
f 9820 9829 9827
f 621 9834 9800
f 9834 2470 9836
f 9800 9836 2460
f 9834 9836 9800
f 2470 9835 9838
f 9835 623 9823
f 9838 9823 2467
f 9835 9823 9838
f 2460 9824 9799
f 9824 2467 9822
f 9799 9822 159
f 9824 9822 9799
f 2470 9838 9836
f 9838 2467 9824
f 9836 9824 2460
f 9838 9824 9836
f 467 9825 9801
f 9825 2468 9828
f 9801 9828 2461
f 9825 9828 9801
f 2468 9826 9839
f 9826 623 9835
f 9839 9835 2470
f 9826 9835 9839
f 2461 9837 9802
f 9837 2470 9834
f 9802 9834 621
f 9837 9834 9802
f 2468 9839 9828
f 9839 2470 9837
f 9828 9837 2461
f 9839 9837 9828
f 122 7251 9709
f 7251 1829 9711
f 9709 9711 2437
f 7251 9711 9709
f 1829 7252 9717
f 7252 466 9715
f 9717 9715 2439
f 7252 9715 9717
f 2437 9719 9710
f 9719 2439 9716
f 9710 9716 615
f 9719 9716 9710
f 1829 9717 9711
f 9717 2439 9719
f 9711 9719 2437
f 9717 9719 9711
f 466 7250 9697
f 7250 1828 9699
f 9697 9699 2433
f 7250 9699 9697
f 1828 7249 9693
f 7249 11 9691
f 9693 9691 2431
f 7249 9691 9693
f 2433 9700 9698
f 9700 2431 9692
f 9698 9692 613
f 9700 9692 9698
f 1828 9693 9699
f 9693 2431 9700
f 9699 9700 2433
f 9693 9700 9699
f 615 9721 9713
f 9721 2440 9724
f 9713 9724 2438
f 9721 9724 9713
f 2440 9720 9722
f 9720 613 9696
f 9722 9696 2432
f 9720 9696 9722
f 2438 9714 9712
f 9714 2432 9695
f 9712 9695 157
f 9714 9695 9712
f 2440 9722 9724
f 9722 2432 9714
f 9724 9714 2438
f 9722 9714 9724
f 466 9697 9715
f 9697 2433 9718
f 9715 9718 2439
f 9697 9718 9715
f 2433 9698 9723
f 9698 613 9720
f 9723 9720 2440
f 9698 9720 9723
f 2439 9725 9716
f 9725 2440 9721
f 9716 9721 615
f 9725 9721 9716
f 2433 9723 9718
f 9723 2440 9725
f 9718 9725 2439
f 9723 9725 9718
f 159 9861 9812
f 9861 2476 9863
f 9812 9863 2464
f 9861 9863 9812
f 2476 9862 9879
f 9862 625 9876
f 9879 9876 2479
f 9862 9876 9879
f 2464 9877 9813
f 9877 2479 9875
f 9813 9875 622
f 9877 9875 9813
f 2476 9879 9863
f 9879 2479 9877
f 9863 9877 2464
f 9879 9877 9863
f 625 9858 9866
f 9858 2475 9869
f 9866 9869 2477
f 9858 9869 9866
f 2475 9857 9859
f 9857 157 9707
f 9859 9707 2436
f 9857 9707 9859
f 2477 9867 9865
f 9867 2436 9708
f 9865 9708 614
f 9867 9708 9865
f 2475 9859 9869
f 9859 2436 9867
f 9869 9867 2477
f 9859 9867 9869
f 622 9815 9810
f 9815 2465 9817
f 9810 9817 2463
f 9815 9817 9810
f 2465 9814 9816
f 9814 614 9706
f 9816 9706 2435
f 9814 9706 9816
f 2463 9811 9809
f 9811 2435 9705
f 9809 9705 42
f 9811 9705 9809
f 2465 9816 9817
f 9816 2435 9811
f 9817 9811 2463
f 9816 9811 9817
f 625 9866 9876
f 9866 2477 9880
f 9876 9880 2479
f 9866 9880 9876
f 2477 9865 9868
f 9865 614 9814
f 9868 9814 2465
f 9865 9814 9868
f 2479 9878 9875
f 9878 2465 9815
f 9875 9815 622
f 9878 9815 9875
f 2477 9868 9880
f 9868 2465 9878
f 9880 9878 2479
f 9868 9878 9880
f 122 9709 9818
f 9709 2437 9821
f 9818 9821 2466
f 9709 9821 9818
f 2437 9710 9832
f 9710 615 9830
f 9832 9830 2469
f 9710 9830 9832
f 2466 9833 9819
f 9833 2469 9831
f 9819 9831 623
f 9833 9831 9819
f 2437 9832 9821
f 9832 2469 9833
f 9821 9833 2466
f 9832 9833 9821
f 615 9713 9870
f 9713 2438 9872
f 9870 9872 2478
f 9713 9872 9870
f 2438 9712 9860
f 9712 157 9857
f 9860 9857 2475
f 9712 9857 9860
f 2478 9874 9871
f 9874 2475 9858
f 9871 9858 625
f 9874 9858 9871
f 2438 9860 9872
f 9860 2475 9874
f 9872 9874 2478
f 9860 9874 9872
f 623 9881 9823
f 9881 2480 9883
f 9823 9883 2467
f 9881 9883 9823
f 2480 9882 9885
f 9882 625 9862
f 9885 9862 2476
f 9882 9862 9885
f 2467 9864 9822
f 9864 2476 9861
f 9822 9861 159
f 9864 9861 9822
f 2480 9885 9883
f 9885 2476 9864
f 9883 9864 2467
f 9885 9864 9883
f 615 9870 9830
f 9870 2478 9873
f 9830 9873 2469
f 9870 9873 9830
f 2478 9871 9886
f 9871 625 9882
f 9886 9882 2480
f 9871 9882 9886
f 2469 9884 9831
f 9884 2480 9881
f 9831 9881 623
f 9884 9881 9831
f 2478 9886 9873
f 9886 2480 9884
f 9873 9884 2469
f 9886 9884 9873
f 38 9979 8419
f 9979 2503 9981
f 8419 9981 2119
f 9979 9981 8419
f 2503 9980 9988
f 9980 631 9986
f 9988 9986 2505
f 9980 9986 9988
f 2119 9987 8420
f 9987 2505 9985
f 8420 9985 538
f 9987 9985 8420
f 2503 9988 9981
f 9988 2505 9987
f 9981 9987 2119
f 9988 9987 9981
f 631 9984 10023
f 9984 2504 10025
f 10023 10025 2515
f 9984 10025 10023
f 2504 9983 10013
f 9983 161 10011
f 10013 10011 2512
f 9983 10011 10013
f 2515 10027 10024
f 10027 2512 10012
f 10024 10012 633
f 10027 10012 10024
f 2504 10013 10025
f 10013 2512 10027
f 10025 10027 2515
f 10013 10027 10025
f 538 10014 8422
f 10014 2513 10016
f 8422 10016 2120
f 10014 10016 8422
f 2513 10015 10018
f 10015 633 10008
f 10018 10008 2511
f 10015 10008 10018
f 2120 10009 8421
f 10009 2511 10007
f 8421 10007 139
f 10009 10007 8421
f 2513 10018 10016
f 10018 2511 10009
f 10016 10009 2120
f 10018 10009 10016
f 631 10023 9986
f 10023 2515 10026
f 9986 10026 2505
f 10023 10026 9986
f 2515 10024 10028
f 10024 633 10015
f 10028 10015 2513
f 10024 10015 10028
f 2505 10017 9985
f 10017 2513 10014
f 9985 10014 538
f 10017 10014 9985
f 2515 10028 10026
f 10028 2513 10017
f 10026 10017 2505
f 10028 10017 10026
f 161 9997 10055
f 9997 2508 10057
f 10055 10057 2522
f 9997 10057 10055
f 2508 9998 10071
f 9998 632 10069
f 10071 10069 2525
f 9998 10069 10071
f 2522 10073 10056
f 10073 2525 10070
f 10056 10070 635
f 10073 10070 10056
f 2508 10071 10057
f 10071 2525 10073
f 10057 10073 2522
f 10071 10073 10057
f 632 9994 10000
f 9994 2507 10002
f 10000 10002 2509
f 9994 10002 10000
f 2507 9993 9995
f 9993 42 9757
f 9995 9757 2449
f 9993 9757 9995
f 2509 10001 9999
f 10001 2449 9758
f 9999 9758 618
f 10001 9758 9999
f 2507 9995 10002
f 9995 2449 10001
f 10002 10001 2509
f 9995 10001 10002
f 635 10060 10052
f 10060 2523 10063
f 10052 10063 2521
f 10060 10063 10052
f 2523 10059 10061
f 10059 618 9760
f 10061 9760 2450
f 10059 9760 10061
f 2521 10053 10051
f 10053 2450 9759
f 10051 9759 158
f 10053 9759 10051
f 2523 10061 10063
f 10061 2450 10053
f 10063 10053 2521
f 10061 10053 10063
f 632 10000 10069
f 10000 2509 10072
f 10069 10072 2525
f 10000 10072 10069
f 2509 9999 10062
f 9999 618 10059
f 10062 10059 2523
f 9999 10059 10062
f 2525 10074 10070
f 10074 2523 10060
f 10070 10060 635
f 10074 10060 10070
f 2509 10062 10072
f 10062 2523 10074
f 10072 10074 2525
f 10062 10074 10072
f 139 9761 8417
f 9761 2451 9763
f 8417 9763 2118
f 9761 9763 8417
f 2451 9762 9771
f 9762 619 9768
f 9771 9768 2453
f 9762 9768 9771
f 2118 9769 8418
f 9769 2453 9767
f 8418 9767 537
f 9769 9767 8418
f 2451 9771 9763
f 9771 2453 9769
f 9763 9769 2118
f 9771 9769 9763
f 619 9765 9773
f 9765 2452 9776
f 9773 9776 2454
f 9765 9776 9773
f 2452 9764 9766
f 9764 158 9747
f 9766 9747 2446
f 9764 9747 9766
f 2454 9774 9772
f 9774 2446 9748
f 9772 9748 617
f 9774 9748 9772
f 2452 9766 9776
f 9766 2446 9774
f 9776 9774 2454
f 9766 9774 9776
f 537 9749 8416
f 9749 2447 9751
f 8416 9751 2117
f 9749 9751 8416
f 2447 9750 9752
f 9750 617 9744
f 9752 9744 2445
f 9750 9744 9752
f 2117 9745 8415
f 9745 2445 9743
f 8415 9743 12
f 9745 9743 8415
f 2447 9752 9751
f 9752 2445 9745
f 9751 9745 2117
f 9752 9745 9751
f 619 9773 9768
f 9773 2454 9777
f 9768 9777 2453
f 9773 9777 9768
f 2454 9772 9775
f 9772 617 9750
f 9775 9750 2447
f 9772 9750 9775
f 2453 9770 9767
f 9770 2447 9749
f 9767 9749 537
f 9770 9749 9767
f 2454 9775 9777
f 9775 2447 9770
f 9777 9770 2453
f 9775 9770 9777
f 161 10055 10011
f 10055 2522 10058
f 10011 10058 2512
f 10055 10058 10011
f 2522 10056 10079
f 10056 635 10076
f 10079 10076 2526
f 10056 10076 10079
f 2512 10077 10012
f 10077 2526 10075
f 10012 10075 633
f 10077 10075 10012
f 2522 10079 10058
f 10079 2526 10077
f 10058 10077 2512
f 10079 10077 10058
f 635 10052 10065
f 10052 2521 10068
f 10065 10068 2524
f 10052 10068 10065
f 2521 10051 10054
f 10051 158 9764
f 10054 9764 2452
f 10051 9764 10054
f 2524 10066 10064
f 10066 2452 9765
f 10064 9765 619
f 10066 9765 10064
f 2521 10054 10068
f 10054 2452 10066
f 10068 10066 2524
f 10054 10066 10068
f 633 10020 10008
f 10020 2514 10022
f 10008 10022 2511
f 10020 10022 10008
f 2514 10019 10021
f 10019 619 9762
f 10021 9762 2451
f 10019 9762 10021
f 2511 10010 10007
f 10010 2451 9761
f 10007 9761 139
f 10010 9761 10007
f 2514 10021 10022
f 10021 2451 10010
f 10022 10010 2511
f 10021 10010 10022
f 635 10065 10076
f 10065 2524 10080
f 10076 10080 2526
f 10065 10080 10076
f 2524 10064 10067
f 10064 619 10019
f 10067 10019 2514
f 10064 10019 10067
f 2526 10078 10075
f 10078 2514 10020
f 10075 10020 633
f 10078 10020 10075
f 2524 10067 10080
f 10067 2514 10078
f 10080 10078 2526
f 10067 10078 10080
f 34 9795 8493
f 9795 2459 9798
f 8493 9798 2138
f 9795 9798 8493
f 2459 9796 9808
f 9796 621 9806
f 9808 9806 2462
f 9796 9806 9808
f 2138 9807 8494
f 9807 2462 9805
f 8494 9805 543
f 9807 9805 8494
f 2459 9808 9798
f 9808 2462 9807
f 9798 9807 2138
f 9808 9807 9798
f 621 9800 9851
f 9800 2460 9853
f 9851 9853 2474
f 9800 9853 9851
f 2460 9799 9845
f 9799 159 9843
f 9845 9843 2472
f 9799 9843 9845
f 2474 9855 9852
f 9855 2472 9844
f 9852 9844 624
f 9855 9844 9852
f 2460 9845 9853
f 9845 2472 9855
f 9853 9855 2474
f 9845 9855 9853
f 543 9846 8497
f 9846 2473 9848
f 8497 9848 2139
f 9846 9848 8497
f 2473 9847 9850
f 9847 624 9841
f 9850 9841 2471
f 9847 9841 9850
f 2139 9842 8496
f 9842 2471 9840
f 8496 9840 141
f 9842 9840 8496
f 2473 9850 9848
f 9850 2471 9842
f 9848 9842 2139
f 9850 9842 9848
f 621 9851 9806
f 9851 2474 9854
f 9806 9854 2462
f 9851 9854 9806
f 2474 9852 9856
f 9852 624 9847
f 9856 9847 2473
f 9852 9847 9856
f 2462 9849 9805
f 9849 2473 9846
f 9805 9846 543
f 9849 9846 9805
f 2474 9856 9854
f 9856 2473 9849
f 9854 9849 2462
f 9856 9849 9854
f 159 9812 10081
f 9812 2464 10083
f 10081 10083 2527
f 9812 10083 10081
f 2464 9813 10091
f 9813 622 10089
f 10091 10089 2529
f 9813 10089 10091
f 2527 10093 10082
f 10093 2529 10090
f 10082 10090 636
f 10093 10090 10082
f 2464 10091 10083
f 10091 2529 10093
f 10083 10093 2527
f 10091 10093 10083
f 622 9810 10003
f 9810 2463 10005
f 10003 10005 2510
f 9810 10005 10003
f 2463 9809 9996
f 9809 42 9993
f 9996 9993 2507
f 9809 9993 9996
f 2510 10006 10004
f 10006 2507 9994
f 10004 9994 632
f 10006 9994 10004
f 2463 9996 10005
f 9996 2507 10006
f 10005 10006 2510
f 9996 10006 10005
f 636 10100 10086
f 10100 2531 10103
f 10086 10103 2528
f 10100 10103 10086
f 2531 10099 10101
f 10099 632 9998
f 10101 9998 2508
f 10099 9998 10101
f 2528 10087 10085
f 10087 2508 9997
f 10085 9997 161
f 10087 9997 10085
f 2531 10101 10103
f 10101 2508 10087
f 10103 10087 2528
f 10101 10087 10103
f 622 10003 10089
f 10003 2510 10092
f 10089 10092 2529
f 10003 10092 10089
f 2510 10004 10102
f 10004 632 10099
f 10102 10099 2531
f 10004 10099 10102
f 2529 10104 10090
f 10104 2531 10100
f 10090 10100 636
f 10104 10100 10090
f 2510 10102 10092
f 10102 2531 10104
f 10092 10104 2529
f 10102 10104 10092
f 141 10029 8505
f 10029 2516 10031
f 8505 10031 2142
f 10029 10031 8505
f 2516 10030 10040
f 10030 634 10037
f 10040 10037 2518
f 10030 10037 10040
f 2142 10038 8506
f 10038 2518 10036
f 8506 10036 544
f 10038 10036 8506
f 2516 10040 10031
f 10040 2518 10038
f 10031 10038 2142
f 10040 10038 10031
f 634 10034 10046
f 10034 2517 10049
f 10046 10049 2520
f 10034 10049 10046
f 2517 10033 10035
f 10033 161 9983
f 10035 9983 2504
f 10033 9983 10035
f 2520 10047 10045
f 10047 2504 9984
f 10045 9984 631
f 10047 9984 10045
f 2517 10035 10049
f 10035 2504 10047
f 10049 10047 2520
f 10035 10047 10049
f 544 9989 8503
f 9989 2506 9991
f 8503 9991 2141
f 9989 9991 8503
f 2506 9990 9992
f 9990 631 9980
f 9992 9980 2503
f 9990 9980 9992
f 2141 9982 8502
f 9982 2503 9979
f 8502 9979 38
f 9982 9979 8502
f 2506 9992 9991
f 9992 2503 9982
f 9991 9982 2141
f 9992 9982 9991
f 634 10046 10037
f 10046 2520 10050
f 10037 10050 2518
f 10046 10050 10037
f 2520 10045 10048
f 10045 631 9990
f 10048 9990 2506
f 10045 9990 10048
f 2518 10039 10036
f 10039 2506 9989
f 10036 9989 544
f 10039 9989 10036
f 2520 10048 10050
f 10048 2506 10039
f 10050 10039 2518
f 10048 10039 10050
f 159 10081 9843
f 10081 2527 10084
f 9843 10084 2472
f 10081 10084 9843
f 2527 10082 10098
f 10082 636 10095
f 10098 10095 2530
f 10082 10095 10098
f 2472 10096 9844
f 10096 2530 10094
f 9844 10094 624
f 10096 10094 9844
f 2527 10098 10084
f 10098 2530 10096
f 10084 10096 2472
f 10098 10096 10084
f 636 10086 10106
f 10086 2528 10109
f 10106 10109 2532
f 10086 10109 10106
f 2528 10085 10088
f 10085 161 10033
f 10088 10033 2517
f 10085 10033 10088
f 2532 10107 10105
f 10107 2517 10034
f 10105 10034 634
f 10107 10034 10105
f 2528 10088 10109
f 10088 2517 10107
f 10109 10107 2532
f 10088 10107 10109
f 624 10041 9841
f 10041 2519 10043
f 9841 10043 2471
f 10041 10043 9841
f 2519 10042 10044
f 10042 634 10030
f 10044 10030 2516
f 10042 10030 10044
f 2471 10032 9840
f 10032 2516 10029
f 9840 10029 141
f 10032 10029 9840
f 2519 10044 10043
f 10044 2516 10032
f 10043 10032 2471
f 10044 10032 10043
f 636 10106 10095
f 10106 2532 10110
f 10095 10110 2530
f 10106 10110 10095
f 2532 10105 10108
f 10105 634 10042
f 10108 10042 2519
f 10105 10042 10108
f 2530 10097 10094
f 10097 2519 10041
f 10094 10041 624
f 10097 10041 10094
f 2532 10108 10110
f 10108 2519 10097
f 10110 10097 2530
f 10108 10097 10110
f 2 3095 5339
f 3095 789 5341
f 5339 5341 1359
f 3095 5341 5339
f 789 3096 5347
f 3096 206 5345
f 5347 5345 1361
f 3096 5345 5347
f 1359 5348 5340
f 5348 1361 5346
f 5340 5346 353
f 5348 5346 5340
f 789 5347 5341
f 5347 1361 5348
f 5341 5348 1359
f 5347 5348 5341
f 206 3099 5363
f 3099 790 5365
f 5363 5365 1367
f 3099 5365 5363
f 790 3098 5359
f 3098 57 5357
f 5359 5357 1365
f 3098 5357 5359
f 1367 5367 5364
f 5367 1365 5358
f 5364 5358 355
f 5367 5358 5364
f 790 5359 5365
f 5359 1365 5367
f 5365 5367 1367
f 5359 5367 5365
f 353 5368 5344
f 5368 1368 5370
f 5344 5370 1360
f 5368 5370 5344
f 1368 5369 5372
f 5369 355 5361
f 5372 5361 1366
f 5369 5361 5372
f 1360 5362 5343
f 5362 1366 5360
f 5343 5360 96
f 5362 5360 5343
f 1368 5372 5370
f 5372 1366 5362
f 5370 5362 1360
f 5372 5362 5370
f 206 5363 5345
f 5363 1367 5366
f 5345 5366 1361
f 5363 5366 5345
f 1367 5364 5373
f 5364 355 5369
f 5373 5369 1368
f 5364 5369 5373
f 1361 5371 5346
f 5371 1368 5368
f 5346 5368 353
f 5371 5368 5346
f 1367 5373 5366
f 5373 1368 5371
f 5366 5371 1361
f 5373 5371 5366
f 57 3106 5417
f 3106 793 5419
f 5417 5419 1383
f 3106 5419 5417
f 793 3107 5426
f 3107 207 5424
f 5426 5424 1385
f 3107 5424 5426
f 1383 5428 5418
f 5428 1385 5425
f 5418 5425 361
f 5428 5425 5418
f 793 5426 5419
f 5426 1385 5428
f 5419 5428 1383
f 5426 5428 5419
f 207 3105 5404
f 3105 792 5406
f 5404 5406 1379
f 3105 5406 5404
f 792 3104 5401
f 3104 18 5399
f 5401 5399 1377
f 3104 5399 5401
f 1379 5407 5405
f 5407 1377 5400
f 5405 5400 359
f 5407 5400 5405
f 792 5401 5406
f 5401 1377 5407
f 5406 5407 1379
f 5401 5407 5406
f 361 5434 5422
f 5434 1387 5437
f 5422 5437 1384
f 5434 5437 5422
f 1387 5433 5435
f 5433 359 5403
f 5435 5403 1378
f 5433 5403 5435
f 1384 5423 5421
f 5423 1378 5402
f 5421 5402 98
f 5423 5402 5421
f 1387 5435 5437
f 5435 1378 5423
f 5437 5423 1384
f 5435 5423 5437
f 207 5404 5424
f 5404 1379 5427
f 5424 5427 1385
f 5404 5427 5424
f 1379 5405 5436
f 5405 359 5433
f 5436 5433 1387
f 5405 5433 5436
f 1385 5438 5425
f 5438 1387 5434
f 5425 5434 361
f 5438 5434 5425
f 1379 5436 5427
f 5436 1387 5438
f 5427 5438 1385
f 5436 5438 5427
f 96 5439 5355
f 5439 1388 5441
f 5355 5441 1364
f 5439 5441 5355
f 1388 5440 5451
f 5440 362 5448
f 5451 5448 1390
f 5440 5448 5451
f 1364 5449 5356
f 5449 1390 5447
f 5356 5447 354
f 5449 5447 5356
f 1388 5451 5441
f 5451 1390 5449
f 5441 5449 1364
f 5451 5449 5441
f 362 5444 5458
f 5444 1389 5461
f 5458 5461 1392
f 5444 5461 5458
f 1389 5443 5445
f 5443 98 5411
f 5445 5411 1381
f 5443 5411 5445
f 1392 5459 5457
f 5459 1381 5412
f 5457 5412 360
f 5459 5412 5457
f 1389 5445 5461
f 5445 1381 5459
f 5461 5459 1392
f 5445 5459 5461
f 354 5413 5354
f 5413 1382 5415
f 5354 5415 1363
f 5413 5415 5354
f 1382 5414 5416
f 5414 360 5409
f 5416 5409 1380
f 5414 5409 5416
f 1363 5410 5353
f 5410 1380 5408
f 5353 5408 29
f 5410 5408 5353
f 1382 5416 5415
f 5416 1380 5410
f 5415 5410 1363
f 5416 5410 5415
f 362 5458 5448
f 5458 1392 5462
f 5448 5462 1390
f 5458 5462 5448
f 1392 5457 5460
f 5457 360 5414
f 5460 5414 1382
f 5457 5414 5460
f 1390 5450 5447
f 5450 1382 5413
f 5447 5413 354
f 5450 5413 5447
f 1392 5460 5462
f 5460 1382 5450
f 5462 5450 1390
f 5460 5450 5462
f 57 5417 5357
f 5417 1383 5420
f 5357 5420 1365
f 5417 5420 5357
f 1383 5418 5432
f 5418 361 5430
f 5432 5430 1386
f 5418 5430 5432
f 1365 5431 5358
f 5431 1386 5429
f 5358 5429 355
f 5431 5429 5358
f 1383 5432 5420
f 5432 1386 5431
f 5420 5431 1365
f 5432 5431 5420
f 361 5422 5463
f 5422 1384 5465
f 5463 5465 1393
f 5422 5465 5463
f 1384 5421 5446
f 5421 98 5443
f 5446 5443 1389
f 5421 5443 5446
f 1393 5467 5464
f 5467 1389 5444
f 5464 5444 362
f 5467 5444 5464
f 1384 5446 5465
f 5446 1389 5467
f 5465 5467 1393
f 5446 5467 5465
f 355 5452 5361
f 5452 1391 5454
f 5361 5454 1366
f 5452 5454 5361
f 1391 5453 5456
f 5453 362 5440
f 5456 5440 1388
f 5453 5440 5456
f 1366 5442 5360
f 5442 1388 5439
f 5360 5439 96
f 5442 5439 5360
f 1391 5456 5454
f 5456 1388 5442
f 5454 5442 1366
f 5456 5442 5454
f 361 5463 5430
f 5463 1393 5466
f 5430 5466 1386
f 5463 5466 5430
f 1393 5464 5468
f 5464 362 5453
f 5468 5453 1391
f 5464 5453 5468
f 1386 5455 5429
f 5455 1391 5452
f 5429 5452 355
f 5455 5452 5429
f 1393 5468 5466
f 5468 1391 5455
f 5466 5455 1386
f 5468 5455 5466
f 18 3134 6219
f 3134 801 6221
f 6219 6221 1583
f 3134 6221 6219
f 801 3135 6227
f 3135 210 6225
f 6227 6225 1585
f 3135 6225 6227
f 1583 6228 6220
f 6228 1585 6226
f 6220 6226 411
f 6228 6226 6220
f 801 6227 6221
f 6227 1585 6228
f 6221 6228 1583
f 6227 6228 6221
f 210 3137 6249
f 3137 802 6251
f 6249 6251 1592
f 3137 6251 6249
f 802 3136 6244
f 3136 58 6242
f 6244 6242 1590
f 3136 6242 6244
f 1592 6253 6250
f 6253 1590 6243
f 6250 6243 413
f 6253 6243 6250
f 802 6244 6251
f 6244 1590 6253
f 6251 6253 1592
f 6244 6253 6251
f 411 6258 6224
f 6258 1594 6260
f 6224 6260 1584
f 6258 6260 6224
f 1594 6259 6262
f 6259 413 6247
f 6262 6247 1591
f 6259 6247 6262
f 1584 6248 6223
f 6248 1591 6246
f 6223 6246 111
f 6248 6246 6223
f 1594 6262 6260
f 6262 1591 6248
f 6260 6248 1584
f 6262 6248 6260
f 210 6249 6225
f 6249 1592 6252
f 6225 6252 1585
f 6249 6252 6225
f 1592 6250 6263
f 6250 413 6259
f 6263 6259 1594
f 6250 6259 6263
f 1585 6261 6226
f 6261 1594 6258
f 6226 6258 411
f 6261 6258 6226
f 1592 6263 6252
f 6263 1594 6261
f 6252 6261 1585
f 6263 6261 6252
f 58 3128 6133
f 3128 799 6135
f 6133 6135 1561
f 3128 6135 6133
f 799 3129 6141
f 3129 209 6139
f 6141 6139 1563
f 3129 6139 6141
f 1561 6143 6134
f 6143 1563 6140
f 6134 6140 405
f 6143 6140 6134
f 799 6141 6135
f 6141 1563 6143
f 6135 6143 1561
f 6141 6143 6135
f 209 3126 6121
f 3126 798 6123
f 6121 6123 1557
f 3126 6123 6121
f 798 3125 6117
f 3125 6 6115
f 6117 6115 1555
f 3125 6115 6117
f 1557 6124 6122
f 6124 1555 6116
f 6122 6116 403
f 6124 6116 6122
f 798 6117 6123
f 6117 1555 6124
f 6123 6124 1557
f 6117 6124 6123
f 405 6145 6137
f 6145 1564 6148
f 6137 6148 1562
f 6145 6148 6137
f 1564 6144 6146
f 6144 403 6120
f 6146 6120 1556
f 6144 6120 6146
f 1562 6138 6136
f 6138 1556 6119
f 6136 6119 109
f 6138 6119 6136
f 1564 6146 6148
f 6146 1556 6138
f 6148 6138 1562
f 6146 6138 6148
f 209 6121 6139
f 6121 1557 6142
f 6139 6142 1563
f 6121 6142 6139
f 1557 6122 6147
f 6122 403 6144
f 6147 6144 1564
f 6122 6144 6147
f 1563 6149 6140
f 6149 1564 6145
f 6140 6145 405
f 6149 6145 6140
f 1557 6147 6142
f 6147 1564 6149
f 6142 6149 1563
f 6147 6149 6142
f 111 6285 6236
f 6285 1600 6287
f 6236 6287 1588
f 6285 6287 6236
f 1600 6286 6303
f 6286 415 6300
f 6303 6300 1603
f 6286 6300 6303
f 1588 6301 6237
f 6301 1603 6299
f 6237 6299 412
f 6301 6299 6237
f 1600 6303 6287
f 6303 1603 6301
f 6287 6301 1588
f 6303 6301 6287
f 415 6282 6290
f 6282 1599 6293
f 6290 6293 1601
f 6282 6293 6290
f 1599 6281 6283
f 6281 109 6131
f 6283 6131 1560
f 6281 6131 6283
f 1601 6291 6289
f 6291 1560 6132
f 6289 6132 404
f 6291 6132 6289
f 1599 6283 6293
f 6283 1560 6291
f 6293 6291 1601
f 6283 6291 6293
f 412 6239 6234
f 6239 1589 6241
f 6234 6241 1587
f 6239 6241 6234
f 1589 6238 6240
f 6238 404 6130
f 6240 6130 1559
f 6238 6130 6240
f 1587 6235 6233
f 6235 1559 6129
f 6233 6129 32
f 6235 6129 6233
f 1589 6240 6241
f 6240 1559 6235
f 6241 6235 1587
f 6240 6235 6241
f 415 6290 6300
f 6290 1601 6304
f 6300 6304 1603
f 6290 6304 6300
f 1601 6289 6292
f 6289 404 6238
f 6292 6238 1589
f 6289 6238 6292
f 1603 6302 6299
f 6302 1589 6239
f 6299 6239 412
f 6302 6239 6299
f 1601 6292 6304
f 6292 1589 6302
f 6304 6302 1603
f 6292 6302 6304
f 58 6133 6242
f 6133 1561 6245
f 6242 6245 1590
f 6133 6245 6242
f 1561 6134 6256
f 6134 405 6254
f 6256 6254 1593
f 6134 6254 6256
f 1590 6257 6243
f 6257 1593 6255
f 6243 6255 413
f 6257 6255 6243
f 1561 6256 6245
f 6256 1593 6257
f 6245 6257 1590
f 6256 6257 6245
f 405 6137 6294
f 6137 1562 6296
f 6294 6296 1602
f 6137 6296 6294
f 1562 6136 6284
f 6136 109 6281
f 6284 6281 1599
f 6136 6281 6284
f 1602 6298 6295
f 6298 1599 6282
f 6295 6282 415
f 6298 6282 6295
f 1562 6284 6296
f 6284 1599 6298
f 6296 6298 1602
f 6284 6298 6296
f 413 6305 6247
f 6305 1604 6307
f 6247 6307 1591
f 6305 6307 6247
f 1604 6306 6309
f 6306 415 6286
f 6309 6286 1600
f 6306 6286 6309
f 1591 6288 6246
f 6288 1600 6285
f 6246 6285 111
f 6288 6285 6246
f 1604 6309 6307
f 6309 1600 6288
f 6307 6288 1591
f 6309 6288 6307
f 405 6294 6254
f 6294 1602 6297
f 6254 6297 1593
f 6294 6297 6254
f 1602 6295 6310
f 6295 415 6306
f 6310 6306 1604
f 6295 6306 6310
f 1593 6308 6255
f 6308 1604 6305
f 6255 6305 413
f 6308 6305 6255
f 1602 6310 6297
f 6310 1604 6308
f 6297 6308 1593
f 6310 6308 6297
f 29 6403 5395
f 6403 1627 6405
f 5395 6405 1375
f 6403 6405 5395
f 1627 6404 6412
f 6404 421 6410
f 6412 6410 1629
f 6404 6410 6412
f 1375 6411 5396
f 6411 1629 6409
f 5396 6409 358
f 6411 6409 5396
f 1627 6412 6405
f 6412 1629 6411
f 6405 6411 1375
f 6412 6411 6405
f 421 6408 6447
f 6408 1628 6449
f 6447 6449 1639
f 6408 6449 6447
f 1628 6407 6437
f 6407 113 6435
f 6437 6435 1636
f 6407 6435 6437
f 1639 6451 6448
f 6451 1636 6436
f 6448 6436 423
f 6451 6436 6448
f 1628 6437 6449
f 6437 1636 6451
f 6449 6451 1639
f 6437 6451 6449
f 358 6438 5398
f 6438 1637 6440
f 5398 6440 1376
f 6438 6440 5398
f 1637 6439 6442
f 6439 423 6432
f 6442 6432 1635
f 6439 6432 6442
f 1376 6433 5397
f 6433 1635 6431
f 5397 6431 97
f 6433 6431 5397
f 1637 6442 6440
f 6442 1635 6433
f 6440 6433 1376
f 6442 6433 6440
f 421 6447 6410
f 6447 1639 6450
f 6410 6450 1629
f 6447 6450 6410
f 1639 6448 6452
f 6448 423 6439
f 6452 6439 1637
f 6448 6439 6452
f 1629 6441 6409
f 6441 1637 6438
f 6409 6438 358
f 6441 6438 6409
f 1639 6452 6450
f 6452 1637 6441
f 6450 6441 1629
f 6452 6441 6450
f 113 6421 6479
f 6421 1632 6481
f 6479 6481 1646
f 6421 6481 6479
f 1632 6422 6495
f 6422 422 6493
f 6495 6493 1649
f 6422 6493 6495
f 1646 6497 6480
f 6497 1649 6494
f 6480 6494 425
f 6497 6494 6480
f 1632 6495 6481
f 6495 1649 6497
f 6481 6497 1646
f 6495 6497 6481
f 422 6418 6424
f 6418 1631 6426
f 6424 6426 1633
f 6418 6426 6424
f 1631 6417 6419
f 6417 32 6181
f 6419 6181 1573
f 6417 6181 6419
f 1633 6425 6423
f 6425 1573 6182
f 6423 6182 408
f 6425 6182 6423
f 1631 6419 6426
f 6419 1573 6425
f 6426 6425 1633
f 6419 6425 6426
f 425 6484 6476
f 6484 1647 6487
f 6476 6487 1645
f 6484 6487 6476
f 1647 6483 6485
f 6483 408 6184
f 6485 6184 1574
f 6483 6184 6485
f 1645 6477 6475
f 6477 1574 6183
f 6475 6183 110
f 6477 6183 6475
f 1647 6485 6487
f 6485 1574 6477
f 6487 6477 1645
f 6485 6477 6487
f 422 6424 6493
f 6424 1633 6496
f 6493 6496 1649
f 6424 6496 6493
f 1633 6423 6486
f 6423 408 6483
f 6486 6483 1647
f 6423 6483 6486
f 1649 6498 6494
f 6498 1647 6484
f 6494 6484 425
f 6498 6484 6494
f 1633 6486 6496
f 6486 1647 6498
f 6496 6498 1649
f 6486 6498 6496
f 97 6185 5393
f 6185 1575 6187
f 5393 6187 1374
f 6185 6187 5393
f 1575 6186 6195
f 6186 409 6192
f 6195 6192 1577
f 6186 6192 6195
f 1374 6193 5394
f 6193 1577 6191
f 5394 6191 357
f 6193 6191 5394
f 1575 6195 6187
f 6195 1577 6193
f 6187 6193 1374
f 6195 6193 6187
f 409 6189 6197
f 6189 1576 6200
f 6197 6200 1578
f 6189 6200 6197
f 1576 6188 6190
f 6188 110 6171
f 6190 6171 1570
f 6188 6171 6190
f 1578 6198 6196
f 6198 1570 6172
f 6196 6172 407
f 6198 6172 6196
f 1576 6190 6200
f 6190 1570 6198
f 6200 6198 1578
f 6190 6198 6200
f 357 6173 5392
f 6173 1571 6175
f 5392 6175 1373
f 6173 6175 5392
f 1571 6174 6176
f 6174 407 6168
f 6176 6168 1569
f 6174 6168 6176
f 1373 6169 5391
f 6169 1569 6167
f 5391 6167 10
f 6169 6167 5391
f 1571 6176 6175
f 6176 1569 6169
f 6175 6169 1373
f 6176 6169 6175
f 409 6197 6192
f 6197 1578 6201
f 6192 6201 1577
f 6197 6201 6192
f 1578 6196 6199
f 6196 407 6174
f 6199 6174 1571
f 6196 6174 6199
f 1577 6194 6191
f 6194 1571 6173
f 6191 6173 357
f 6194 6173 6191
f 1578 6199 6201
f 6199 1571 6194
f 6201 6194 1577
f 6199 6194 6201
f 113 6479 6435
f 6479 1646 6482
f 6435 6482 1636
f 6479 6482 6435
f 1646 6480 6503
f 6480 425 6500
f 6503 6500 1650
f 6480 6500 6503
f 1636 6501 6436
f 6501 1650 6499
f 6436 6499 423
f 6501 6499 6436
f 1646 6503 6482
f 6503 1650 6501
f 6482 6501 1636
f 6503 6501 6482
f 425 6476 6489
f 6476 1645 6492
f 6489 6492 1648
f 6476 6492 6489
f 1645 6475 6478
f 6475 110 6188
f 6478 6188 1576
f 6475 6188 6478
f 1648 6490 6488
f 6490 1576 6189
f 6488 6189 409
f 6490 6189 6488
f 1645 6478 6492
f 6478 1576 6490
f 6492 6490 1648
f 6478 6490 6492
f 423 6444 6432
f 6444 1638 6446
f 6432 6446 1635
f 6444 6446 6432
f 1638 6443 6445
f 6443 409 6186
f 6445 6186 1575
f 6443 6186 6445
f 1635 6434 6431
f 6434 1575 6185
f 6431 6185 97
f 6434 6185 6431
f 1638 6445 6446
f 6445 1575 6434
f 6446 6434 1635
f 6445 6434 6446
f 425 6489 6500
f 6489 1648 6504
f 6500 6504 1650
f 6489 6504 6500
f 1648 6488 6491
f 6488 409 6443
f 6491 6443 1638
f 6488 6443 6491
f 1650 6502 6499
f 6502 1638 6444
f 6499 6444 423
f 6502 6444 6499
f 1648 6491 6504
f 6491 1638 6502
f 6504 6502 1650
f 6491 6502 6504
f 18 6219 5399
f 6219 1583 6222
f 5399 6222 1377
f 6219 6222 5399
f 1583 6220 6232
f 6220 411 6230
f 6232 6230 1586
f 6220 6230 6232
f 1377 6231 5400
f 6231 1586 6229
f 5400 6229 359
f 6231 6229 5400
f 1583 6232 6222
f 6232 1586 6231
f 6222 6231 1377
f 6232 6231 6222
f 411 6224 6275
f 6224 1584 6277
f 6275 6277 1598
f 6224 6277 6275
f 1584 6223 6269
f 6223 111 6267
f 6269 6267 1596
f 6223 6267 6269
f 1598 6279 6276
f 6279 1596 6268
f 6276 6268 414
f 6279 6268 6276
f 1584 6269 6277
f 6269 1596 6279
f 6277 6279 1598
f 6269 6279 6277
f 359 6270 5403
f 6270 1597 6272
f 5403 6272 1378
f 6270 6272 5403
f 1597 6271 6274
f 6271 414 6265
f 6274 6265 1595
f 6271 6265 6274
f 1378 6266 5402
f 6266 1595 6264
f 5402 6264 98
f 6266 6264 5402
f 1597 6274 6272
f 6274 1595 6266
f 6272 6266 1378
f 6274 6266 6272
f 411 6275 6230
f 6275 1598 6278
f 6230 6278 1586
f 6275 6278 6230
f 1598 6276 6280
f 6276 414 6271
f 6280 6271 1597
f 6276 6271 6280
f 1586 6273 6229
f 6273 1597 6270
f 6229 6270 359
f 6273 6270 6229
f 1598 6280 6278
f 6280 1597 6273
f 6278 6273 1586
f 6280 6273 6278
f 111 6236 6505
f 6236 1588 6507
f 6505 6507 1651
f 6236 6507 6505
f 1588 6237 6515
f 6237 412 6513
f 6515 6513 1653
f 6237 6513 6515
f 1651 6517 6506
f 6517 1653 6514
f 6506 6514 426
f 6517 6514 6506
f 1588 6515 6507
f 6515 1653 6517
f 6507 6517 1651
f 6515 6517 6507
f 412 6234 6427
f 6234 1587 6429
f 6427 6429 1634
f 6234 6429 6427
f 1587 6233 6420
f 6233 32 6417
f 6420 6417 1631
f 6233 6417 6420
f 1634 6430 6428
f 6430 1631 6418
f 6428 6418 422
f 6430 6418 6428
f 1587 6420 6429
f 6420 1631 6430
f 6429 6430 1634
f 6420 6430 6429
f 426 6524 6510
f 6524 1655 6527
f 6510 6527 1652
f 6524 6527 6510
f 1655 6523 6525
f 6523 422 6422
f 6525 6422 1632
f 6523 6422 6525
f 1652 6511 6509
f 6511 1632 6421
f 6509 6421 113
f 6511 6421 6509
f 1655 6525 6527
f 6525 1632 6511
f 6527 6511 1652
f 6525 6511 6527
f 412 6427 6513
f 6427 1634 6516
f 6513 6516 1653
f 6427 6516 6513
f 1634 6428 6526
f 6428 422 6523
f 6526 6523 1655
f 6428 6523 6526
f 1653 6528 6514
f 6528 1655 6524
f 6514 6524 426
f 6528 6524 6514
f 1634 6526 6516
f 6526 1655 6528
f 6516 6528 1653
f 6526 6528 6516
f 98 6453 5411
f 6453 1640 6455
f 5411 6455 1381
f 6453 6455 5411
f 1640 6454 6464
f 6454 424 6461
f 6464 6461 1642
f 6454 6461 6464
f 1381 6462 5412
f 6462 1642 6460
f 5412 6460 360
f 6462 6460 5412
f 1640 6464 6455
f 6464 1642 6462
f 6455 6462 1381
f 6464 6462 6455
f 424 6458 6470
f 6458 1641 6473
f 6470 6473 1644
f 6458 6473 6470
f 1641 6457 6459
f 6457 113 6407
f 6459 6407 1628
f 6457 6407 6459
f 1644 6471 6469
f 6471 1628 6408
f 6469 6408 421
f 6471 6408 6469
f 1641 6459 6473
f 6459 1628 6471
f 6473 6471 1644
f 6459 6471 6473
f 360 6413 5409
f 6413 1630 6415
f 5409 6415 1380
f 6413 6415 5409
f 1630 6414 6416
f 6414 421 6404
f 6416 6404 1627
f 6414 6404 6416
f 1380 6406 5408
f 6406 1627 6403
f 5408 6403 29
f 6406 6403 5408
f 1630 6416 6415
f 6416 1627 6406
f 6415 6406 1380
f 6416 6406 6415
f 424 6470 6461
f 6470 1644 6474
f 6461 6474 1642
f 6470 6474 6461
f 1644 6469 6472
f 6469 421 6414
f 6472 6414 1630
f 6469 6414 6472
f 1642 6463 6460
f 6463 1630 6413
f 6460 6413 360
f 6463 6413 6460
f 1644 6472 6474
f 6472 1630 6463
f 6474 6463 1642
f 6472 6463 6474
f 111 6505 6267
f 6505 1651 6508
f 6267 6508 1596
f 6505 6508 6267
f 1651 6506 6522
f 6506 426 6519
f 6522 6519 1654
f 6506 6519 6522
f 1596 6520 6268
f 6520 1654 6518
f 6268 6518 414
f 6520 6518 6268
f 1651 6522 6508
f 6522 1654 6520
f 6508 6520 1596
f 6522 6520 6508
f 426 6510 6530
f 6510 1652 6533
f 6530 6533 1656
f 6510 6533 6530
f 1652 6509 6512
f 6509 113 6457
f 6512 6457 1641
f 6509 6457 6512
f 1656 6531 6529
f 6531 1641 6458
f 6529 6458 424
f 6531 6458 6529
f 1652 6512 6533
f 6512 1641 6531
f 6533 6531 1656
f 6512 6531 6533
f 414 6465 6265
f 6465 1643 6467
f 6265 6467 1595
f 6465 6467 6265
f 1643 6466 6468
f 6466 424 6454
f 6468 6454 1640
f 6466 6454 6468
f 1595 6456 6264
f 6456 1640 6453
f 6264 6453 98
f 6456 6453 6264
f 1643 6468 6467
f 6468 1640 6456
f 6467 6456 1595
f 6468 6456 6467
f 426 6530 6519
f 6530 1656 6534
f 6519 6534 1654
f 6530 6534 6519
f 1656 6529 6532
f 6529 424 6466
f 6532 6466 1643
f 6529 6466 6532
f 1654 6521 6518
f 6521 1643 6465
f 6518 6465 414
f 6521 6465 6518
f 1656 6532 6534
f 6532 1643 6521
f 6534 6521 1654
f 6532 6521 6534
f 6 9139 3387
f 9139 2299 9142
f 3387 9142 863
f 9139 9142 3387
f 2299 9140 9152
f 9140 583 9150
f 9152 9150 2302
f 9140 9150 9152
f 863 9151 3388
f 9151 2302 9149
f 3388 9149 225
f 9151 9149 3388
f 2299 9152 9142
f 9152 2302 9151
f 9142 9151 863
f 9152 9151 9142
f 583 9144 9185
f 9144 2300 9187
f 9185 9187 2312
f 9144 9187 9185
f 2300 9143 9179
f 9143 151 9177
f 9179 9177 2310
f 9143 9177 9179
f 2312 9189 9186
f 9189 2310 9178
f 9186 9178 586
f 9189 9178 9186
f 2300 9179 9187
f 9179 2310 9189
f 9187 9189 2312
f 9179 9189 9187
f 225 9180 3390
f 9180 2311 9182
f 3390 9182 864
f 9180 9182 3390
f 2311 9181 9184
f 9181 586 9175
f 9184 9175 2309
f 9181 9175 9184
f 864 9176 3389
f 9176 2309 9174
f 3389 9174 62
f 9176 9174 3389
f 2311 9184 9182
f 9184 2309 9176
f 9182 9176 864
f 9184 9176 9182
f 583 9185 9150
f 9185 2312 9188
f 9150 9188 2302
f 9185 9188 9150
f 2312 9186 9190
f 9186 586 9181
f 9190 9181 2311
f 9186 9181 9190
f 2302 9183 9149
f 9183 2311 9180
f 9149 9180 225
f 9183 9180 9149
f 2312 9190 9188
f 9190 2311 9183
f 9188 9183 2302
f 9190 9183 9188
f 151 9155 9397
f 9155 2304 9399
f 9397 9399 2365
f 9155 9399 9397
f 2304 9156 9407
f 9156 584 9405
f 9407 9405 2367
f 9156 9405 9407
f 2365 9409 9398
f 9409 2367 9406
f 9398 9406 600
f 9409 9406 9398
f 2304 9407 9399
f 9407 2367 9409
f 9399 9409 2365
f 9407 9409 9399
f 584 9154 9354
f 9154 2303 9356
f 9354 9356 2355
f 9154 9356 9354
f 2303 9153 9351
f 9153 41 9349
f 9351 9349 2353
f 9153 9349 9351
f 2355 9357 9355
f 9357 2353 9350
f 9355 9350 597
f 9357 9350 9355
f 2303 9351 9356
f 9351 2353 9357
f 9356 9357 2355
f 9351 9357 9356
f 600 9416 9402
f 9416 2369 9419
f 9402 9419 2366
f 9416 9419 9402
f 2369 9415 9417
f 9415 597 9353
f 9417 9353 2354
f 9415 9353 9417
f 2366 9403 9401
f 9403 2354 9352
f 9401 9352 154
f 9403 9352 9401
f 2369 9417 9419
f 9417 2354 9403
f 9419 9403 2366
f 9417 9403 9419
f 584 9354 9405
f 9354 2355 9408
f 9405 9408 2367
f 9354 9408 9405
f 2355 9355 9418
f 9355 597 9415
f 9418 9415 2369
f 9355 9415 9418
f 2367 9420 9406
f 9420 2369 9416
f 9406 9416 600
f 9420 9416 9406
f 2355 9418 9408
f 9418 2369 9420
f 9408 9420 2367
f 9418 9420 9408
f 62 9358 3393
f 9358 2356 9360
f 3393 9360 866
f 9358 9360 3393
f 2356 9359 9369
f 9359 598 9366
f 9369 9366 2358
f 9359 9366 9369
f 866 9367 3394
f 9367 2358 9365
f 3394 9365 226
f 9367 9365 3394
f 2356 9369 9360
f 9369 2358 9367
f 9360 9367 866
f 9369 9367 9360
f 598 9363 9375
f 9363 2357 9378
f 9375 9378 2360
f 9363 9378 9375
f 2357 9362 9364
f 9362 154 9339
f 9364 9339 2350
f 9362 9339 9364
f 2360 9376 9374
f 9376 2350 9340
f 9374 9340 596
f 9376 9340 9374
f 2357 9364 9378
f 9364 2350 9376
f 9378 9376 2360
f 9364 9376 9378
f 226 9341 3392
f 9341 2351 9343
f 3392 9343 865
f 9341 9343 3392
f 2351 9342 9344
f 9342 596 9336
f 9344 9336 2349
f 9342 9336 9344
f 865 9337 3391
f 9337 2349 9335
f 3391 9335 19
f 9337 9335 3391
f 2351 9344 9343
f 9344 2349 9337
f 9343 9337 865
f 9344 9337 9343
f 598 9375 9366
f 9375 2360 9379
f 9366 9379 2358
f 9375 9379 9366
f 2360 9374 9377
f 9374 596 9342
f 9377 9342 2351
f 9374 9342 9377
f 2358 9368 9365
f 9368 2351 9341
f 9365 9341 226
f 9368 9341 9365
f 2360 9377 9379
f 9377 2351 9368
f 9379 9368 2358
f 9377 9368 9379
f 151 9397 9177
f 9397 2365 9400
f 9177 9400 2310
f 9397 9400 9177
f 2365 9398 9414
f 9398 600 9411
f 9414 9411 2368
f 9398 9411 9414
f 2310 9412 9178
f 9412 2368 9410
f 9178 9410 586
f 9412 9410 9178
f 2365 9414 9400
f 9414 2368 9412
f 9400 9412 2310
f 9414 9412 9400
f 600 9402 9422
f 9402 2366 9425
f 9422 9425 2370
f 9402 9425 9422
f 2366 9401 9404
f 9401 154 9362
f 9404 9362 2357
f 9401 9362 9404
f 2370 9423 9421
f 9423 2357 9363
f 9421 9363 598
f 9423 9363 9421
f 2366 9404 9425
f 9404 2357 9423
f 9425 9423 2370
f 9404 9423 9425
f 586 9370 9175
f 9370 2359 9372
f 9175 9372 2309
f 9370 9372 9175
f 2359 9371 9373
f 9371 598 9359
f 9373 9359 2356
f 9371 9359 9373
f 2309 9361 9174
f 9361 2356 9358
f 9174 9358 62
f 9361 9358 9174
f 2359 9373 9372
f 9373 2356 9361
f 9372 9361 2309
f 9373 9361 9372
f 600 9422 9411
f 9422 2370 9426
f 9411 9426 2368
f 9422 9426 9411
f 2370 9421 9424
f 9421 598 9371
f 9424 9371 2359
f 9421 9371 9424
f 2368 9413 9410
f 9413 2359 9370
f 9410 9370 586
f 9413 9370 9410
f 2370 9424 9426
f 9424 2359 9413
f 9426 9413 2368
f 9424 9413 9426
f 41 9205 9573
f 9205 2317 9575
f 9573 9575 2405
f 9205 9575 9573
f 2317 9206 9581
f 9206 588 9579
f 9581 9579 2407
f 9206 9579 9581
f 2405 9582 9574
f 9582 2407 9580
f 9574 9580 608
f 9582 9580 9574
f 2317 9581 9575
f 9581 2407 9582
f 9575 9582 2405
f 9581 9582 9575
f 588 9208 9639
f 9208 2318 9641
f 9639 9641 2421
f 9208 9641 9639
f 2318 9207 9633
f 9207 152 9631
f 9633 9631 2419
f 9207 9631 9633
f 2421 9643 9640
f 9643 2419 9632
f 9640 9632 611
f 9643 9632 9640
f 2318 9633 9641
f 9633 2419 9643
f 9641 9643 2421
f 9633 9643 9641
f 608 9649 9578
f 9649 2423 9651
f 9578 9651 2406
f 9649 9651 9578
f 2423 9650 9653
f 9650 611 9636
f 9653 9636 2420
f 9650 9636 9653
f 2406 9637 9577
f 9637 2420 9635
f 9577 9635 156
f 9637 9635 9577
f 2423 9653 9651
f 9653 2420 9637
f 9651 9637 2406
f 9653 9637 9651
f 588 9639 9579
f 9639 2421 9642
f 9579 9642 2407
f 9639 9642 9579
f 2421 9640 9654
f 9640 611 9650
f 9654 9650 2423
f 9640 9650 9654
f 2407 9652 9580
f 9652 2423 9649
f 9580 9649 608
f 9652 9649 9580
f 2421 9654 9642
f 9654 2423 9652
f 9642 9652 2407
f 9654 9652 9642
f 152 9195 9229
f 9195 2314 9231
f 9229 9231 2324
f 9195 9231 9229
f 2314 9196 9239
f 9196 587 9237
f 9239 9237 2326
f 9196 9237 9239
f 2324 9241 9230
f 9241 2326 9238
f 9230 9238 590
f 9241 9238 9230
f 2314 9239 9231
f 9239 2326 9241
f 9231 9241 2324
f 9239 9241 9231
f 587 9192 9202
f 9192 2313 9204
f 9202 9204 2316
f 9192 9204 9202
f 2313 9191 9194
f 9191 12 8815
f 9194 8815 2221
f 9191 8815 9194
f 2316 9203 9201
f 9203 2221 8816
f 9201 8816 565
f 9203 8816 9201
f 2313 9194 9204
f 9194 2221 9203
f 9204 9203 2316
f 9194 9203 9204
f 590 9233 9227
f 9233 2325 9236
f 9227 9236 2323
f 9233 9236 9227
f 2325 9232 9234
f 9232 565 8819
f 9234 8819 2222
f 9232 8819 9234
f 2323 9228 9226
f 9228 2222 8818
f 9226 8818 147
f 9228 8818 9226
f 2325 9234 9236
f 9234 2222 9228
f 9236 9228 2323
f 9234 9228 9236
f 587 9202 9237
f 9202 2316 9240
f 9237 9240 2326
f 9202 9240 9237
f 2316 9201 9235
f 9201 565 9232
f 9235 9232 2325
f 9201 9232 9235
f 2326 9242 9238
f 9242 2325 9233
f 9238 9233 590
f 9242 9233 9238
f 2316 9235 9240
f 9235 2325 9242
f 9240 9242 2326
f 9235 9242 9240
f 156 9591 9563
f 9591 2410 9593
f 9563 9593 2402
f 9591 9593 9563
f 2410 9592 9607
f 9592 609 9604
f 9607 9604 2413
f 9592 9604 9607
f 2402 9605 9564
f 9605 2413 9603
f 9564 9603 607
f 9605 9603 9564
f 2410 9607 9593
f 9607 2413 9605
f 9593 9605 2402
f 9607 9605 9593
f 609 9588 9595
f 9588 2409 9598
f 9595 9598 2411
f 9588 9598 9595
f 2409 9587 9589
f 9587 147 8826
f 9589 8826 2225
f 9587 8826 9589
f 2411 9596 9594
f 9596 2225 8827
f 9594 8827 566
f 9596 8827 9594
f 2409 9589 9598
f 9589 2225 9596
f 9598 9596 2411
f 9589 9596 9598
f 607 9566 9560
f 9566 2403 9568
f 9560 9568 2401
f 9566 9568 9560
f 2403 9565 9567
f 9565 566 8825
f 9567 8825 2224
f 9565 8825 9567
f 2401 9561 9559
f 9561 2224 8824
f 9559 8824 40
f 9561 8824 9559
f 2403 9567 9568
f 9567 2224 9561
f 9568 9561 2401
f 9567 9561 9568
f 609 9595 9604
f 9595 2411 9608
f 9604 9608 2413
f 9595 9608 9604
f 2411 9594 9597
f 9594 566 9565
f 9597 9565 2403
f 9594 9565 9597
f 2413 9606 9603
f 9606 2403 9566
f 9603 9566 607
f 9606 9566 9603
f 2411 9597 9608
f 9597 2403 9606
f 9608 9606 2413
f 9597 9606 9608
f 152 9229 9631
f 9229 2324 9634
f 9631 9634 2419
f 9229 9634 9631
f 2324 9230 9646
f 9230 590 9644
f 9646 9644 2422
f 9230 9644 9646
f 2419 9648 9632
f 9648 2422 9645
f 9632 9645 611
f 9648 9645 9632
f 2324 9646 9634
f 9646 2422 9648
f 9634 9648 2419
f 9646 9648 9634
f 590 9227 9599
f 9227 2323 9601
f 9599 9601 2412
f 9227 9601 9599
f 2323 9226 9590
f 9226 147 9587
f 9590 9587 2409
f 9226 9587 9590
f 2412 9602 9600
f 9602 2409 9588
f 9600 9588 609
f 9602 9588 9600
f 2323 9590 9601
f 9590 2409 9602
f 9601 9602 2412
f 9590 9602 9601
f 611 9656 9636
f 9656 2424 9659
f 9636 9659 2420
f 9656 9659 9636
f 2424 9655 9657
f 9655 609 9592
f 9657 9592 2410
f 9655 9592 9657
f 2420 9638 9635
f 9638 2410 9591
f 9635 9591 156
f 9638 9591 9635
f 2424 9657 9659
f 9657 2410 9638
f 9659 9638 2420
f 9657 9638 9659
f 590 9599 9644
f 9599 2412 9647
f 9644 9647 2422
f 9599 9647 9644
f 2412 9600 9658
f 9600 609 9655
f 9658 9655 2424
f 9600 9655 9658
f 2422 9660 9645
f 9660 2424 9656
f 9645 9656 611
f 9660 9656 9645
f 2412 9658 9647
f 9658 2424 9660
f 9647 9660 2422
f 9658 9660 9647
f 19 8937 3383
f 8937 2252 8939
f 3383 8939 861
f 8937 8939 3383
f 2252 8938 8945
f 8938 573 8943
f 8945 8943 2254
f 8938 8943 8945
f 861 8944 3384
f 8944 2254 8942
f 3384 8942 224
f 8944 8942 3384
f 2252 8945 8939
f 8945 2254 8944
f 8939 8944 861
f 8945 8944 8939
f 573 8941 8971
f 8941 2253 8973
f 8971 8973 2262
f 8941 8973 8971
f 2253 8940 8961
f 8940 149 8959
f 8961 8959 2259
f 8940 8959 8961
f 2262 8975 8972
f 8975 2259 8960
f 8972 8960 575
f 8975 8960 8972
f 2253 8961 8973
f 8961 2259 8975
f 8973 8975 2262
f 8961 8975 8973
f 224 8962 3386
f 8962 2260 8964
f 3386 8964 862
f 8962 8964 3386
f 2260 8963 8966
f 8963 575 8956
f 8966 8956 2258
f 8963 8956 8966
f 862 8957 3385
f 8957 2258 8955
f 3385 8955 61
f 8957 8955 3385
f 2260 8966 8964
f 8966 2258 8957
f 8964 8957 862
f 8966 8957 8964
f 573 8971 8943
f 8971 2262 8974
f 8943 8974 2254
f 8971 8974 8943
f 2262 8972 8976
f 8972 575 8963
f 8976 8963 2260
f 8972 8963 8976
f 2254 8965 8942
f 8965 2260 8962
f 8942 8962 224
f 8965 8962 8942
f 2262 8976 8974
f 8976 2260 8965
f 8974 8965 2254
f 8976 8965 8974
f 149 8949 8981
f 8949 2256 8983
f 8981 8983 2264
f 8949 8983 8981
f 2256 8950 8997
f 8950 574 8995
f 8997 8995 2267
f 8950 8995 8997
f 2264 8999 8982
f 8999 2267 8996
f 8982 8996 576
f 8999 8996 8982
f 2256 8997 8983
f 8997 2267 8999
f 8983 8999 2264
f 8997 8999 8983
f 574 8947 8952
f 8947 2255 8954
f 8952 8954 2257
f 8947 8954 8952
f 2255 8946 8948
f 8946 40 8777
f 8948 8777 2211
f 8946 8777 8948
f 2257 8953 8951
f 8953 2211 8778
f 8951 8778 562
f 8953 8778 8951
f 2255 8948 8954
f 8948 2211 8953
f 8954 8953 2257
f 8948 8953 8954
f 576 8986 8978
f 8986 2265 8989
f 8978 8989 2263
f 8986 8989 8978
f 2265 8985 8987
f 8985 562 8780
f 8987 8780 2212
f 8985 8780 8987
f 2263 8979 8977
f 8979 2212 8779
f 8977 8779 146
f 8979 8779 8977
f 2265 8987 8989
f 8987 2212 8979
f 8989 8979 2263
f 8987 8979 8989
f 574 8952 8995
f 8952 2257 8998
f 8995 8998 2267
f 8952 8998 8995
f 2257 8951 8988
f 8951 562 8985
f 8988 8985 2265
f 8951 8985 8988
f 2267 9000 8996
f 9000 2265 8986
f 8996 8986 576
f 9000 8986 8996
f 2257 8988 8998
f 8988 2265 9000
f 8998 9000 2267
f 8988 9000 8998
f 61 8798 3381
f 8798 2217 8800
f 3381 8800 860
f 8798 8800 3381
f 2217 8799 8808
f 8799 564 8805
f 8808 8805 2219
f 8799 8805 8808
f 860 8806 3382
f 8806 2219 8804
f 3382 8804 223
f 8806 8804 3382
f 2217 8808 8800
f 8808 2219 8806
f 8800 8806 860
f 8808 8806 8800
f 564 8802 8810
f 8802 2218 8813
f 8810 8813 2220
f 8802 8813 8810
f 2218 8801 8803
f 8801 146 8767
f 8803 8767 2208
f 8801 8767 8803
f 2220 8811 8809
f 8811 2208 8768
f 8809 8768 561
f 8811 8768 8809
f 2218 8803 8813
f 8803 2208 8811
f 8813 8811 2220
f 8803 8811 8813
f 223 8773 3380
f 8773 2210 8775
f 3380 8775 859
f 8773 8775 3380
f 2210 8774 8776
f 8774 561 8764
f 8776 8764 2207
f 8774 8764 8776
f 859 8766 3379
f 8766 2207 8763
f 3379 8763 5
f 8766 8763 3379
f 2210 8776 8775
f 8776 2207 8766
f 8775 8766 859
f 8776 8766 8775
f 564 8810 8805
f 8810 2220 8814
f 8805 8814 2219
f 8810 8814 8805
f 2220 8809 8812
f 8809 561 8774
f 8812 8774 2210
f 8809 8774 8812
f 2219 8807 8804
f 8807 2210 8773
f 8804 8773 223
f 8807 8773 8804
f 2220 8812 8814
f 8812 2210 8807
f 8814 8807 2219
f 8812 8807 8814
f 149 8981 8959
f 8981 2264 8984
f 8959 8984 2259
f 8981 8984 8959
f 2264 8982 9005
f 8982 576 9002
f 9005 9002 2268
f 8982 9002 9005
f 2259 9003 8960
f 9003 2268 9001
f 8960 9001 575
f 9003 9001 8960
f 2264 9005 8984
f 9005 2268 9003
f 8984 9003 2259
f 9005 9003 8984
f 576 8978 8991
f 8978 2263 8994
f 8991 8994 2266
f 8978 8994 8991
f 2263 8977 8980
f 8977 146 8801
f 8980 8801 2218
f 8977 8801 8980
f 2266 8992 8990
f 8992 2218 8802
f 8990 8802 564
f 8992 8802 8990
f 2263 8980 8994
f 8980 2218 8992
f 8994 8992 2266
f 8980 8992 8994
f 575 8968 8956
f 8968 2261 8970
f 8956 8970 2258
f 8968 8970 8956
f 2261 8967 8969
f 8967 564 8799
f 8969 8799 2217
f 8967 8799 8969
f 2258 8958 8955
f 8958 2217 8798
f 8955 8798 61
f 8958 8798 8955
f 2261 8969 8970
f 8969 2217 8958
f 8970 8958 2258
f 8969 8958 8970
f 576 8991 9002
f 8991 2266 9006
f 9002 9006 2268
f 8991 9006 9002
f 2266 8990 8993
f 8990 564 8967
f 8993 8967 2261
f 8990 8967 8993
f 2268 9004 9001
f 9004 2261 8968
f 9001 8968 575
f 9004 8968 9001
f 2266 8993 9006
f 8993 2261 9004
f 9006 9004 2268
f 8993 9004 9006
f 41 9573 9349
f 9573 2405 9576
f 9349 9576 2353
f 9573 9576 9349
f 2405 9574 9586
f 9574 608 9584
f 9586 9584 2408
f 9574 9584 9586
f 2353 9585 9350
f 9585 2408 9583
f 9350 9583 597
f 9585 9583 9350
f 2405 9586 9576
f 9586 2408 9585
f 9576 9585 2353
f 9586 9585 9576
f 608 9578 9679
f 9578 2406 9681
f 9679 9681 2429
f 9578 9681 9679
f 2406 9577 9667
f 9577 156 9665
f 9667 9665 2426
f 9577 9665 9667
f 2429 9683 9680
f 9683 2426 9666
f 9680 9666 612
f 9683 9666 9680
f 2406 9667 9681
f 9667 2426 9683
f 9681 9683 2429
f 9667 9683 9681
f 597 9669 9353
f 9669 2427 9671
f 9353 9671 2354
f 9669 9671 9353
f 2427 9670 9673
f 9670 612 9662
f 9673 9662 2425
f 9670 9662 9673
f 2354 9663 9352
f 9663 2425 9661
f 9352 9661 154
f 9663 9661 9352
f 2427 9673 9671
f 9673 2425 9663
f 9671 9663 2354
f 9673 9663 9671
f 608 9679 9584
f 9679 2429 9682
f 9584 9682 2408
f 9679 9682 9584
f 2429 9680 9684
f 9680 612 9670
f 9684 9670 2427
f 9680 9670 9684
f 2408 9672 9583
f 9672 2427 9669
f 9583 9669 597
f 9672 9669 9583
f 2429 9684 9682
f 9684 2427 9672
f 9682 9672 2408
f 9684 9672 9682
f 156 9563 9613
f 9563 2402 9615
f 9613 9615 2415
f 9563 9615 9613
f 2402 9564 9627
f 9564 607 9625
f 9627 9625 2418
f 9564 9625 9627
f 2415 9629 9614
f 9629 2418 9626
f 9614 9626 610
f 9629 9626 9614
f 2402 9627 9615
f 9627 2418 9629
f 9615 9629 2415
f 9627 9629 9615
f 607 9560 9570
f 9560 2401 9572
f 9570 9572 2404
f 9560 9572 9570
f 2401 9559 9562
f 9559 40 8946
f 9562 8946 2255
f 9559 8946 9562
f 2404 9571 9569
f 9571 2255 8947
f 9569 8947 574
f 9571 8947 9569
f 2401 9562 9572
f 9562 2255 9571
f 9572 9571 2404
f 9562 9571 9572
f 610 9617 9610
f 9617 2416 9620
f 9610 9620 2414
f 9617 9620 9610
f 2416 9616 9618
f 9616 574 8950
f 9618 8950 2256
f 9616 8950 9618
f 2414 9611 9609
f 9611 2256 8949
f 9609 8949 149
f 9611 8949 9609
f 2416 9618 9620
f 9618 2256 9611
f 9620 9611 2414
f 9618 9611 9620
f 607 9570 9625
f 9570 2404 9628
f 9625 9628 2418
f 9570 9628 9625
f 2404 9569 9619
f 9569 574 9616
f 9619 9616 2416
f 9569 9616 9619
f 2418 9630 9626
f 9630 2416 9617
f 9626 9617 610
f 9630 9617 9626
f 2404 9619 9628
f 9619 2416 9630
f 9628 9630 2418
f 9619 9630 9628
f 154 9383 9339
f 9383 2362 9385
f 9339 9385 2350
f 9383 9385 9339
f 2362 9384 9395
f 9384 599 9392
f 9395 9392 2364
f 9384 9392 9395
f 2350 9393 9340
f 9393 2364 9391
f 9340 9391 596
f 9393 9391 9340
f 2362 9395 9385
f 9395 2364 9393
f 9385 9393 2350
f 9395 9393 9385
f 599 9381 9387
f 9381 2361 9390
f 9387 9390 2363
f 9381 9390 9387
f 2361 9380 9382
f 9380 149 8940
f 9382 8940 2253
f 9380 8940 9382
f 2363 9388 9386
f 9388 2253 8941
f 9386 8941 573
f 9388 8941 9386
f 2361 9382 9390
f 9382 2253 9388
f 9390 9388 2363
f 9382 9388 9390
f 596 9346 9336
f 9346 2352 9348
f 9336 9348 2349
f 9346 9348 9336
f 2352 9345 9347
f 9345 573 8938
f 9347 8938 2252
f 9345 8938 9347
f 2349 9338 9335
f 9338 2252 8937
f 9335 8937 19
f 9338 8937 9335
f 2352 9347 9348
f 9347 2252 9338
f 9348 9338 2349
f 9347 9338 9348
f 599 9387 9392
f 9387 2363 9396
f 9392 9396 2364
f 9387 9396 9392
f 2363 9386 9389
f 9386 573 9345
f 9389 9345 2352
f 9386 9345 9389
f 2364 9394 9391
f 9394 2352 9346
f 9391 9346 596
f 9394 9346 9391
f 2363 9389 9396
f 9389 2352 9394
f 9396 9394 2364
f 9389 9394 9396
f 156 9613 9665
f 9613 2415 9668
f 9665 9668 2426
f 9613 9668 9665
f 2415 9614 9687
f 9614 610 9685
f 9687 9685 2430
f 9614 9685 9687
f 2426 9689 9666
f 9689 2430 9686
f 9666 9686 612
f 9689 9686 9666
f 2415 9687 9668
f 9687 2430 9689
f 9668 9689 2426
f 9687 9689 9668
f 610 9610 9622
f 9610 2414 9624
f 9622 9624 2417
f 9610 9624 9622
f 2414 9609 9612
f 9609 149 9380
f 9612 9380 2361
f 9609 9380 9612
f 2417 9623 9621
f 9623 2361 9381
f 9621 9381 599
f 9623 9381 9621
f 2414 9612 9624
f 9612 2361 9623
f 9624 9623 2417
f 9612 9623 9624
f 612 9675 9662
f 9675 2428 9678
f 9662 9678 2425
f 9675 9678 9662
f 2428 9674 9676
f 9674 599 9384
f 9676 9384 2362
f 9674 9384 9676
f 2425 9664 9661
f 9664 2362 9383
f 9661 9383 154
f 9664 9383 9661
f 2428 9676 9678
f 9676 2362 9664
f 9678 9664 2425
f 9676 9664 9678
f 610 9622 9685
f 9622 2417 9688
f 9685 9688 2430
f 9622 9688 9685
f 2417 9621 9677
f 9621 599 9674
f 9677 9674 2428
f 9621 9674 9677
f 2430 9690 9686
f 9690 2428 9675
f 9686 9675 612
f 9690 9675 9686
f 2417 9677 9688
f 9677 2428 9690
f 9688 9690 2430
f 9677 9690 9688
f 12 9743 8615
f 9743 2445 9746
f 8615 9746 2169
f 9743 9746 8615
f 2445 9744 9756
f 9744 617 9754
f 9756 9754 2448
f 9744 9754 9756
f 2169 9755 8616
f 9755 2448 9753
f 8616 9753 551
f 9755 9753 8616
f 2445 9756 9746
f 9756 2448 9755
f 9746 9755 2169
f 9756 9755 9746
f 617 9748 9789
f 9748 2446 9791
f 9789 9791 2458
f 9748 9791 9789
f 2446 9747 9783
f 9747 158 9781
f 9783 9781 2456
f 9747 9781 9783
f 2458 9793 9790
f 9793 2456 9782
f 9790 9782 620
f 9793 9782 9790
f 2446 9783 9791
f 9783 2456 9793
f 9791 9793 2458
f 9783 9793 9791
f 551 9784 8618
f 9784 2457 9786
f 8618 9786 2170
f 9784 9786 8618
f 2457 9785 9788
f 9785 620 9779
f 9788 9779 2455
f 9785 9779 9788
f 2170 9780 8617
f 9780 2455 9778
f 8617 9778 143
f 9780 9778 8617
f 2457 9788 9786
f 9788 2455 9780
f 9786 9780 2170
f 9788 9780 9786
f 617 9789 9754
f 9789 2458 9792
f 9754 9792 2448
f 9789 9792 9754
f 2458 9790 9794
f 9790 620 9785
f 9794 9785 2457
f 9790 9785 9794
f 2448 9787 9753
f 9787 2457 9784
f 9753 9784 551
f 9787 9784 9753
f 2458 9794 9792
f 9794 2457 9787
f 9792 9787 2448
f 9794 9787 9792
f 158 9759 10183
f 9759 2450 10185
f 10183 10185 2551
f 9759 10185 10183
f 2450 9760 10193
f 9760 618 10191
f 10193 10191 2553
f 9760 10191 10193
f 2551 10195 10184
f 10195 2553 10192
f 10184 10192 641
f 10195 10192 10184
f 2450 10193 10185
f 10193 2553 10195
f 10185 10195 2551
f 10193 10195 10185
f 618 9758 10131
f 9758 2449 10133
f 10131 10133 2539
f 9758 10133 10131
f 2449 9757 10127
f 9757 42 10125
f 10127 10125 2537
f 9757 10125 10127
f 2539 10134 10132
f 10134 2537 10126
f 10132 10126 638
f 10134 10126 10132
f 2449 10127 10133
f 10127 2537 10134
f 10133 10134 2539
f 10127 10134 10133
f 641 10202 10188
f 10202 2555 10205
f 10188 10205 2552
f 10202 10205 10188
f 2555 10201 10203
f 10201 638 10130
f 10203 10130 2538
f 10201 10130 10203
f 2552 10189 10187
f 10189 2538 10129
f 10187 10129 162
f 10189 10129 10187
f 2555 10203 10205
f 10203 2538 10189
f 10205 10189 2552
f 10203 10189 10205
f 618 10131 10191
f 10131 2539 10194
f 10191 10194 2553
f 10131 10194 10191
f 2539 10132 10204
f 10132 638 10201
f 10204 10201 2555
f 10132 10201 10204
f 2553 10206 10192
f 10206 2555 10202
f 10192 10202 641
f 10206 10202 10192
f 2539 10204 10194
f 10204 2555 10206
f 10194 10206 2553
f 10204 10206 10194
f 143 10139 8621
f 10139 2541 10141
f 8621 10141 2172
f 10139 10141 8621
f 2541 10140 10150
f 10140 639 10147
f 10150 10147 2543
f 10140 10147 10150
f 2172 10148 8622
f 10148 2543 10146
f 8622 10146 552
f 10148 10146 8622
f 2541 10150 10141
f 10150 2543 10148
f 10141 10148 2172
f 10150 10148 10141
f 639 10144 10156
f 10144 2542 10159
f 10156 10159 2545
f 10144 10159 10156
f 2542 10143 10145
f 10143 162 10115
f 10145 10115 2534
f 10143 10115 10145
f 2545 10157 10155
f 10157 2534 10116
f 10155 10116 637
f 10157 10116 10155
f 2542 10145 10159
f 10145 2534 10157
f 10159 10157 2545
f 10145 10157 10159
f 552 10117 8620
f 10117 2535 10119
f 8620 10119 2171
f 10117 10119 8620
f 2535 10118 10120
f 10118 637 10112
f 10120 10112 2533
f 10118 10112 10120
f 2171 10113 8619
f 10113 2533 10111
f 8619 10111 39
f 10113 10111 8619
f 2535 10120 10119
f 10120 2533 10113
f 10119 10113 2171
f 10120 10113 10119
f 639 10156 10147
f 10156 2545 10160
f 10147 10160 2543
f 10156 10160 10147
f 2545 10155 10158
f 10155 637 10118
f 10158 10118 2535
f 10155 10118 10158
f 2543 10149 10146
f 10149 2535 10117
f 10146 10117 552
f 10149 10117 10146
f 2545 10158 10160
f 10158 2535 10149
f 10160 10149 2543
f 10158 10149 10160
f 158 10183 9781
f 10183 2551 10186
f 9781 10186 2456
f 10183 10186 9781
f 2551 10184 10200
f 10184 641 10197
f 10200 10197 2554
f 10184 10197 10200
f 2456 10198 9782
f 10198 2554 10196
f 9782 10196 620
f 10198 10196 9782
f 2551 10200 10186
f 10200 2554 10198
f 10186 10198 2456
f 10200 10198 10186
f 641 10188 10208
f 10188 2552 10211
f 10208 10211 2556
f 10188 10211 10208
f 2552 10187 10190
f 10187 162 10143
f 10190 10143 2542
f 10187 10143 10190
f 2556 10209 10207
f 10209 2542 10144
f 10207 10144 639
f 10209 10144 10207
f 2552 10190 10211
f 10190 2542 10209
f 10211 10209 2556
f 10190 10209 10211
f 620 10151 9779
f 10151 2544 10153
f 9779 10153 2455
f 10151 10153 9779
f 2544 10152 10154
f 10152 639 10140
f 10154 10140 2541
f 10152 10140 10154
f 2455 10142 9778
f 10142 2541 10139
f 9778 10139 143
f 10142 10139 9778
f 2544 10154 10153
f 10154 2541 10142
f 10153 10142 2455
f 10154 10142 10153
f 641 10208 10197
f 10208 2556 10212
f 10197 10212 2554
f 10208 10212 10197
f 2556 10207 10210
f 10207 639 10152
f 10210 10152 2544
f 10207 10152 10210
f 2554 10199 10196
f 10199 2544 10151
f 10196 10151 620
f 10199 10151 10196
f 2556 10210 10212
f 10210 2544 10199
f 10212 10199 2554
f 10210 10199 10212
f 42 9705 9901
f 9705 2435 9903
f 9901 9903 2485
f 9705 9903 9901
f 2435 9706 9908
f 9706 614 9906
f 9908 9906 2487
f 9706 9906 9908
f 2485 9909 9902
f 9909 2487 9907
f 9902 9907 627
f 9909 9907 9902
f 2435 9908 9903
f 9908 2487 9909
f 9903 9909 2485
f 9908 9909 9903
f 614 9708 9957
f 9708 2436 9959
f 9957 9959 2499
f 9708 9959 9957
f 2436 9707 9951
f 9707 157 9949
f 9951 9949 2497
f 9707 9949 9951
f 2499 9961 9958
f 9961 2497 9950
f 9958 9950 630
f 9961 9950 9958
f 2436 9951 9959
f 9951 2497 9961
f 9959 9961 2499
f 9951 9961 9959
f 627 9967 9905
f 9967 2501 9969
f 9905 9969 2486
f 9967 9969 9905
f 2501 9968 9971
f 9968 630 9954
f 9971 9954 2498
f 9968 9954 9971
f 2486 9955 9904
f 9955 2498 9953
f 9904 9953 160
f 9955 9953 9904
f 2501 9971 9969
f 9971 2498 9955
f 9969 9955 2486
f 9971 9955 9969
f 614 9957 9906
f 9957 2499 9960
f 9906 9960 2487
f 9957 9960 9906
f 2499 9958 9972
f 9958 630 9968
f 9972 9968 2501
f 9958 9968 9972
f 2487 9970 9907
f 9970 2501 9967
f 9907 9967 627
f 9970 9967 9907
f 2499 9972 9960
f 9972 2501 9970
f 9960 9970 2487
f 9972 9970 9960
f 157 9695 9729
f 9695 2432 9731
f 9729 9731 2442
f 9695 9731 9729
f 2432 9696 9739
f 9696 613 9737
f 9739 9737 2444
f 9696 9737 9739
f 2442 9741 9730
f 9741 2444 9738
f 9730 9738 616
f 9741 9738 9730
f 2432 9739 9731
f 9739 2444 9741
f 9731 9741 2442
f 9739 9741 9731
f 613 9692 9702
f 9692 2431 9704
f 9702 9704 2434
f 9692 9704 9702
f 2431 9691 9694
f 9691 11 7357
f 9694 7357 1858
f 9691 7357 9694
f 2434 9703 9701
f 9703 1858 7358
f 9701 7358 475
f 9703 7358 9701
f 2431 9694 9704
f 9694 1858 9703
f 9704 9703 2434
f 9694 9703 9704
f 616 9733 9727
f 9733 2443 9736
f 9727 9736 2441
f 9733 9736 9727
f 2443 9732 9734
f 9732 475 7360
f 9734 7360 1859
f 9732 7360 9734
f 2441 9728 9726
f 9728 1859 7359
f 9726 7359 125
f 9728 7359 9726
f 2443 9734 9736
f 9734 1859 9728
f 9736 9728 2441
f 9734 9728 9736
f 613 9702 9737
f 9702 2434 9740
f 9737 9740 2444
f 9702 9740 9737
f 2434 9701 9735
f 9701 475 9732
f 9735 9732 2443
f 9701 9732 9735
f 2444 9742 9738
f 9742 2443 9733
f 9738 9733 616
f 9742 9733 9738
f 2434 9735 9740
f 9735 2443 9742
f 9740 9742 2444
f 9735 9742 9740
f 160 9914 9891
f 9914 2489 9916
f 9891 9916 2482
f 9914 9916 9891
f 2489 9915 9930
f 9915 628 9927
f 9930 9927 2492
f 9915 9927 9930
f 2482 9928 9892
f 9928 2492 9926
f 9892 9926 626
f 9928 9926 9892
f 2489 9930 9916
f 9930 2492 9928
f 9916 9928 2482
f 9930 9928 9916
f 628 9911 9918
f 9911 2488 9921
f 9918 9921 2490
f 9911 9921 9918
f 2488 9910 9912
f 9910 125 7363
f 9912 7363 1861
f 9910 7363 9912
f 2490 9919 9917
f 9919 1861 7364
f 9917 7364 476
f 9919 7364 9917
f 2488 9912 9921
f 9912 1861 9919
f 9921 9919 2490
f 9912 9919 9921
f 626 9894 9888
f 9894 2483 9896
f 9888 9896 2481
f 9894 9896 9888
f 2483 9893 9895
f 9893 476 7362
f 9895 7362 1860
f 9893 7362 9895
f 2481 9889 9887
f 9889 1860 7361
f 9887 7361 35
f 9889 7361 9887
f 2483 9895 9896
f 9895 1860 9889
f 9896 9889 2481
f 9895 9889 9896
f 628 9918 9927
f 9918 2490 9931
f 9927 9931 2492
f 9918 9931 9927
f 2490 9917 9920
f 9917 476 9893
f 9920 9893 2483
f 9917 9893 9920
f 2492 9929 9926
f 9929 2483 9894
f 9926 9894 626
f 9929 9894 9926
f 2490 9920 9931
f 9920 2483 9929
f 9931 9929 2492
f 9920 9929 9931
f 157 9729 9949
f 9729 2442 9952
f 9949 9952 2497
f 9729 9952 9949
f 2442 9730 9964
f 9730 616 9962
f 9964 9962 2500
f 9730 9962 9964
f 2497 9966 9950
f 9966 2500 9963
f 9950 9963 630
f 9966 9963 9950
f 2442 9964 9952
f 9964 2500 9966
f 9952 9966 2497
f 9964 9966 9952
f 616 9727 9922
f 9727 2441 9924
f 9922 9924 2491
f 9727 9924 9922
f 2441 9726 9913
f 9726 125 9910
f 9913 9910 2488
f 9726 9910 9913
f 2491 9925 9923
f 9925 2488 9911
f 9923 9911 628
f 9925 9911 9923
f 2441 9913 9924
f 9913 2488 9925
f 9924 9925 2491
f 9913 9925 9924
f 630 9974 9954
f 9974 2502 9977
f 9954 9977 2498
f 9974 9977 9954
f 2502 9973 9975
f 9973 628 9915
f 9975 9915 2489
f 9973 9915 9975
f 2498 9956 9953
f 9956 2489 9914
f 9953 9914 160
f 9956 9914 9953
f 2502 9975 9977
f 9975 2489 9956
f 9977 9956 2498
f 9975 9956 9977
f 616 9922 9962
f 9922 2491 9965
f 9962 9965 2500
f 9922 9965 9962
f 2491 9923 9976
f 9923 628 9973
f 9976 9973 2502
f 9923 9973 9976
f 2500 9978 9963
f 9978 2502 9974
f 9963 9974 630
f 9978 9974 9963
f 2491 9976 9965
f 9976 2502 9978
f 9965 9978 2500
f 9976 9978 9965
f 39 8702 8577
f 8702 2193 8704
f 8577 8704 2159
f 8702 8704 8577
f 2193 8703 8710
f 8703 558 8708
f 8710 8708 2195
f 8703 8708 8710
f 2159 8709 8578
f 8709 2195 8707
f 8578 8707 548
f 8709 8707 8578
f 2193 8710 8704
f 8710 2195 8709
f 8704 8709 2159
f 8710 8709 8704
f 558 8706 8751
f 8706 2194 8753
f 8751 8753 2205
f 8706 8753 8751
f 2194 8705 8739
f 8705 145 8737
f 8739 8737 2202
f 8705 8737 8739
f 2205 8755 8752
f 8755 2202 8738
f 8752 8738 560
f 8755 8738 8752
f 2194 8739 8753
f 8739 2202 8755
f 8753 8755 2205
f 8739 8755 8753
f 548 8741 8580
f 8741 2203 8743
f 8580 8743 2160
f 8741 8743 8580
f 2203 8742 8745
f 8742 560 8734
f 8745 8734 2201
f 8742 8734 8745
f 2160 8735 8579
f 8735 2201 8733
f 8579 8733 142
f 8735 8733 8579
f 2203 8745 8743
f 8745 2201 8735
f 8743 8735 2160
f 8745 8735 8743
f 558 8751 8708
f 8751 2205 8754
f 8708 8754 2195
f 8751 8754 8708
f 2205 8752 8756
f 8752 560 8742
f 8756 8742 2203
f 8752 8742 8756
f 2195 8744 8707
f 8744 2203 8741
f 8707 8741 548
f 8744 8741 8707
f 2205 8756 8754
f 8756 2203 8744
f 8754 8744 2195
f 8756 8744 8754
f 145 8696 8715
f 8696 2191 8717
f 8715 8717 2197
f 8696 8717 8715
f 2191 8697 8729
f 8697 557 8727
f 8729 8727 2200
f 8697 8727 8729
f 2197 8731 8716
f 8731 2200 8728
f 8716 8728 559
f 8731 8728 8716
f 2191 8729 8717
f 8729 2200 8731
f 8717 8731 2197
f 8729 8731 8717
f 557 8694 8699
f 8694 2190 8701
f 8699 8701 2192
f 8694 8701 8699
f 2190 8693 8695
f 8693 35 7336
f 8695 7336 1852
f 8693 7336 8695
f 2192 8700 8698
f 8700 1852 7337
f 8698 7337 473
f 8700 7337 8698
f 2190 8695 8701
f 8695 1852 8700
f 8701 8700 2192
f 8695 8700 8701
f 559 8719 8712
f 8719 2198 8722
f 8712 8722 2196
f 8719 8722 8712
f 2198 8718 8720
f 8718 473 7339
f 8720 7339 1853
f 8718 7339 8720
f 2196 8713 8711
f 8713 1853 7338
f 8711 7338 124
f 8713 7338 8711
f 2198 8720 8722
f 8720 1853 8713
f 8722 8713 2196
f 8720 8713 8722
f 557 8699 8727
f 8699 2192 8730
f 8727 8730 2200
f 8699 8730 8727
f 2192 8698 8721
f 8698 473 8718
f 8721 8718 2198
f 8698 8718 8721
f 2200 8732 8728
f 8732 2198 8719
f 8728 8719 559
f 8732 8719 8728
f 2192 8721 8730
f 8721 2198 8732
f 8730 8732 2200
f 8721 8732 8730
f 142 8601 8567
f 8601 2166 8603
f 8567 8603 2156
f 8601 8603 8567
f 2166 8602 8613
f 8602 550 8610
f 8613 8610 2168
f 8602 8610 8613
f 2156 8611 8568
f 8611 2168 8609
f 8568 8609 547
f 8611 8609 8568
f 2166 8613 8603
f 8613 2168 8611
f 8603 8611 2156
f 8613 8611 8603
f 550 8599 8605
f 8599 2165 8608
f 8605 8608 2167
f 8599 8608 8605
f 2165 8598 8600
f 8598 124 7330
f 8600 7330 1850
f 8598 7330 8600
f 2167 8606 8604
f 8606 1850 7331
f 8604 7331 472
f 8606 7331 8604
f 2165 8600 8608
f 8600 1850 8606
f 8608 8606 2167
f 8600 8606 8608
f 547 8574 8564
f 8574 2158 8576
f 8564 8576 2155
f 8574 8576 8564
f 2158 8573 8575
f 8573 472 7328
f 8575 7328 1849
f 8573 7328 8575
f 2155 8566 8563
f 8566 1849 7327
f 8563 7327 3
f 8566 7327 8563
f 2158 8575 8576
f 8575 1849 8566
f 8576 8566 2155
f 8575 8566 8576
f 550 8605 8610
f 8605 2167 8614
f 8610 8614 2168
f 8605 8614 8610
f 2167 8604 8607
f 8604 472 8573
f 8607 8573 2158
f 8604 8573 8607
f 2168 8612 8609
f 8612 2158 8574
f 8609 8574 547
f 8612 8574 8609
f 2167 8607 8614
f 8607 2158 8612
f 8614 8612 2168
f 8607 8612 8614
f 145 8715 8737
f 8715 2197 8740
f 8737 8740 2202
f 8715 8740 8737
f 2197 8716 8759
f 8716 559 8757
f 8759 8757 2206
f 8716 8757 8759
f 2202 8761 8738
f 8761 2206 8758
f 8738 8758 560
f 8761 8758 8738
f 2197 8759 8740
f 8759 2206 8761
f 8740 8761 2202
f 8759 8761 8740
f 559 8712 8724
f 8712 2196 8726
f 8724 8726 2199
f 8712 8726 8724
f 2196 8711 8714
f 8711 124 8598
f 8714 8598 2165
f 8711 8598 8714
f 2199 8725 8723
f 8725 2165 8599
f 8723 8599 550
f 8725 8599 8723
f 2196 8714 8726
f 8714 2165 8725
f 8726 8725 2199
f 8714 8725 8726
f 560 8747 8734
f 8747 2204 8750
f 8734 8750 2201
f 8747 8750 8734
f 2204 8746 8748
f 8746 550 8602
f 8748 8602 2166
f 8746 8602 8748
f 2201 8736 8733
f 8736 2166 8601
f 8733 8601 142
f 8736 8601 8733
f 2204 8748 8750
f 8748 2166 8736
f 8750 8736 2201
f 8748 8736 8750
f 559 8724 8757
f 8724 2199 8760
f 8757 8760 2206
f 8724 8760 8757
f 2199 8723 8749
f 8723 550 8746
f 8749 8746 2204
f 8723 8746 8749
f 2206 8762 8758
f 8762 2204 8747
f 8758 8747 560
f 8762 8747 8758
f 2199 8749 8760
f 8749 2204 8762
f 8760 8762 2206
f 8749 8762 8760
f 42 9901 10125
f 9901 2485 10128
f 10125 10128 2537
f 9901 10128 10125
f 2485 9902 10137
f 9902 627 10135
f 10137 10135 2540
f 9902 10135 10137
f 2537 10138 10126
f 10138 2540 10136
f 10126 10136 638
f 10138 10136 10126
f 2485 10137 10128
f 10137 2540 10138
f 10128 10138 2537
f 10137 10138 10128
f 627 9905 10221
f 9905 2486 10223
f 10221 10223 2559
f 9905 10223 10221
f 2486 9904 10215
f 9904 160 10213
f 10215 10213 2557
f 9904 10213 10215
f 2559 10225 10222
f 10225 2557 10214
f 10222 10214 642
f 10225 10214 10222
f 2486 10215 10223
f 10215 2557 10225
f 10223 10225 2559
f 10215 10225 10223
f 638 10231 10130
f 10231 2561 10233
f 10130 10233 2538
f 10231 10233 10130
f 2561 10232 10235
f 10232 642 10218
f 10235 10218 2558
f 10232 10218 10235
f 2538 10219 10129
f 10219 2558 10217
f 10129 10217 162
f 10219 10217 10129
f 2561 10235 10233
f 10235 2558 10219
f 10233 10219 2538
f 10235 10219 10233
f 627 10221 10135
f 10221 2559 10224
f 10135 10224 2540
f 10221 10224 10135
f 2559 10222 10236
f 10222 642 10232
f 10236 10232 2561
f 10222 10232 10236
f 2540 10234 10136
f 10234 2561 10231
f 10136 10231 638
f 10234 10231 10136
f 2559 10236 10224
f 10236 2561 10234
f 10224 10234 2540
f 10236 10234 10224
f 160 9891 9935
f 9891 2482 9937
f 9935 9937 2494
f 9891 9937 9935
f 2482 9892 9945
f 9892 626 9943
f 9945 9943 2496
f 9892 9943 9945
f 2494 9947 9936
f 9947 2496 9944
f 9936 9944 629
f 9947 9944 9936
f 2482 9945 9937
f 9945 2496 9947
f 9937 9947 2494
f 9945 9947 9937
f 626 9888 9898
f 9888 2481 9900
f 9898 9900 2484
f 9888 9900 9898
f 2481 9887 9890
f 9887 35 8693
f 9890 8693 2190
f 9887 8693 9890
f 2484 9899 9897
f 9899 2190 8694
f 9897 8694 557
f 9899 8694 9897
f 2481 9890 9900
f 9890 2190 9899
f 9900 9899 2484
f 9890 9899 9900
f 629 9939 9933
f 9939 2495 9942
f 9933 9942 2493
f 9939 9942 9933
f 2495 9938 9940
f 9938 557 8697
f 9940 8697 2191
f 9938 8697 9940
f 2493 9934 9932
f 9934 2191 8696
f 9932 8696 145
f 9934 8696 9932
f 2495 9940 9942
f 9940 2191 9934
f 9942 9934 2493
f 9940 9934 9942
f 626 9898 9943
f 9898 2484 9946
f 9943 9946 2496
f 9898 9946 9943
f 2484 9897 9941
f 9897 557 9938
f 9941 9938 2495
f 9897 9938 9941
f 2496 9948 9944
f 9948 2495 9939
f 9944 9939 629
f 9948 9939 9944
f 2484 9941 9946
f 9941 2495 9948
f 9946 9948 2496
f 9941 9948 9946
f 162 10165 10115
f 10165 2547 10167
f 10115 10167 2534
f 10165 10167 10115
f 2547 10166 10181
f 10166 640 10178
f 10181 10178 2550
f 10166 10178 10181
f 2534 10179 10116
f 10179 2550 10177
f 10116 10177 637
f 10179 10177 10116
f 2547 10181 10167
f 10181 2550 10179
f 10167 10179 2534
f 10181 10179 10167
f 640 10162 10169
f 10162 2546 10172
f 10169 10172 2548
f 10162 10172 10169
f 2546 10161 10163
f 10161 145 8705
f 10163 8705 2194
f 10161 8705 10163
f 2548 10170 10168
f 10170 2194 8706
f 10168 8706 558
f 10170 8706 10168
f 2546 10163 10172
f 10163 2194 10170
f 10172 10170 2548
f 10163 10170 10172
f 637 10122 10112
f 10122 2536 10124
f 10112 10124 2533
f 10122 10124 10112
f 2536 10121 10123
f 10121 558 8703
f 10123 8703 2193
f 10121 8703 10123
f 2533 10114 10111
f 10114 2193 8702
f 10111 8702 39
f 10114 8702 10111
f 2536 10123 10124
f 10123 2193 10114
f 10124 10114 2533
f 10123 10114 10124
f 640 10169 10178
f 10169 2548 10182
f 10178 10182 2550
f 10169 10182 10178
f 2548 10168 10171
f 10168 558 10121
f 10171 10121 2536
f 10168 10121 10171
f 2550 10180 10177
f 10180 2536 10122
f 10177 10122 637
f 10180 10122 10177
f 2548 10171 10182
f 10171 2536 10180
f 10182 10180 2550
f 10171 10180 10182
f 160 9935 10213
f 9935 2494 10216
f 10213 10216 2557
f 9935 10216 10213
f 2494 9936 10228
f 9936 629 10226
f 10228 10226 2560
f 9936 10226 10228
f 2557 10230 10214
f 10230 2560 10227
f 10214 10227 642
f 10230 10227 10214
f 2494 10228 10216
f 10228 2560 10230
f 10216 10230 2557
f 10228 10230 10216
f 629 9933 10173
f 9933 2493 10175
f 10173 10175 2549
f 9933 10175 10173
f 2493 9932 10164
f 9932 145 10161
f 10164 10161 2546
f 9932 10161 10164
f 2549 10176 10174
f 10176 2546 10162
f 10174 10162 640
f 10176 10162 10174
f 2493 10164 10175
f 10164 2546 10176
f 10175 10176 2549
f 10164 10176 10175
f 642 10238 10218
f 10238 2562 10241
f 10218 10241 2558
f 10238 10241 10218
f 2562 10237 10239
f 10237 640 10166
f 10239 10166 2547
f 10237 10166 10239
f 2558 10220 10217
f 10220 2547 10165
f 10217 10165 162
f 10220 10165 10217
f 2562 10239 10241
f 10239 2547 10220
f 10241 10220 2558
f 10239 10220 10241
f 629 10173 10226
f 10173 2549 10229
f 10226 10229 2560
f 10173 10229 10226
f 2549 10174 10240
f 10174 640 10237
f 10240 10237 2562
f 10174 10237 10240
f 2560 10242 10227
f 10242 2562 10238
f 10227 10238 642
f 10242 10238 10227
f 2549 10240 10229
f 10240 2562 10242
f 10229 10242 2560
f 10240 10242 10229
f 11 7863 7487
f 7863 1985 7866
f 7487 7866 1893
f 7863 7866 7487
f 1985 7864 7876
f 7864 507 7874
f 7876 7874 1988
f 7864 7874 7876
f 1893 7875 7488
f 7875 1988 7873
f 7488 7873 485
f 7875 7873 7488
f 1985 7876 7866
f 7876 1988 7875
f 7866 7875 1893
f 7876 7875 7866
f 507 7868 7909
f 7868 1986 7911
f 7909 7911 1998
f 7868 7911 7909
f 1986 7867 7903
f 7867 133 7901
f 7903 7901 1996
f 7867 7901 7903
f 1998 7913 7910
f 7913 1996 7902
f 7910 7902 510
f 7913 7902 7910
f 1986 7903 7911
f 7903 1996 7913
f 7911 7913 1998
f 7903 7913 7911
f 485 7904 7491
f 7904 1997 7906
f 7491 7906 1894
f 7904 7906 7491
f 1997 7905 7908
f 7905 510 7899
f 7908 7899 1995
f 7905 7899 7908
f 1894 7900 7490
f 7900 1995 7898
f 7490 7898 128
f 7900 7898 7490
f 1997 7908 7906
f 7908 1995 7900
f 7906 7900 1894
f 7908 7900 7906
f 507 7909 7874
f 7909 1998 7912
f 7874 7912 1988
f 7909 7912 7874
f 1998 7910 7914
f 7910 510 7905
f 7914 7905 1997
f 7910 7905 7914
f 1988 7907 7873
f 7907 1997 7904
f 7873 7904 485
f 7907 7904 7873
f 1998 7914 7912
f 7914 1997 7907
f 7912 7907 1988
f 7914 7907 7912
f 133 7879 8303
f 7879 1990 8305
f 8303 8305 2091
f 7879 8305 8303
f 1990 7880 8313
f 7880 508 8311
f 8313 8311 2093
f 7880 8311 8313
f 2091 8315 8304
f 8315 2093 8312
f 8304 8312 531
f 8315 8312 8304
f 1990 8313 8305
f 8313 2093 8315
f 8305 8315 2091
f 8313 8315 8305
f 508 7878 8251
f 7878 1989 8253
f 8251 8253 2079
f 7878 8253 8251
f 1989 7877 8247
f 7877 37 8245
f 8247 8245 2077
f 7877 8245 8247
f 2079 8254 8252
f 8254 2077 8246
f 8252 8246 528
f 8254 8246 8252
f 1989 8247 8253
f 8247 2077 8254
f 8253 8254 2079
f 8247 8254 8253
f 531 8322 8308
f 8322 2095 8325
f 8308 8325 2092
f 8322 8325 8308
f 2095 8321 8323
f 8321 528 8250
f 8323 8250 2078
f 8321 8250 8323
f 2092 8309 8307
f 8309 2078 8249
f 8307 8249 137
f 8309 8249 8307
f 2095 8323 8325
f 8323 2078 8309
f 8325 8309 2092
f 8323 8309 8325
f 508 8251 8311
f 8251 2079 8314
f 8311 8314 2093
f 8251 8314 8311
f 2079 8252 8324
f 8252 528 8321
f 8324 8321 2095
f 8252 8321 8324
f 2093 8326 8312
f 8326 2095 8322
f 8312 8322 531
f 8326 8322 8312
f 2079 8324 8314
f 8324 2095 8326
f 8314 8326 2093
f 8324 8326 8314
f 128 8259 7498
f 8259 2081 8261
f 7498 8261 1897
f 8259 8261 7498
f 2081 8260 8270
f 8260 529 8267
f 8270 8267 2083
f 8260 8267 8270
f 1897 8268 7499
f 8268 2083 8266
f 7499 8266 486
f 8268 8266 7499
f 2081 8270 8261
f 8270 2083 8268
f 8261 8268 1897
f 8270 8268 8261
f 529 8264 8276
f 8264 2082 8279
f 8276 8279 2085
f 8264 8279 8276
f 2082 8263 8265
f 8263 137 8235
f 8265 8235 2074
f 8263 8235 8265
f 2085 8277 8275
f 8277 2074 8236
f 8275 8236 527
f 8277 8236 8275
f 2082 8265 8279
f 8265 2074 8277
f 8279 8277 2085
f 8265 8277 8279
f 486 8237 7497
f 8237 2075 8239
f 7497 8239 1896
f 8237 8239 7497
f 2075 8238 8240
f 8238 527 8232
f 8240 8232 2073
f 8238 8232 8240
f 1896 8233 7496
f 8233 2073 8231
f 7496 8231 36
f 8233 8231 7496
f 2075 8240 8239
f 8240 2073 8233
f 8239 8233 1896
f 8240 8233 8239
f 529 8276 8267
f 8276 2085 8280
f 8267 8280 2083
f 8276 8280 8267
f 2085 8275 8278
f 8275 527 8238
f 8278 8238 2075
f 8275 8238 8278
f 2083 8269 8266
f 8269 2075 8237
f 8266 8237 486
f 8269 8237 8266
f 2085 8278 8280
f 8278 2075 8269
f 8280 8269 2083
f 8278 8269 8280
f 133 8303 7901
f 8303 2091 8306
f 7901 8306 1996
f 8303 8306 7901
f 2091 8304 8320
f 8304 531 8317
f 8320 8317 2094
f 8304 8317 8320
f 1996 8318 7902
f 8318 2094 8316
f 7902 8316 510
f 8318 8316 7902
f 2091 8320 8306
f 8320 2094 8318
f 8306 8318 1996
f 8320 8318 8306
f 531 8308 8328
f 8308 2092 8331
f 8328 8331 2096
f 8308 8331 8328
f 2092 8307 8310
f 8307 137 8263
f 8310 8263 2082
f 8307 8263 8310
f 2096 8329 8327
f 8329 2082 8264
f 8327 8264 529
f 8329 8264 8327
f 2092 8310 8331
f 8310 2082 8329
f 8331 8329 2096
f 8310 8329 8331
f 510 8271 7899
f 8271 2084 8273
f 7899 8273 1995
f 8271 8273 7899
f 2084 8272 8274
f 8272 529 8260
f 8274 8260 2081
f 8272 8260 8274
f 1995 8262 7898
f 8262 2081 8259
f 7898 8259 128
f 8262 8259 7898
f 2084 8274 8273
f 8274 2081 8262
f 8273 8262 1995
f 8274 8262 8273
f 531 8328 8317
f 8328 2096 8332
f 8317 8332 2094
f 8328 8332 8317
f 2096 8327 8330
f 8327 529 8272
f 8330 8272 2084
f 8327 8272 8330
f 2094 8319 8316
f 8319 2084 8271
f 8316 8271 510
f 8319 8271 8316
f 2096 8330 8332
f 8330 2084 8319
f 8332 8319 2094
f 8330 8319 8332
f 37 7825 8021
f 7825 1975 8023
f 8021 8023 2025
f 7825 8023 8021
f 1975 7826 8028
f 7826 504 8026
f 8028 8026 2027
f 7826 8026 8028
f 2025 8029 8022
f 8029 2027 8027
f 8022 8027 517
f 8029 8027 8022
f 1975 8028 8023
f 8028 2027 8029
f 8023 8029 2025
f 8028 8029 8023
f 504 7828 8077
f 7828 1976 8079
f 8077 8079 2039
f 7828 8079 8077
f 1976 7827 8071
f 7827 132 8069
f 8071 8069 2037
f 7827 8069 8071
f 2039 8081 8078
f 8081 2037 8070
f 8078 8070 520
f 8081 8070 8078
f 1976 8071 8079
f 8071 2037 8081
f 8079 8081 2039
f 8071 8081 8079
f 517 8087 8025
f 8087 2041 8089
f 8025 8089 2026
f 8087 8089 8025
f 2041 8088 8091
f 8088 520 8074
f 8091 8074 2038
f 8088 8074 8091
f 2026 8075 8024
f 8075 2038 8073
f 8024 8073 135
f 8075 8073 8024
f 2041 8091 8089
f 8091 2038 8075
f 8089 8075 2026
f 8091 8075 8089
f 504 8077 8026
f 8077 2039 8080
f 8026 8080 2027
f 8077 8080 8026
f 2039 8078 8092
f 8078 520 8088
f 8092 8088 2041
f 8078 8088 8092
f 2027 8090 8027
f 8090 2041 8087
f 8027 8087 517
f 8090 8087 8027
f 2039 8092 8080
f 8092 2041 8090
f 8080 8090 2027
f 8092 8090 8080
f 132 7815 7849
f 7815 1972 7851
f 7849 7851 1982
f 7815 7851 7849
f 1972 7816 7859
f 7816 503 7857
f 7859 7857 1984
f 7816 7857 7859
f 1982 7861 7850
f 7861 1984 7858
f 7850 7858 506
f 7861 7858 7850
f 1972 7859 7851
f 7859 1984 7861
f 7851 7861 1982
f 7859 7861 7851
f 503 7812 7822
f 7812 1971 7824
f 7822 7824 1974
f 7812 7824 7822
f 1971 7811 7814
f 7811 8 4187
f 7814 4187 1071
f 7811 4187 7814
f 1974 7823 7821
f 7823 1071 4188
f 7821 4188 281
f 7823 4188 7821
f 1971 7814 7824
f 7814 1071 7823
f 7824 7823 1974
f 7814 7823 7824
f 506 7853 7847
f 7853 1983 7856
f 7847 7856 1981
f 7853 7856 7847
f 1983 7852 7854
f 7852 281 4190
f 7854 4190 1072
f 7852 4190 7854
f 1981 7848 7846
f 7848 1072 4189
f 7846 4189 78
f 7848 4189 7846
f 1983 7854 7856
f 7854 1072 7848
f 7856 7848 1981
f 7854 7848 7856
f 503 7822 7857
f 7822 1974 7860
f 7857 7860 1984
f 7822 7860 7857
f 1974 7821 7855
f 7821 281 7852
f 7855 7852 1983
f 7821 7852 7855
f 1984 7862 7858
f 7862 1983 7853
f 7858 7853 506
f 7862 7853 7858
f 1974 7855 7860
f 7855 1983 7862
f 7860 7862 1984
f 7855 7862 7860
f 135 8034 8011
f 8034 2029 8036
f 8011 8036 2022
f 8034 8036 8011
f 2029 8035 8050
f 8035 518 8047
f 8050 8047 2032
f 8035 8047 8050
f 2022 8048 8012
f 8048 2032 8046
f 8012 8046 516
f 8048 8046 8012
f 2029 8050 8036
f 8050 2032 8048
f 8036 8048 2022
f 8050 8048 8036
f 518 8031 8038
f 8031 2028 8041
f 8038 8041 2030
f 8031 8041 8038
f 2028 8030 8032
f 8030 78 4193
f 8032 4193 1074
f 8030 4193 8032
f 2030 8039 8037
f 8039 1074 4194
f 8037 4194 282
f 8039 4194 8037
f 2028 8032 8041
f 8032 1074 8039
f 8041 8039 2030
f 8032 8039 8041
f 516 8014 8008
f 8014 2023 8016
f 8008 8016 2021
f 8014 8016 8008
f 2023 8013 8015
f 8013 282 4192
f 8015 4192 1073
f 8013 4192 8015
f 2021 8009 8007
f 8009 1073 4191
f 8007 4191 24
f 8009 4191 8007
f 2023 8015 8016
f 8015 1073 8009
f 8016 8009 2021
f 8015 8009 8016
f 518 8038 8047
f 8038 2030 8051
f 8047 8051 2032
f 8038 8051 8047
f 2030 8037 8040
f 8037 282 8013
f 8040 8013 2023
f 8037 8013 8040
f 2032 8049 8046
f 8049 2023 8014
f 8046 8014 516
f 8049 8014 8046
f 2030 8040 8051
f 8040 2023 8049
f 8051 8049 2032
f 8040 8049 8051
f 132 7849 8069
f 7849 1982 8072
f 8069 8072 2037
f 7849 8072 8069
f 1982 7850 8084
f 7850 506 8082
f 8084 8082 2040
f 7850 8082 8084
f 2037 8086 8070
f 8086 2040 8083
f 8070 8083 520
f 8086 8083 8070
f 1982 8084 8072
f 8084 2040 8086
f 8072 8086 2037
f 8084 8086 8072
f 506 7847 8042
f 7847 1981 8044
f 8042 8044 2031
f 7847 8044 8042
f 1981 7846 8033
f 7846 78 8030
f 8033 8030 2028
f 7846 8030 8033
f 2031 8045 8043
f 8045 2028 8031
f 8043 8031 518
f 8045 8031 8043
f 1981 8033 8044
f 8033 2028 8045
f 8044 8045 2031
f 8033 8045 8044
f 520 8094 8074
f 8094 2042 8097
f 8074 8097 2038
f 8094 8097 8074
f 2042 8093 8095
f 8093 518 8035
f 8095 8035 2029
f 8093 8035 8095
f 2038 8076 8073
f 8076 2029 8034
f 8073 8034 135
f 8076 8034 8073
f 2042 8095 8097
f 8095 2029 8076
f 8097 8076 2038
f 8095 8076 8097
f 506 8042 8082
f 8042 2031 8085
f 8082 8085 2040
f 8042 8085 8082
f 2031 8043 8096
f 8043 518 8093
f 8096 8093 2042
f 8043 8093 8096
f 2040 8098 8083
f 8098 2042 8094
f 8083 8094 520
f 8098 8094 8083
f 2031 8096 8085
f 8096 2042 8098
f 8085 8098 2040
f 8096 8098 8085
f 36 7618 7449
f 7618 1927 7620
f 7449 7620 1883
f 7618 7620 7449
f 1927 7619 7626
f 7619 494 7624
f 7626 7624 1929
f 7619 7624 7626
f 1883 7625 7450
f 7625 1929 7623
f 7450 7623 482
f 7625 7623 7450
f 1927 7626 7620
f 7626 1929 7625
f 7620 7625 1883
f 7626 7625 7620
f 494 7622 7667
f 7622 1928 7669
f 7667 7669 1939
f 7622 7669 7667
f 1928 7621 7655
f 7621 130 7653
f 7655 7653 1936
f 7621 7653 7655
f 1939 7671 7668
f 7671 1936 7654
f 7668 7654 496
f 7671 7654 7668
f 1928 7655 7669
f 7655 1936 7671
f 7669 7671 1939
f 7655 7671 7669
f 482 7657 7452
f 7657 1937 7659
f 7452 7659 1884
f 7657 7659 7452
f 1937 7658 7661
f 7658 496 7650
f 7661 7650 1935
f 7658 7650 7661
f 1884 7651 7451
f 7651 1935 7649
f 7451 7649 127
f 7651 7649 7451
f 1937 7661 7659
f 7661 1935 7651
f 7659 7651 1884
f 7661 7651 7659
f 494 7667 7624
f 7667 1939 7670
f 7624 7670 1929
f 7667 7670 7624
f 1939 7668 7672
f 7668 496 7658
f 7672 7658 1937
f 7668 7658 7672
f 1929 7660 7623
f 7660 1937 7657
f 7623 7657 482
f 7660 7657 7623
f 1939 7672 7670
f 7672 1937 7660
f 7670 7660 1929
f 7672 7660 7670
f 130 7612 7631
f 7612 1925 7633
f 7631 7633 1931
f 7612 7633 7631
f 1925 7613 7645
f 7613 493 7643
f 7645 7643 1934
f 7613 7643 7645
f 1931 7647 7632
f 7647 1934 7644
f 7632 7644 495
f 7647 7644 7632
f 1925 7645 7633
f 7645 1934 7647
f 7633 7647 1931
f 7645 7647 7633
f 493 7610 7615
f 7610 1924 7617
f 7615 7617 1926
f 7610 7617 7615
f 1924 7609 7611
f 7609 24 4183
f 7611 4183 1069
f 7609 4183 7611
f 1926 7616 7614
f 7616 1069 4184
f 7614 4184 280
f 7616 4184 7614
f 1924 7611 7617
f 7611 1069 7616
f 7617 7616 1926
f 7611 7616 7617
f 495 7635 7628
f 7635 1932 7638
f 7628 7638 1930
f 7635 7638 7628
f 1932 7634 7636
f 7634 280 4186
f 7636 4186 1070
f 7634 4186 7636
f 1930 7629 7627
f 7629 1070 4185
f 7627 4185 77
f 7629 4185 7627
f 1932 7636 7638
f 7636 1070 7629
f 7638 7629 1930
f 7636 7629 7638
f 493 7615 7643
f 7615 1926 7646
f 7643 7646 1934
f 7615 7646 7643
f 1926 7614 7637
f 7614 280 7634
f 7637 7634 1932
f 7614 7634 7637
f 1934 7648 7644
f 7648 1932 7635
f 7644 7635 495
f 7648 7635 7644
f 1926 7637 7646
f 7637 1932 7648
f 7646 7648 1934
f 7637 7648 7646
f 127 7473 7439
f 7473 1890 7475
f 7439 7475 1880
f 7473 7475 7439
f 1890 7474 7485
f 7474 484 7482
f 7485 7482 1892
f 7474 7482 7485
f 1880 7483 7440
f 7483 1892 7481
f 7440 7481 481
f 7483 7481 7440
f 1890 7485 7475
f 7485 1892 7483
f 7475 7483 1880
f 7485 7483 7475
f 484 7471 7477
f 7471 1889 7480
f 7477 7480 1891
f 7471 7480 7477
f 1889 7470 7472
f 7470 77 4181
f 7472 4181 1068
f 7470 4181 7472
f 1891 7478 7476
f 7478 1068 4182
f 7476 4182 279
f 7478 4182 7476
f 1889 7472 7480
f 7472 1068 7478
f 7480 7478 1891
f 7472 7478 7480
f 481 7446 7436
f 7446 1882 7448
f 7436 7448 1879
f 7446 7448 7436
f 1882 7445 7447
f 7445 279 4180
f 7447 4180 1067
f 7445 4180 7447
f 1879 7438 7435
f 7438 1067 4179
f 7435 4179 7
f 7438 4179 7435
f 1882 7447 7448
f 7447 1067 7438
f 7448 7438 1879
f 7447 7438 7448
f 484 7477 7482
f 7477 1891 7486
f 7482 7486 1892
f 7477 7486 7482
f 1891 7476 7479
f 7476 279 7445
f 7479 7445 1882
f 7476 7445 7479
f 1892 7484 7481
f 7484 1882 7446
f 7481 7446 481
f 7484 7446 7481
f 1891 7479 7486
f 7479 1882 7484
f 7486 7484 1892
f 7479 7484 7486
f 130 7631 7653
f 7631 1931 7656
f 7653 7656 1936
f 7631 7656 7653
f 1931 7632 7675
f 7632 495 7673
f 7675 7673 1940
f 7632 7673 7675
f 1936 7677 7654
f 7677 1940 7674
f 7654 7674 496
f 7677 7674 7654
f 1931 7675 7656
f 7675 1940 7677
f 7656 7677 1936
f 7675 7677 7656
f 495 7628 7640
f 7628 1930 7642
f 7640 7642 1933
f 7628 7642 7640
f 1930 7627 7630
f 7627 77 7470
f 7630 7470 1889
f 7627 7470 7630
f 1933 7641 7639
f 7641 1889 7471
f 7639 7471 484
f 7641 7471 7639
f 1930 7630 7642
f 7630 1889 7641
f 7642 7641 1933
f 7630 7641 7642
f 496 7663 7650
f 7663 1938 7666
f 7650 7666 1935
f 7663 7666 7650
f 1938 7662 7664
f 7662 484 7474
f 7664 7474 1890
f 7662 7474 7664
f 1935 7652 7649
f 7652 1890 7473
f 7649 7473 127
f 7652 7473 7649
f 1938 7664 7666
f 7664 1890 7652
f 7666 7652 1935
f 7664 7652 7666
f 495 7640 7673
f 7640 1933 7676
f 7673 7676 1940
f 7640 7676 7673
f 1933 7639 7665
f 7639 484 7662
f 7665 7662 1938
f 7639 7662 7665
f 1940 7678 7674
f 7678 1938 7663
f 7674 7663 496
f 7678 7663 7674
f 1933 7665 7676
f 7665 1938 7678
f 7676 7678 1940
f 7665 7678 7676
f 37 8021 8245
f 8021 2025 8248
f 8245 8248 2077
f 8021 8248 8245
f 2025 8022 8257
f 8022 517 8255
f 8257 8255 2080
f 8022 8255 8257
f 2077 8258 8246
f 8258 2080 8256
f 8246 8256 528
f 8258 8256 8246
f 2025 8257 8248
f 8257 2080 8258
f 8248 8258 2077
f 8257 8258 8248
f 517 8025 8341
f 8025 2026 8343
f 8341 8343 2099
f 8025 8343 8341
f 2026 8024 8335
f 8024 135 8333
f 8335 8333 2097
f 8024 8333 8335
f 2099 8345 8342
f 8345 2097 8334
f 8342 8334 532
f 8345 8334 8342
f 2026 8335 8343
f 8335 2097 8345
f 8343 8345 2099
f 8335 8345 8343
f 528 8351 8250
f 8351 2101 8353
f 8250 8353 2078
f 8351 8353 8250
f 2101 8352 8355
f 8352 532 8338
f 8355 8338 2098
f 8352 8338 8355
f 2078 8339 8249
f 8339 2098 8337
f 8249 8337 137
f 8339 8337 8249
f 2101 8355 8353
f 8355 2098 8339
f 8353 8339 2078
f 8355 8339 8353
f 517 8341 8255
f 8341 2099 8344
f 8255 8344 2080
f 8341 8344 8255
f 2099 8342 8356
f 8342 532 8352
f 8356 8352 2101
f 8342 8352 8356
f 2080 8354 8256
f 8354 2101 8351
f 8256 8351 528
f 8354 8351 8256
f 2099 8356 8344
f 8356 2101 8354
f 8344 8354 2080
f 8356 8354 8344
f 135 8011 8055
f 8011 2022 8057
f 8055 8057 2034
f 8011 8057 8055
f 2022 8012 8065
f 8012 516 8063
f 8065 8063 2036
f 8012 8063 8065
f 2034 8067 8056
f 8067 2036 8064
f 8056 8064 519
f 8067 8064 8056
f 2022 8065 8057
f 8065 2036 8067
f 8057 8067 2034
f 8065 8067 8057
f 516 8008 8018
f 8008 2021 8020
f 8018 8020 2024
f 8008 8020 8018
f 2021 8007 8010
f 8007 24 7609
f 8010 7609 1924
f 8007 7609 8010
f 2024 8019 8017
f 8019 1924 7610
f 8017 7610 493
f 8019 7610 8017
f 2021 8010 8020
f 8010 1924 8019
f 8020 8019 2024
f 8010 8019 8020
f 519 8059 8053
f 8059 2035 8062
f 8053 8062 2033
f 8059 8062 8053
f 2035 8058 8060
f 8058 493 7613
f 8060 7613 1925
f 8058 7613 8060
f 2033 8054 8052
f 8054 1925 7612
f 8052 7612 130
f 8054 7612 8052
f 2035 8060 8062
f 8060 1925 8054
f 8062 8054 2033
f 8060 8054 8062
f 516 8018 8063
f 8018 2024 8066
f 8063 8066 2036
f 8018 8066 8063
f 2024 8017 8061
f 8017 493 8058
f 8061 8058 2035
f 8017 8058 8061
f 2036 8068 8064
f 8068 2035 8059
f 8064 8059 519
f 8068 8059 8064
f 2024 8061 8066
f 8061 2035 8068
f 8066 8068 2036
f 8061 8068 8066
f 137 8285 8235
f 8285 2087 8287
f 8235 8287 2074
f 8285 8287 8235
f 2087 8286 8301
f 8286 530 8298
f 8301 8298 2090
f 8286 8298 8301
f 2074 8299 8236
f 8299 2090 8297
f 8236 8297 527
f 8299 8297 8236
f 2087 8301 8287
f 8301 2090 8299
f 8287 8299 2074
f 8301 8299 8287
f 530 8282 8289
f 8282 2086 8292
f 8289 8292 2088
f 8282 8292 8289
f 2086 8281 8283
f 8281 130 7621
f 8283 7621 1928
f 8281 7621 8283
f 2088 8290 8288
f 8290 1928 7622
f 8288 7622 494
f 8290 7622 8288
f 2086 8283 8292
f 8283 1928 8290
f 8292 8290 2088
f 8283 8290 8292
f 527 8242 8232
f 8242 2076 8244
f 8232 8244 2073
f 8242 8244 8232
f 2076 8241 8243
f 8241 494 7619
f 8243 7619 1927
f 8241 7619 8243
f 2073 8234 8231
f 8234 1927 7618
f 8231 7618 36
f 8234 7618 8231
f 2076 8243 8244
f 8243 1927 8234
f 8244 8234 2073
f 8243 8234 8244
f 530 8289 8298
f 8289 2088 8302
f 8298 8302 2090
f 8289 8302 8298
f 2088 8288 8291
f 8288 494 8241
f 8291 8241 2076
f 8288 8241 8291
f 2090 8300 8297
f 8300 2076 8242
f 8297 8242 527
f 8300 8242 8297
f 2088 8291 8302
f 8291 2076 8300
f 8302 8300 2090
f 8291 8300 8302
f 135 8055 8333
f 8055 2034 8336
f 8333 8336 2097
f 8055 8336 8333
f 2034 8056 8348
f 8056 519 8346
f 8348 8346 2100
f 8056 8346 8348
f 2097 8350 8334
f 8350 2100 8347
f 8334 8347 532
f 8350 8347 8334
f 2034 8348 8336
f 8348 2100 8350
f 8336 8350 2097
f 8348 8350 8336
f 519 8053 8293
f 8053 2033 8295
f 8293 8295 2089
f 8053 8295 8293
f 2033 8052 8284
f 8052 130 8281
f 8284 8281 2086
f 8052 8281 8284
f 2089 8296 8294
f 8296 2086 8282
f 8294 8282 530
f 8296 8282 8294
f 2033 8284 8295
f 8284 2086 8296
f 8295 8296 2089
f 8284 8296 8295
f 532 8358 8338
f 8358 2102 8361
f 8338 8361 2098
f 8358 8361 8338
f 2102 8357 8359
f 8357 530 8286
f 8359 8286 2087
f 8357 8286 8359
f 2098 8340 8337
f 8340 2087 8285
f 8337 8285 137
f 8340 8285 8337
f 2102 8359 8361
f 8359 2087 8340
f 8361 8340 2098
f 8359 8340 8361
f 519 8293 8346
f 8293 2089 8349
f 8346 8349 2100
f 8293 8349 8346
f 2089 8294 8360
f 8294 530 8357
f 8360 8357 2102
f 8294 8357 8360
f 2100 8362 8347
f 8362 2102 8358
f 8347 8358 532
f 8362 8358 8347
f 2089 8360 8349
f 8360 2102 8362
f 8349 8362 2100
f 8360 8362 8349
f 8 3925 4787
f 3925 1006 4789
f 4787 4789 1227
f 3925 4789 4787
f 1006 3926 4795
f 3926 265 4793
f 4795 4793 1229
f 3926 4793 4795
f 1227 4796 4788
f 4796 1229 4794
f 4788 4794 323
f 4796 4794 4788
f 1006 4795 4789
f 4795 1229 4796
f 4789 4796 1227
f 4795 4796 4789
f 265 3929 4811
f 3929 1007 4813
f 4811 4813 1235
f 3929 4813 4811
f 1007 3928 4807
f 3928 74 4805
f 4807 4805 1233
f 3928 4805 4807
f 1235 4815 4812
f 4815 1233 4806
f 4812 4806 325
f 4815 4806 4812
f 1007 4807 4813
f 4807 1233 4815
f 4813 4815 1235
f 4807 4815 4813
f 323 4816 4792
f 4816 1236 4818
f 4792 4818 1228
f 4816 4818 4792
f 1236 4817 4820
f 4817 325 4809
f 4820 4809 1234
f 4817 4809 4820
f 1228 4810 4791
f 4810 1234 4808
f 4791 4808 90
f 4810 4808 4791
f 1236 4820 4818
f 4820 1234 4810
f 4818 4810 1228
f 4820 4810 4818
f 265 4811 4793
f 4811 1235 4814
f 4793 4814 1229
f 4811 4814 4793
f 1235 4812 4821
f 4812 325 4817
f 4821 4817 1236
f 4812 4817 4821
f 1229 4819 4794
f 4819 1236 4816
f 4794 4816 323
f 4819 4816 4794
f 1235 4821 4814
f 4821 1236 4819
f 4814 4819 1229
f 4821 4819 4814
f 74 3936 4914
f 3936 1010 4916
f 4914 4916 1262
f 3936 4916 4914
f 1010 3937 4923
f 3937 266 4921
f 4923 4921 1264
f 3937 4921 4923
f 1262 4925 4915
f 4925 1264 4922
f 4915 4922 333
f 4925 4922 4915
f 1010 4923 4916
f 4923 1264 4925
f 4916 4925 1262
f 4923 4925 4916
f 266 3935 4897
f 3935 1009 4899
f 4897 4899 1257
f 3935 4899 4897
f 1009 3934 4893
f 3934 23 4891
f 4893 4891 1255
f 3934 4891 4893
f 1257 4900 4898
f 4900 1255 4892
f 4898 4892 331
f 4900 4892 4898
f 1009 4893 4899
f 4893 1255 4900
f 4899 4900 1257
f 4893 4900 4899
f 333 4931 4919
f 4931 1266 4934
f 4919 4934 1263
f 4931 4934 4919
f 1266 4930 4932
f 4930 331 4896
f 4932 4896 1256
f 4930 4896 4932
f 1263 4920 4918
f 4920 1256 4895
f 4918 4895 92
f 4920 4895 4918
f 1266 4932 4934
f 4932 1256 4920
f 4934 4920 1263
f 4932 4920 4934
f 266 4897 4921
f 4897 1257 4924
f 4921 4924 1264
f 4897 4924 4921
f 1257 4898 4933
f 4898 331 4930
f 4933 4930 1266
f 4898 4930 4933
f 1264 4935 4922
f 4935 1266 4931
f 4922 4931 333
f 4935 4931 4922
f 1257 4933 4924
f 4933 1266 4935
f 4924 4935 1264
f 4933 4935 4924
f 90 4953 4803
f 4953 1271 4955
f 4803 4955 1232
f 4953 4955 4803
f 1271 4954 4965
f 4954 335 4962
f 4965 4962 1273
f 4954 4962 4965
f 1232 4963 4804
f 4963 1273 4961
f 4804 4961 324
f 4963 4961 4804
f 1271 4965 4955
f 4965 1273 4963
f 4955 4963 1232
f 4965 4963 4955
f 335 4958 4972
f 4958 1272 4975
f 4972 4975 1275
f 4958 4975 4972
f 1272 4957 4959
f 4957 92 4908
f 4959 4908 1260
f 4957 4908 4959
f 1275 4973 4971
f 4973 1260 4909
f 4971 4909 332
f 4973 4909 4971
f 1272 4959 4975
f 4959 1260 4973
f 4975 4973 1275
f 4959 4973 4975
f 324 4910 4802
f 4910 1261 4912
f 4802 4912 1231
f 4910 4912 4802
f 1261 4911 4913
f 4911 332 4906
f 4913 4906 1259
f 4911 4906 4913
f 1231 4907 4801
f 4907 1259 4905
f 4801 4905 28
f 4907 4905 4801
f 1261 4913 4912
f 4913 1259 4907
f 4912 4907 1231
f 4913 4907 4912
f 335 4972 4962
f 4972 1275 4976
f 4962 4976 1273
f 4972 4976 4962
f 1275 4971 4974
f 4971 332 4911
f 4974 4911 1261
f 4971 4911 4974
f 1273 4964 4961
f 4964 1261 4910
f 4961 4910 324
f 4964 4910 4961
f 1275 4974 4976
f 4974 1261 4964
f 4976 4964 1273
f 4974 4964 4976
f 74 4914 4805
f 4914 1262 4917
f 4805 4917 1233
f 4914 4917 4805
f 1262 4915 4929
f 4915 333 4927
f 4929 4927 1265
f 4915 4927 4929
f 1233 4928 4806
f 4928 1265 4926
f 4806 4926 325
f 4928 4926 4806
f 1262 4929 4917
f 4929 1265 4928
f 4917 4928 1233
f 4929 4928 4917
f 333 4919 4977
f 4919 1263 4979
f 4977 4979 1276
f 4919 4979 4977
f 1263 4918 4960
f 4918 92 4957
f 4960 4957 1272
f 4918 4957 4960
f 1276 4981 4978
f 4981 1272 4958
f 4978 4958 335
f 4981 4958 4978
f 1263 4960 4979
f 4960 1272 4981
f 4979 4981 1276
f 4960 4981 4979
f 325 4966 4809
f 4966 1274 4968
f 4809 4968 1234
f 4966 4968 4809
f 1274 4967 4970
f 4967 335 4954
f 4970 4954 1271
f 4967 4954 4970
f 1234 4956 4808
f 4956 1271 4953
f 4808 4953 90
f 4956 4953 4808
f 1274 4970 4968
f 4970 1271 4956
f 4968 4956 1234
f 4970 4956 4968
f 333 4977 4927
f 4977 1276 4980
f 4927 4980 1265
f 4977 4980 4927
f 1276 4978 4982
f 4978 335 4967
f 4982 4967 1274
f 4978 4967 4982
f 1265 4969 4926
f 4969 1274 4966
f 4926 4966 325
f 4969 4966 4926
f 1276 4982 4980
f 4982 1274 4969
f 4980 4969 1265
f 4982 4969 4980
f 23 3904 4233
f 3904 1000 4235
f 4233 4235 1088
f 3904 4235 4233
f 1000 3905 4240
f 3905 263 4238
f 4240 4238 1090
f 3905 4238 4240
f 1088 4241 4234
f 4241 1090 4239
f 4234 4239 288
f 4241 4239 4234
f 1000 4240 4235
f 4240 1090 4241
f 4235 4241 1088
f 4240 4241 4235
f 263 3907 4258
f 3907 1001 4260
f 4258 4260 1096
f 3907 4260 4258
f 1001 3906 4253
f 3906 73 4251
f 4253 4251 1094
f 3906 4251 4253
f 1096 4262 4259
f 4262 1094 4252
f 4259 4252 290
f 4262 4252 4259
f 1001 4253 4260
f 4253 1094 4262
f 4260 4262 1096
f 4253 4262 4260
f 288 4267 4237
f 4267 1098 4269
f 4237 4269 1089
f 4267 4269 4237
f 1098 4268 4271
f 4268 290 4256
f 4271 4256 1095
f 4268 4256 4271
f 1089 4257 4236
f 4257 1095 4255
f 4236 4255 81
f 4257 4255 4236
f 1098 4271 4269
f 4271 1095 4257
f 4269 4257 1089
f 4271 4257 4269
f 263 4258 4238
f 4258 1096 4261
f 4238 4261 1090
f 4258 4261 4238
f 1096 4259 4272
f 4259 290 4268
f 4272 4268 1098
f 4259 4268 4272
f 1090 4270 4239
f 4270 1098 4267
f 4239 4267 288
f 4270 4267 4239
f 1096 4272 4261
f 4272 1098 4270
f 4261 4270 1090
f 4272 4270 4261
f 73 3898 4208
f 3898 998 4210
f 4208 4210 1080
f 3898 4210 4208
f 998 3899 4216
f 3899 262 4214
f 4216 4214 1082
f 3899 4214 4216
f 1080 4218 4209
f 4218 1082 4215
f 4209 4215 285
f 4218 4215 4209
f 998 4216 4210
f 4216 1082 4218
f 4210 4218 1080
f 4216 4218 4210
f 262 3896 4200
f 3896 997 4202
f 4200 4202 1077
f 3896 4202 4200
f 997 3895 4197
f 3895 2 4195
f 4197 4195 1075
f 3895 4195 4197
f 1077 4203 4201
f 4203 1075 4196
f 4201 4196 283
f 4203 4196 4201
f 997 4197 4202
f 4197 1075 4203
f 4202 4203 1077
f 4197 4203 4202
f 285 4220 4212
f 4220 1083 4223
f 4212 4223 1081
f 4220 4223 4212
f 1083 4219 4221
f 4219 283 4199
f 4221 4199 1076
f 4219 4199 4221
f 1081 4213 4211
f 4213 1076 4198
f 4211 4198 79
f 4213 4198 4211
f 1083 4221 4223
f 4221 1076 4213
f 4223 4213 1081
f 4221 4213 4223
f 262 4200 4214
f 4200 1077 4217
f 4214 4217 1082
f 4200 4217 4214
f 1077 4201 4222
f 4201 283 4219
f 4222 4219 1083
f 4201 4219 4222
f 1082 4224 4215
f 4224 1083 4220
f 4215 4220 285
f 4224 4220 4215
f 1077 4222 4217
f 4222 1083 4224
f 4217 4224 1082
f 4222 4224 4217
f 81 4277 4245
f 4277 1100 4279
f 4245 4279 1092
f 4277 4279 4245
f 1100 4278 4295
f 4278 291 4292
f 4295 4292 1103
f 4278 4292 4295
f 1092 4293 4246
f 4293 1103 4291
f 4246 4291 289
f 4293 4291 4246
f 1100 4295 4279
f 4295 1103 4293
f 4279 4293 1092
f 4295 4293 4279
f 291 4274 4282
f 4274 1099 4285
f 4282 4285 1101
f 4274 4285 4282
f 1099 4273 4275
f 4273 79 4206
f 4275 4206 1079
f 4273 4206 4275
f 1101 4283 4281
f 4283 1079 4207
f 4281 4207 284
f 4283 4207 4281
f 1099 4275 4285
f 4275 1079 4283
f 4285 4283 1101
f 4275 4283 4285
f 289 4248 4243
f 4248 1093 4250
f 4243 4250 1091
f 4248 4250 4243
f 1093 4247 4249
f 4247 284 4205
f 4249 4205 1078
f 4247 4205 4249
f 1091 4244 4242
f 4244 1078 4204
f 4242 4204 25
f 4244 4204 4242
f 1093 4249 4250
f 4249 1078 4244
f 4250 4244 1091
f 4249 4244 4250
f 291 4282 4292
f 4282 1101 4296
f 4292 4296 1103
f 4282 4296 4292
f 1101 4281 4284
f 4281 284 4247
f 4284 4247 1093
f 4281 4247 4284
f 1103 4294 4291
f 4294 1093 4248
f 4291 4248 289
f 4294 4248 4291
f 1101 4284 4296
f 4284 1093 4294
f 4296 4294 1103
f 4284 4294 4296
f 73 4208 4251
f 4208 1080 4254
f 4251 4254 1094
f 4208 4254 4251
f 1080 4209 4265
f 4209 285 4263
f 4265 4263 1097
f 4209 4263 4265
f 1094 4266 4252
f 4266 1097 4264
f 4252 4264 290
f 4266 4264 4252
f 1080 4265 4254
f 4265 1097 4266
f 4254 4266 1094
f 4265 4266 4254
f 285 4212 4286
f 4212 1081 4288
f 4286 4288 1102
f 4212 4288 4286
f 1081 4211 4276
f 4211 79 4273
f 4276 4273 1099
f 4211 4273 4276
f 1102 4290 4287
f 4290 1099 4274
f 4287 4274 291
f 4290 4274 4287
f 1081 4276 4288
f 4276 1099 4290
f 4288 4290 1102
f 4276 4290 4288
f 290 4297 4256
f 4297 1104 4299
f 4256 4299 1095
f 4297 4299 4256
f 1104 4298 4301
f 4298 291 4278
f 4301 4278 1100
f 4298 4278 4301
f 1095 4280 4255
f 4280 1100 4277
f 4255 4277 81
f 4280 4277 4255
f 1104 4301 4299
f 4301 1100 4280
f 4299 4280 1095
f 4301 4280 4299
f 285 4286 4263
f 4286 1102 4289
f 4263 4289 1097
f 4286 4289 4263
f 1102 4287 4302
f 4287 291 4298
f 4302 4298 1104
f 4287 4298 4302
f 1097 4300 4264
f 4300 1104 4297
f 4264 4297 290
f 4300 4297 4264
f 1102 4302 4289
f 4302 1104 4300
f 4289 4300 1097
f 4302 4300 4289
f 28 5089 4853
f 5089 1303 5091
f 4853 5091 1245
f 5089 5091 4853
f 1303 5090 5098
f 5090 342 5096
f 5098 5096 1305
f 5090 5096 5098
f 1245 5097 4854
f 5097 1305 5095
f 4854 5095 328
f 5097 5095 4854
f 1303 5098 5091
f 5098 1305 5097
f 5091 5097 1245
f 5098 5097 5091
f 342 5094 5165
f 5094 1304 5167
f 5165 5167 1321
f 5094 5167 5165
f 1304 5093 5153
f 5093 94 5151
f 5153 5151 1318
f 5093 5151 5153
f 1321 5169 5166
f 5169 1318 5152
f 5166 5152 345
f 5169 5152 5166
f 1304 5153 5167
f 5153 1318 5169
f 5167 5169 1321
f 5153 5169 5167
f 328 5155 4856
f 5155 1319 5157
f 4856 5157 1246
f 5155 5157 4856
f 1319 5156 5159
f 5156 345 5148
f 5159 5148 1317
f 5156 5148 5159
f 1246 5149 4855
f 5149 1317 5147
f 4855 5147 91
f 5149 5147 4855
f 1319 5159 5157
f 5159 1317 5149
f 5157 5149 1246
f 5159 5149 5157
f 342 5165 5096
f 5165 1321 5168
f 5096 5168 1305
f 5165 5168 5096
f 1321 5166 5170
f 5166 345 5156
f 5170 5156 1319
f 5166 5156 5170
f 1305 5158 5095
f 5158 1319 5155
f 5095 5155 328
f 5158 5155 5095
f 1321 5170 5168
f 5170 1319 5158
f 5168 5158 1305
f 5170 5158 5168
f 94 5079 5107
f 5079 1300 5109
f 5107 5109 1308
f 5079 5109 5107
f 1300 5080 5121
f 5080 341 5119
f 5121 5119 1311
f 5080 5119 5121
f 1308 5123 5108
f 5123 1311 5120
f 5108 5120 343
f 5123 5120 5108
f 1300 5121 5109
f 5121 1311 5123
f 5109 5123 1308
f 5121 5123 5109
f 341 5076 5082
f 5076 1299 5084
f 5082 5084 1301
f 5076 5084 5082
f 1299 5075 5077
f 5075 25 4229
f 5077 4229 1086
f 5075 4229 5077
f 1301 5083 5081
f 5083 1086 4230
f 5081 4230 287
f 5083 4230 5081
f 1299 5077 5084
f 5077 1086 5083
f 5084 5083 1301
f 5077 5083 5084
f 343 5111 5104
f 5111 1309 5114
f 5104 5114 1307
f 5111 5114 5104
f 1309 5110 5112
f 5110 287 4232
f 5112 4232 1087
f 5110 4232 5112
f 1307 5105 5103
f 5105 1087 4231
f 5103 4231 80
f 5105 4231 5103
f 1309 5112 5114
f 5112 1087 5105
f 5114 5105 1307
f 5112 5105 5114
f 341 5082 5119
f 5082 1301 5122
f 5119 5122 1311
f 5082 5122 5119
f 1301 5081 5113
f 5081 287 5110
f 5113 5110 1309
f 5081 5110 5113
f 1311 5124 5120
f 5124 1309 5111
f 5120 5111 343
f 5124 5111 5120
f 1301 5113 5122
f 5113 1309 5124
f 5122 5124 1311
f 5113 5124 5122
f 91 4860 4843
f 4860 1248 4862
f 4843 4862 1242
f 4860 4862 4843
f 1248 4861 4872
f 4861 329 4869
f 4872 4869 1250
f 4861 4869 4872
f 1242 4870 4844
f 4870 1250 4868
f 4844 4868 327
f 4870 4868 4844
f 1248 4872 4862
f 4872 1250 4870
f 4862 4870 1242
f 4872 4870 4862
f 329 4858 4864
f 4858 1247 4867
f 4864 4867 1249
f 4858 4867 4864
f 1247 4857 4859
f 4857 80 4227
f 4859 4227 1085
f 4857 4227 4859
f 1249 4865 4863
f 4865 1085 4228
f 4863 4228 286
f 4865 4228 4863
f 1247 4859 4867
f 4859 1085 4865
f 4867 4865 1249
f 4859 4865 4867
f 327 4846 4840
f 4846 1243 4848
f 4840 4848 1241
f 4846 4848 4840
f 1243 4845 4847
f 4845 286 4226
f 4847 4226 1084
f 4845 4226 4847
f 1241 4841 4839
f 4841 1084 4225
f 4839 4225 9
f 4841 4225 4839
f 1243 4847 4848
f 4847 1084 4841
f 4848 4841 1241
f 4847 4841 4848
f 329 4864 4869
f 4864 1249 4873
f 4869 4873 1250
f 4864 4873 4869
f 1249 4863 4866
f 4863 286 4845
f 4866 4845 1243
f 4863 4845 4866
f 1250 4871 4868
f 4871 1243 4846
f 4868 4846 327
f 4871 4846 4868
f 1249 4866 4873
f 4866 1243 4871
f 4873 4871 1250
f 4866 4871 4873
f 94 5107 5151
f 5107 1308 5154
f 5151 5154 1318
f 5107 5154 5151
f 1308 5108 5173
f 5108 343 5171
f 5173 5171 1322
f 5108 5171 5173
f 1318 5175 5152
f 5175 1322 5172
f 5152 5172 345
f 5175 5172 5152
f 1308 5173 5154
f 5173 1322 5175
f 5154 5175 1318
f 5173 5175 5154
f 343 5104 5116
f 5104 1307 5118
f 5116 5118 1310
f 5104 5118 5116
f 1307 5103 5106
f 5103 80 4857
f 5106 4857 1247
f 5103 4857 5106
f 1310 5117 5115
f 5117 1247 4858
f 5115 4858 329
f 5117 4858 5115
f 1307 5106 5118
f 5106 1247 5117
f 5118 5117 1310
f 5106 5117 5118
f 345 5161 5148
f 5161 1320 5164
f 5148 5164 1317
f 5161 5164 5148
f 1320 5160 5162
f 5160 329 4861
f 5162 4861 1248
f 5160 4861 5162
f 1317 5150 5147
f 5150 1248 4860
f 5147 4860 91
f 5150 4860 5147
f 1320 5162 5164
f 5162 1248 5150
f 5164 5150 1317
f 5162 5150 5164
f 343 5116 5171
f 5116 1310 5174
f 5171 5174 1322
f 5116 5174 5171
f 1310 5115 5163
f 5115 329 5160
f 5163 5160 1320
f 5115 5160 5163
f 1322 5176 5172
f 5176 1320 5161
f 5172 5161 345
f 5176 5161 5172
f 1310 5163 5174
f 5163 1320 5176
f 5174 5176 1322
f 5163 5176 5174
f 23 4233 4891
f 4233 1088 4894
f 4891 4894 1255
f 4233 4894 4891
f 1088 4234 4903
f 4234 288 4901
f 4903 4901 1258
f 4234 4901 4903
f 1255 4904 4892
f 4904 1258 4902
f 4892 4902 331
f 4904 4902 4892
f 1088 4903 4894
f 4903 1258 4904
f 4894 4904 1255
f 4903 4904 4894
f 288 4237 4942
f 4237 1089 4944
f 4942 4944 1269
f 4237 4944 4942
f 1089 4236 4938
f 4236 81 4936
f 4938 4936 1267
f 4236 4936 4938
f 1269 4946 4943
f 4946 1267 4937
f 4943 4937 334
f 4946 4937 4943
f 1089 4938 4944
f 4938 1267 4946
f 4944 4946 1269
f 4938 4946 4944
f 331 4947 4896
f 4947 1270 4949
f 4896 4949 1256
f 4947 4949 4896
f 1270 4948 4951
f 4948 334 4940
f 4951 4940 1268
f 4948 4940 4951
f 1256 4941 4895
f 4941 1268 4939
f 4895 4939 92
f 4941 4939 4895
f 1270 4951 4949
f 4951 1268 4941
f 4949 4941 1256
f 4951 4941 4949
f 288 4942 4901
f 4942 1269 4945
f 4901 4945 1258
f 4942 4945 4901
f 1269 4943 4952
f 4943 334 4948
f 4952 4948 1270
f 4943 4948 4952
f 1258 4950 4902
f 4950 1270 4947
f 4902 4947 331
f 4950 4947 4902
f 1269 4952 4945
f 4952 1270 4950
f 4945 4950 1258
f 4952 4950 4945
f 81 4245 5125
f 4245 1092 5127
f 5125 5127 1312
f 4245 5127 5125
f 1092 4246 5134
f 4246 289 5132
f 5134 5132 1314
f 4246 5132 5134
f 1312 5136 5126
f 5136 1314 5133
f 5126 5133 344
f 5136 5133 5126
f 1092 5134 5127
f 5134 1314 5136
f 5127 5136 1312
f 5134 5136 5127
f 289 4243 5085
f 4243 1091 5087
f 5085 5087 1302
f 4243 5087 5085
f 1091 4242 5078
f 4242 25 5075
f 5078 5075 1299
f 4242 5075 5078
f 1302 5088 5086
f 5088 1299 5076
f 5086 5076 341
f 5088 5076 5086
f 1091 5078 5087
f 5078 1299 5088
f 5087 5088 1302
f 5078 5088 5087
f 344 5142 5130
f 5142 1316 5145
f 5130 5145 1313
f 5142 5145 5130
f 1316 5141 5143
f 5141 341 5080
f 5143 5080 1300
f 5141 5080 5143
f 1313 5131 5129
f 5131 1300 5079
f 5129 5079 94
f 5131 5079 5129
f 1316 5143 5145
f 5143 1300 5131
f 5145 5131 1313
f 5143 5131 5145
f 289 5085 5132
f 5085 1302 5135
f 5132 5135 1314
f 5085 5135 5132
f 1302 5086 5144
f 5086 341 5141
f 5144 5141 1316
f 5086 5141 5144
f 1314 5146 5133
f 5146 1316 5142
f 5133 5142 344
f 5146 5142 5133
f 1302 5144 5135
f 5144 1316 5146
f 5135 5146 1314
f 5144 5146 5135
f 92 5177 4908
f 5177 1323 5179
f 4908 5179 1260
f 5177 5179 4908
f 1323 5178 5189
f 5178 346 5186
f 5189 5186 1325
f 5178 5186 5189
f 1260 5187 4909
f 5187 1325 5185
f 4909 5185 332
f 5187 5185 4909
f 1323 5189 5179
f 5189 1325 5187
f 5179 5187 1260
f 5189 5187 5179
f 346 5182 5196
f 5182 1324 5199
f 5196 5199 1327
f 5182 5199 5196
f 1324 5181 5183
f 5181 94 5093
f 5183 5093 1304
f 5181 5093 5183
f 1327 5197 5195
f 5197 1304 5094
f 5195 5094 342
f 5197 5094 5195
f 1324 5183 5199
f 5183 1304 5197
f 5199 5197 1327
f 5183 5197 5199
f 332 5099 4906
f 5099 1306 5101
f 4906 5101 1259
f 5099 5101 4906
f 1306 5100 5102
f 5100 342 5090
f 5102 5090 1303
f 5100 5090 5102
f 1259 5092 4905
f 5092 1303 5089
f 4905 5089 28
f 5092 5089 4905
f 1306 5102 5101
f 5102 1303 5092
f 5101 5092 1259
f 5102 5092 5101
f 346 5196 5186
f 5196 1327 5200
f 5186 5200 1325
f 5196 5200 5186
f 1327 5195 5198
f 5195 342 5100
f 5198 5100 1306
f 5195 5100 5198
f 1325 5188 5185
f 5188 1306 5099
f 5185 5099 332
f 5188 5099 5185
f 1327 5198 5200
f 5198 1306 5188
f 5200 5188 1325
f 5198 5188 5200
f 81 5125 4936
f 5125 1312 5128
f 4936 5128 1267
f 5125 5128 4936
f 1312 5126 5140
f 5126 344 5138
f 5140 5138 1315
f 5126 5138 5140
f 1267 5139 4937
f 5139 1315 5137
f 4937 5137 334
f 5139 5137 4937
f 1312 5140 5128
f 5140 1315 5139
f 5128 5139 1267
f 5140 5139 5128
f 344 5130 5201
f 5130 1313 5203
f 5201 5203 1328
f 5130 5203 5201
f 1313 5129 5184
f 5129 94 5181
f 5184 5181 1324
f 5129 5181 5184
f 1328 5205 5202
f 5205 1324 5182
f 5202 5182 346
f 5205 5182 5202
f 1313 5184 5203
f 5184 1324 5205
f 5203 5205 1328
f 5184 5205 5203
f 334 5190 4940
f 5190 1326 5192
f 4940 5192 1268
f 5190 5192 4940
f 1326 5191 5194
f 5191 346 5178
f 5194 5178 1323
f 5191 5178 5194
f 1268 5180 4939
f 5180 1323 5177
f 4939 5177 92
f 5180 5177 4939
f 1326 5194 5192
f 5194 1323 5180
f 5192 5180 1268
f 5194 5180 5192
f 344 5201 5138
f 5201 1328 5204
f 5138 5204 1315
f 5201 5204 5138
f 1328 5202 5206
f 5202 346 5191
f 5206 5191 1326
f 5202 5191 5206
f 1315 5193 5137
f 5193 1326 5190
f 5137 5190 334
f 5193 5190 5137
f 1328 5206 5204
f 5206 1326 5193
f 5204 5193 1315
f 5206 5193 5204
f 4 5539 2703
f 5539 1411 5541
f 2703 5541 689
f 5539 5541 2703
f 1411 5540 5548
f 5540 367 5546
f 5548 5546 1413
f 5540 5546 5548
f 689 5547 2704
f 5547 1413 5545
f 2704 5545 180
f 5547 5545 2704
f 1411 5548 5541
f 5548 1413 5547
f 5541 5547 689
f 5548 5547 5541
f 367 5544 5568
f 5544 1412 5570
f 5568 5570 1420
f 5544 5570 5568
f 1412 5543 5562
f 5543 100 5560
f 5562 5560 1418
f 5543 5560 5562
f 1420 5572 5569
f 5572 1418 5561
f 5569 5561 369
f 5572 5561 5569
f 1412 5562 5570
f 5562 1418 5572
f 5570 5572 1420
f 5562 5572 5570
f 180 5563 2707
f 5563 1419 5565
f 2707 5565 690
f 5563 5565 2707
f 1419 5564 5567
f 5564 369 5558
f 5567 5558 1417
f 5564 5558 5567
f 690 5559 2706
f 5559 1417 5557
f 2706 5557 50
f 5559 5557 2706
f 1419 5567 5565
f 5567 1417 5559
f 5565 5559 690
f 5567 5559 5565
f 367 5568 5546
f 5568 1420 5571
f 5546 5571 1413
f 5568 5571 5546
f 1420 5569 5573
f 5569 369 5564
f 5573 5564 1419
f 5569 5564 5573
f 1413 5566 5545
f 5566 1419 5563
f 5545 5563 180
f 5566 5563 5545
f 1420 5573 5571
f 5573 1419 5566
f 5571 5566 1413
f 5573 5566 5571
f 100 5555 5639
f 5555 1416 5641
f 5639 5641 1440
f 5555 5641 5639
f 1416 5556 5649
f 5556 368 5647
f 5649 5647 1442
f 5556 5647 5649
f 1440 5651 5640
f 5651 1442 5648
f 5640 5648 376
f 5651 5648 5640
f 1416 5649 5641
f 5649 1442 5651
f 5641 5651 1440
f 5649 5651 5641
f 368 5554 5613
f 5554 1415 5615
f 5613 5615 1434
f 5554 5615 5613
f 1415 5553 5610
f 5553 30 5608
f 5610 5608 1432
f 5553 5608 5610
f 1434 5616 5614
f 5616 1432 5609
f 5614 5609 374
f 5616 5609 5614
f 1415 5610 5615
f 5610 1432 5616
f 5615 5616 1434
f 5610 5616 5615
f 376 5658 5644
f 5658 1444 5661
f 5644 5661 1441
f 5658 5661 5644
f 1444 5657 5659
f 5657 374 5612
f 5659 5612 1433
f 5657 5612 5659
f 1441 5645 5643
f 5645 1433 5611
f 5643 5611 102
f 5645 5611 5643
f 1444 5659 5661
f 5659 1433 5645
f 5661 5645 1441
f 5659 5645 5661
f 368 5613 5647
f 5613 1434 5650
f 5647 5650 1442
f 5613 5650 5647
f 1434 5614 5660
f 5614 374 5657
f 5660 5657 1444
f 5614 5657 5660
f 1442 5662 5648
f 5662 1444 5658
f 5648 5658 376
f 5662 5658 5648
f 1434 5660 5650
f 5660 1444 5662
f 5650 5662 1442
f 5660 5662 5650
f 50 5617 2714
f 5617 1435 5619
f 2714 5619 693
f 5617 5619 2714
f 1435 5618 5628
f 5618 375 5625
f 5628 5625 1437
f 5618 5625 5628
f 693 5626 2715
f 5626 1437 5624
f 2715 5624 181
f 5626 5624 2715
f 1435 5628 5619
f 5628 1437 5626
f 5619 5626 693
f 5628 5626 5619
f 375 5622 5634
f 5622 1436 5637
f 5634 5637 1439
f 5622 5637 5634
f 1436 5621 5623
f 5621 102 5602
f 5623 5602 1430
f 5621 5602 5623
f 1439 5635 5633
f 5635 1430 5603
f 5633 5603 373
f 5635 5603 5633
f 1436 5623 5637
f 5623 1430 5635
f 5637 5635 1439
f 5623 5635 5637
f 181 5604 2713
f 5604 1431 5606
f 2713 5606 692
f 5604 5606 2713
f 1431 5605 5607
f 5605 373 5600
f 5607 5600 1429
f 5605 5600 5607
f 692 5601 2712
f 5601 1429 5599
f 2712 5599 16
f 5601 5599 2712
f 1431 5607 5606
f 5607 1429 5601
f 5606 5601 692
f 5607 5601 5606
f 375 5634 5625
f 5634 1439 5638
f 5625 5638 1437
f 5634 5638 5625
f 1439 5633 5636
f 5633 373 5605
f 5636 5605 1431
f 5633 5605 5636
f 1437 5627 5624
f 5627 1431 5604
f 5624 5604 181
f 5627 5604 5624
f 1439 5636 5638
f 5636 1431 5627
f 5638 5627 1437
f 5636 5627 5638
f 100 5639 5560
f 5639 1440 5642
f 5560 5642 1418
f 5639 5642 5560
f 1440 5640 5656
f 5640 376 5653
f 5656 5653 1443
f 5640 5653 5656
f 1418 5654 5561
f 5654 1443 5652
f 5561 5652 369
f 5654 5652 5561
f 1440 5656 5642
f 5656 1443 5654
f 5642 5654 1418
f 5656 5654 5642
f 376 5644 5664
f 5644 1441 5667
f 5664 5667 1445
f 5644 5667 5664
f 1441 5643 5646
f 5643 102 5621
f 5646 5621 1436
f 5643 5621 5646
f 1445 5665 5663
f 5665 1436 5622
f 5663 5622 375
f 5665 5622 5663
f 1441 5646 5667
f 5646 1436 5665
f 5667 5665 1445
f 5646 5665 5667
f 369 5629 5558
f 5629 1438 5631
f 5558 5631 1417
f 5629 5631 5558
f 1438 5630 5632
f 5630 375 5618
f 5632 5618 1435
f 5630 5618 5632
f 1417 5620 5557
f 5620 1435 5617
f 5557 5617 50
f 5620 5617 5557
f 1438 5632 5631
f 5632 1435 5620
f 5631 5620 1417
f 5632 5620 5631
f 376 5664 5653
f 5664 1445 5668
f 5653 5668 1443
f 5664 5668 5653
f 1445 5663 5666
f 5663 375 5630
f 5666 5630 1438
f 5663 5630 5666
f 1443 5655 5652
f 5655 1438 5629
f 5652 5629 369
f 5655 5629 5652
f 1445 5666 5668
f 5666 1438 5655
f 5668 5655 1443
f 5666 5655 5668
f 30 5595 5983
f 5595 1427 5985
f 5983 5985 1525
f 5595 5985 5983
f 1427 5596 5991
f 5596 372 5989
f 5991 5989 1527
f 5596 5989 5991
f 1525 5992 5984
f 5992 1527 5990
f 5984 5990 397
f 5992 5990 5984
f 1427 5991 5985
f 5991 1527 5992
f 5985 5992 1525
f 5991 5992 5985
f 372 5598 6018
f 5598 1428 6020
f 6018 6020 1535
f 5598 6020 6018
f 1428 5597 6013
f 5597 101 6011
f 6013 6011 1533
f 5597 6011 6013
f 1535 6022 6019
f 6022 1533 6012
f 6019 6012 399
f 6022 6012 6019
f 1428 6013 6020
f 6013 1533 6022
f 6020 6022 1535
f 6013 6022 6020
f 397 6027 5988
f 6027 1537 6029
f 5988 6029 1526
f 6027 6029 5988
f 1537 6028 6031
f 6028 399 6016
f 6031 6016 1534
f 6028 6016 6031
f 1526 6017 5987
f 6017 1534 6015
f 5987 6015 108
f 6017 6015 5987
f 1537 6031 6029
f 6031 1534 6017
f 6029 6017 1526
f 6031 6017 6029
f 372 6018 5989
f 6018 1535 6021
f 5989 6021 1527
f 6018 6021 5989
f 1535 6019 6032
f 6019 399 6028
f 6032 6028 1537
f 6019 6028 6032
f 1527 6030 5990
f 6030 1537 6027
f 5990 6027 397
f 6030 6027 5990
f 1535 6032 6021
f 6032 1537 6030
f 6021 6030 1527
f 6032 6030 6021
f 101 5593 5804
f 5593 1426 5806
f 5804 5806 1482
f 5593 5806 5804
f 1426 5594 5812
f 5594 371 5810
f 5812 5810 1484
f 5594 5810 5812
f 1482 5814 5805
f 5814 1484 5811
f 5805 5811 387
f 5814 5811 5805
f 1426 5812 5806
f 5812 1484 5814
f 5806 5814 1482
f 5812 5814 5806
f 371 5592 5796
f 5592 1425 5798
f 5796 5798 1479
f 5592 5798 5796
f 1425 5591 5793
f 5591 10 5791
f 5793 5791 1477
f 5591 5791 5793
f 1479 5799 5797
f 5799 1477 5792
f 5797 5792 385
f 5799 5792 5797
f 1425 5793 5798
f 5793 1477 5799
f 5798 5799 1479
f 5793 5799 5798
f 387 5816 5808
f 5816 1485 5819
f 5808 5819 1483
f 5816 5819 5808
f 1485 5815 5817
f 5815 385 5795
f 5817 5795 1478
f 5815 5795 5817
f 1483 5809 5807
f 5809 1478 5794
f 5807 5794 105
f 5809 5794 5807
f 1485 5817 5819
f 5817 1478 5809
f 5819 5809 1483
f 5817 5809 5819
f 371 5796 5810
f 5796 1479 5813
f 5810 5813 1484
f 5796 5813 5810
f 1479 5797 5818
f 5797 385 5815
f 5818 5815 1485
f 5797 5815 5818
f 1484 5820 5811
f 5820 1485 5816
f 5811 5816 387
f 5820 5816 5811
f 1479 5818 5813
f 5818 1485 5820
f 5813 5820 1484
f 5818 5820 5813
f 108 6059 6001
f 6059 1544 6061
f 6001 6061 1530
f 6059 6061 6001
f 1544 6060 6077
f 6060 401 6074
f 6077 6074 1547
f 6060 6074 6077
f 1530 6075 6002
f 6075 1547 6073
f 6002 6073 398
f 6075 6073 6002
f 1544 6077 6061
f 6077 1547 6075
f 6061 6075 1530
f 6077 6075 6061
f 401 6056 6064
f 6056 1543 6067
f 6064 6067 1545
f 6056 6067 6064
f 1543 6055 6057
f 6055 105 5802
f 6057 5802 1481
f 6055 5802 6057
f 1545 6065 6063
f 6065 1481 5803
f 6063 5803 386
f 6065 5803 6063
f 1543 6057 6067
f 6057 1481 6065
f 6067 6065 1545
f 6057 6065 6067
f 398 6004 5998
f 6004 1531 6006
f 5998 6006 1529
f 6004 6006 5998
f 1531 6003 6005
f 6003 386 5801
f 6005 5801 1480
f 6003 5801 6005
f 1529 5999 5997
f 5999 1480 5800
f 5997 5800 31
f 5999 5800 5997
f 1531 6005 6006
f 6005 1480 5999
f 6006 5999 1529
f 6005 5999 6006
f 401 6064 6074
f 6064 1545 6078
f 6074 6078 1547
f 6064 6078 6074
f 1545 6063 6066
f 6063 386 6003
f 6066 6003 1531
f 6063 6003 6066
f 1547 6076 6073
f 6076 1531 6004
f 6073 6004 398
f 6076 6004 6073
f 1545 6066 6078
f 6066 1531 6076
f 6078 6076 1547
f 6066 6076 6078
f 101 5804 6011
f 5804 1482 6014
f 6011 6014 1533
f 5804 6014 6011
f 1482 5805 6025
f 5805 387 6023
f 6025 6023 1536
f 5805 6023 6025
f 1533 6026 6012
f 6026 1536 6024
f 6012 6024 399
f 6026 6024 6012
f 1482 6025 6014
f 6025 1536 6026
f 6014 6026 1533
f 6025 6026 6014
f 387 5808 6068
f 5808 1483 6070
f 6068 6070 1546
f 5808 6070 6068
f 1483 5807 6058
f 5807 105 6055
f 6058 6055 1543
f 5807 6055 6058
f 1546 6072 6069
f 6072 1543 6056
f 6069 6056 401
f 6072 6056 6069
f 1483 6058 6070
f 6058 1543 6072
f 6070 6072 1546
f 6058 6072 6070
f 399 6079 6016
f 6079 1548 6081
f 6016 6081 1534
f 6079 6081 6016
f 1548 6080 6083
f 6080 401 6060
f 6083 6060 1544
f 6080 6060 6083
f 1534 6062 6015
f 6062 1544 6059
f 6015 6059 108
f 6062 6059 6015
f 1548 6083 6081
f 6083 1544 6062
f 6081 6062 1534
f 6083 6062 6081
f 387 6068 6023
f 6068 1546 6071
f 6023 6071 1536
f 6068 6071 6023
f 1546 6069 6084
f 6069 401 6080
f 6084 6080 1548
f 6069 6080 6084
f 1536 6082 6024
f 6082 1548 6079
f 6024 6079 399
f 6082 6079 6024
f 1546 6084 6071
f 6084 1548 6082
f 6071 6082 1536
f 6084 6082 6071
f 16 5821 2742
f 5821 1486 5823
f 2742 5823 701
f 5821 5823 2742
f 1486 5822 5830
f 5822 388 5828
f 5830 5828 1488
f 5822 5828 5830
f 701 5829 2743
f 5829 1488 5827
f 2743 5827 184
f 5829 5827 2743
f 1486 5830 5823
f 5830 1488 5829
f 5823 5829 701
f 5830 5829 5823
f 388 5826 5860
f 5826 1487 5862
f 5860 5862 1497
f 5826 5862 5860
f 1487 5825 5850
f 5825 106 5848
f 5850 5848 1494
f 5825 5848 5850
f 1497 5864 5861
f 5864 1494 5849
f 5861 5849 390
f 5864 5849 5861
f 1487 5850 5862
f 5850 1494 5864
f 5862 5864 1497
f 5850 5864 5862
f 184 5851 2745
f 5851 1495 5853
f 2745 5853 702
f 5851 5853 2745
f 1495 5852 5855
f 5852 390 5845
f 5855 5845 1493
f 5852 5845 5855
f 702 5846 2744
f 5846 1493 5844
f 2744 5844 51
f 5846 5844 2744
f 1495 5855 5853
f 5855 1493 5846
f 5853 5846 702
f 5855 5846 5853
f 388 5860 5828
f 5860 1497 5863
f 5828 5863 1488
f 5860 5863 5828
f 1497 5861 5865
f 5861 390 5852
f 5865 5852 1495
f 5861 5852 5865
f 1488 5854 5827
f 5854 1495 5851
f 5827 5851 184
f 5854 5851 5827
f 1497 5865 5863
f 5865 1495 5854
f 5863 5854 1488
f 5865 5854 5863
f 106 5838 5887
f 5838 1491 5889
f 5887 5889 1503
f 5838 5889 5887
f 1491 5839 5903
f 5839 389 5901
f 5903 5901 1506
f 5839 5901 5903
f 1503 5905 5888
f 5905 1506 5902
f 5888 5902 392
f 5905 5902 5888
f 1491 5903 5889
f 5903 1506 5905
f 5889 5905 1503
f 5903 5905 5889
f 389 5836 5841
f 5836 1490 5843
f 5841 5843 1492
f 5836 5843 5841
f 1490 5835 5837
f 5835 31 5753
f 5837 5753 1467
f 5835 5753 5837
f 1492 5842 5840
f 5842 1467 5754
f 5840 5754 382
f 5842 5754 5840
f 1490 5837 5843
f 5837 1467 5842
f 5843 5842 1492
f 5837 5842 5843
f 392 5892 5884
f 5892 1504 5895
f 5884 5895 1502
f 5892 5895 5884
f 1504 5891 5893
f 5891 382 5756
f 5893 5756 1468
f 5891 5756 5893
f 1502 5885 5883
f 5885 1468 5755
f 5883 5755 104
f 5885 5755 5883
f 1504 5893 5895
f 5893 1468 5885
f 5895 5885 1502
f 5893 5885 5895
f 389 5841 5901
f 5841 1492 5904
f 5901 5904 1506
f 5841 5904 5901
f 1492 5840 5894
f 5840 382 5891
f 5894 5891 1504
f 5840 5891 5894
f 1506 5906 5902
f 5906 1504 5892
f 5902 5892 392
f 5906 5892 5902
f 1492 5894 5904
f 5894 1504 5906
f 5904 5906 1506
f 5894 5906 5904
f 51 5757 2736
f 5757 1469 5759
f 2736 5759 699
f 5757 5759 2736
f 1469 5758 5767
f 5758 383 5764
f 5767 5764 1471
f 5758 5764 5767
f 699 5765 2737
f 5765 1471 5763
f 2737 5763 183
f 5765 5763 2737
f 1469 5767 5759
f 5767 1471 5765
f 5759 5765 699
f 5767 5765 5759
f 383 5761 5769
f 5761 1470 5772
f 5769 5772 1472
f 5761 5772 5769
f 1470 5760 5762
f 5760 104 5743
f 5762 5743 1464
f 5760 5743 5762
f 1472 5770 5768
f 5770 1464 5744
f 5768 5744 381
f 5770 5744 5768
f 1470 5762 5772
f 5762 1464 5770
f 5772 5770 1472
f 5762 5770 5772
f 183 5745 2734
f 5745 1465 5747
f 2734 5747 698
f 5745 5747 2734
f 1465 5746 5748
f 5746 381 5740
f 5748 5740 1463
f 5746 5740 5748
f 698 5741 2733
f 5741 1463 5739
f 2733 5739 5
f 5741 5739 2733
f 1465 5748 5747
f 5748 1463 5741
f 5747 5741 698
f 5748 5741 5747
f 383 5769 5764
f 5769 1472 5773
f 5764 5773 1471
f 5769 5773 5764
f 1472 5768 5771
f 5768 381 5746
f 5771 5746 1465
f 5768 5746 5771
f 1471 5766 5763
f 5766 1465 5745
f 5763 5745 183
f 5766 5745 5763
f 1472 5771 5773
f 5771 1465 5766
f 5773 5766 1471
f 5771 5766 5773
f 106 5887 5848
f 5887 1503 5890
f 5848 5890 1494
f 5887 5890 5848
f 1503 5888 5911
f 5888 392 5908
f 5911 5908 1507
f 5888 5908 5911
f 1494 5909 5849
f 5909 1507 5907
f 5849 5907 390
f 5909 5907 5849
f 1503 5911 5890
f 5911 1507 5909
f 5890 5909 1494
f 5911 5909 5890
f 392 5884 5897
f 5884 1502 5900
f 5897 5900 1505
f 5884 5900 5897
f 1502 5883 5886
f 5883 104 5760
f 5886 5760 1470
f 5883 5760 5886
f 1505 5898 5896
f 5898 1470 5761
f 5896 5761 383
f 5898 5761 5896
f 1502 5886 5900
f 5886 1470 5898
f 5900 5898 1505
f 5886 5898 5900
f 390 5857 5845
f 5857 1496 5859
f 5845 5859 1493
f 5857 5859 5845
f 1496 5856 5858
f 5856 383 5758
f 5858 5758 1469
f 5856 5758 5858
f 1493 5847 5844
f 5847 1469 5757
f 5844 5757 51
f 5847 5757 5844
f 1496 5858 5859
f 5858 1469 5847
f 5859 5847 1493
f 5858 5847 5859
f 392 5897 5908
f 5897 1505 5912
f 5908 5912 1507
f 5897 5912 5908
f 1505 5896 5899
f 5896 383 5856
f 5899 5856 1496
f 5896 5856 5899
f 1507 5910 5907
f 5910 1496 5857
f 5907 5857 390
f 5910 5857 5907
f 1505 5899 5912
f 5899 1496 5910
f 5912 5910 1507
f 5899 5910 5912
f 30 5983 5608
f 5983 1525 5986
f 5608 5986 1432
f 5983 5986 5608
f 1525 5984 5996
f 5984 397 5994
f 5996 5994 1528
f 5984 5994 5996
f 1432 5995 5609
f 5995 1528 5993
f 5609 5993 374
f 5995 5993 5609
f 1525 5996 5986
f 5996 1528 5995
f 5986 5995 1432
f 5996 5995 5986
f 397 5988 6049
f 5988 1526 6051
f 6049 6051 1542
f 5988 6051 6049
f 1526 5987 6039
f 5987 108 6037
f 6039 6037 1539
f 5987 6037 6039
f 1542 6053 6050
f 6053 1539 6038
f 6050 6038 400
f 6053 6038 6050
f 1526 6039 6051
f 6039 1539 6053
f 6051 6053 1542
f 6039 6053 6051
f 374 6040 5612
f 6040 1540 6042
f 5612 6042 1433
f 6040 6042 5612
f 1540 6041 6044
f 6041 400 6034
f 6044 6034 1538
f 6041 6034 6044
f 1433 6035 5611
f 6035 1538 6033
f 5611 6033 102
f 6035 6033 5611
f 1540 6044 6042
f 6044 1538 6035
f 6042 6035 1433
f 6044 6035 6042
f 397 6049 5994
f 6049 1542 6052
f 5994 6052 1528
f 6049 6052 5994
f 1542 6050 6054
f 6050 400 6041
f 6054 6041 1540
f 6050 6041 6054
f 1528 6043 5993
f 6043 1540 6040
f 5993 6040 374
f 6043 6040 5993
f 1542 6054 6052
f 6054 1540 6043
f 6052 6043 1528
f 6054 6043 6052
f 108 6001 6089
f 6001 1530 6091
f 6089 6091 1550
f 6001 6091 6089
f 1530 6002 6105
f 6002 398 6103
f 6105 6103 1553
f 6002 6103 6105
f 1550 6107 6090
f 6107 1553 6104
f 6090 6104 402
f 6107 6104 6090
f 1530 6105 6091
f 6105 1553 6107
f 6091 6107 1550
f 6105 6107 6091
f 398 5998 6008
f 5998 1529 6010
f 6008 6010 1532
f 5998 6010 6008
f 1529 5997 6000
f 5997 31 5835
f 6000 5835 1490
f 5997 5835 6000
f 1532 6009 6007
f 6009 1490 5836
f 6007 5836 389
f 6009 5836 6007
f 1529 6000 6010
f 6000 1490 6009
f 6010 6009 1532
f 6000 6009 6010
f 402 6094 6086
f 6094 1551 6097
f 6086 6097 1549
f 6094 6097 6086
f 1551 6093 6095
f 6093 389 5839
f 6095 5839 1491
f 6093 5839 6095
f 1549 6087 6085
f 6087 1491 5838
f 6085 5838 106
f 6087 5838 6085
f 1551 6095 6097
f 6095 1491 6087
f 6097 6087 1549
f 6095 6087 6097
f 398 6008 6103
f 6008 1532 6106
f 6103 6106 1553
f 6008 6106 6103
f 1532 6007 6096
f 6007 389 6093
f 6096 6093 1551
f 6007 6093 6096
f 1553 6108 6104
f 6108 1551 6094
f 6104 6094 402
f 6108 6094 6104
f 1532 6096 6106
f 6096 1551 6108
f 6106 6108 1553
f 6096 6108 6106
f 102 5866 5602
f 5866 1498 5868
f 5602 5868 1430
f 5866 5868 5602
f 1498 5867 5876
f 5867 391 5873
f 5876 5873 1500
f 5867 5873 5876
f 1430 5874 5603
f 5874 1500 5872
f 5603 5872 373
f 5874 5872 5603
f 1498 5876 5868
f 5876 1500 5874
f 5868 5874 1430
f 5876 5874 5868
f 391 5870 5878
f 5870 1499 5881
f 5878 5881 1501
f 5870 5881 5878
f 1499 5869 5871
f 5869 106 5825
f 5871 5825 1487
f 5869 5825 5871
f 1501 5879 5877
f 5879 1487 5826
f 5877 5826 388
f 5879 5826 5877
f 1499 5871 5881
f 5871 1487 5879
f 5881 5879 1501
f 5871 5879 5881
f 373 5831 5600
f 5831 1489 5833
f 5600 5833 1429
f 5831 5833 5600
f 1489 5832 5834
f 5832 388 5822
f 5834 5822 1486
f 5832 5822 5834
f 1429 5824 5599
f 5824 1486 5821
f 5599 5821 16
f 5824 5821 5599
f 1489 5834 5833
f 5834 1486 5824
f 5833 5824 1429
f 5834 5824 5833
f 391 5878 5873
f 5878 1501 5882
f 5873 5882 1500
f 5878 5882 5873
f 1501 5877 5880
f 5877 388 5832
f 5880 5832 1489
f 5877 5832 5880
f 1500 5875 5872
f 5875 1489 5831
f 5872 5831 373
f 5875 5831 5872
f 1501 5880 5882
f 5880 1489 5875
f 5882 5875 1500
f 5880 5875 5882
f 108 6089 6037
f 6089 1550 6092
f 6037 6092 1539
f 6089 6092 6037
f 1550 6090 6113
f 6090 402 6110
f 6113 6110 1554
f 6090 6110 6113
f 1539 6111 6038
f 6111 1554 6109
f 6038 6109 400
f 6111 6109 6038
f 1550 6113 6092
f 6113 1554 6111
f 6092 6111 1539
f 6113 6111 6092
f 402 6086 6099
f 6086 1549 6102
f 6099 6102 1552
f 6086 6102 6099
f 1549 6085 6088
f 6085 106 5869
f 6088 5869 1499
f 6085 5869 6088
f 1552 6100 6098
f 6100 1499 5870
f 6098 5870 391
f 6100 5870 6098
f 1549 6088 6102
f 6088 1499 6100
f 6102 6100 1552
f 6088 6100 6102
f 400 6046 6034
f 6046 1541 6048
f 6034 6048 1538
f 6046 6048 6034
f 1541 6045 6047
f 6045 391 5867
f 6047 5867 1498
f 6045 5867 6047
f 1538 6036 6033
f 6036 1498 5866
f 6033 5866 102
f 6036 5866 6033
f 1541 6047 6048
f 6047 1498 6036
f 6048 6036 1538
f 6047 6036 6048
f 402 6099 6110
f 6099 1552 6114
f 6110 6114 1554
f 6099 6114 6110
f 1552 6098 6101
f 6098 391 6045
f 6101 6045 1541
f 6098 6045 6101
f 1554 6112 6109
f 6112 1541 6046
f 6109 6046 400
f 6112 6046 6109
f 1552 6101 6114
f 6101 1541 6112
f 6114 6112 1554
f 6101 6112 6114
f 4 2703 2587
f 2703 689 2705
f 2587 2705 655
f 2703 2705 2587
f 689 2704 2711
f 2704 180 2709
f 2711 2709 691
f 2704 2709 2711
f 655 2710 2588
f 2710 691 2708
f 2588 2708 169
f 2710 2708 2588
f 689 2711 2705
f 2711 691 2710
f 2705 2710 655
f 2711 2710 2705
f 180 2707 2727
f 2707 690 2729
f 2727 2729 697
f 2707 2729 2727
f 690 2706 2721
f 2706 50 2719
f 2721 2719 695
f 2706 2719 2721
f 697 2731 2728
f 2731 695 2720
f 2728 2720 182
f 2731 2720 2728
f 690 2721 2729
f 2721 695 2731
f 2729 2731 697
f 2721 2731 2729
f 169 2722 2590
f 2722 696 2724
f 2590 2724 656
f 2722 2724 2590
f 696 2723 2726
f 2723 182 2717
f 2726 2717 694
f 2723 2717 2726
f 656 2718 2589
f 2718 694 2716
f 2589 2716 46
f 2718 2716 2589
f 696 2726 2724
f 2726 694 2718
f 2724 2718 656
f 2726 2718 2724
f 180 2727 2709
f 2727 697 2730
f 2709 2730 691
f 2727 2730 2709
f 697 2728 2732
f 2728 182 2723
f 2732 2723 696
f 2728 2723 2732
f 691 2725 2708
f 2725 696 2722
f 2708 2722 169
f 2725 2722 2708
f 697 2732 2730
f 2732 696 2725
f 2730 2725 691
f 2732 2725 2730
f 50 2714 2825
f 2714 693 2827
f 2825 2827 723
f 2714 2827 2825
f 693 2715 2835
f 2715 181 2833
f 2835 2833 725
f 2715 2833 2835
f 723 2837 2826
f 2837 725 2834
f 2826 2834 190
f 2837 2834 2826
f 693 2835 2827
f 2835 725 2837
f 2827 2837 723
f 2835 2837 2827
f 181 2713 2782
f 2713 692 2784
f 2782 2784 713
f 2713 2784 2782
f 692 2712 2779
f 2712 16 2777
f 2779 2777 711
f 2712 2777 2779
f 713 2785 2783
f 2785 711 2778
f 2783 2778 187
f 2785 2778 2783
f 692 2779 2784
f 2779 711 2785
f 2784 2785 713
f 2779 2785 2784
f 190 2844 2830
f 2844 727 2847
f 2830 2847 724
f 2844 2847 2830
f 727 2843 2845
f 2843 187 2781
f 2845 2781 712
f 2843 2781 2845
f 724 2831 2829
f 2831 712 2780
f 2829 2780 52
f 2831 2780 2829
f 727 2845 2847
f 2845 712 2831
f 2847 2831 724
f 2845 2831 2847
f 181 2782 2833
f 2782 713 2836
f 2833 2836 725
f 2782 2836 2833
f 713 2783 2846
f 2783 187 2843
f 2846 2843 727
f 2783 2843 2846
f 725 2848 2834
f 2848 727 2844
f 2834 2844 190
f 2848 2844 2834
f 713 2846 2836
f 2846 727 2848
f 2836 2848 725
f 2846 2848 2836
f 46 2786 2593
f 2786 714 2788
f 2593 2788 658
f 2786 2788 2593
f 714 2787 2797
f 2787 188 2794
f 2797 2794 716
f 2787 2794 2797
f 658 2795 2594
f 2795 716 2793
f 2594 2793 170
f 2795 2793 2594
f 714 2797 2788
f 2797 716 2795
f 2788 2795 658
f 2797 2795 2788
f 188 2791 2803
f 2791 715 2806
f 2803 2806 718
f 2791 2806 2803
f 715 2790 2792
f 2790 52 2767
f 2792 2767 708
f 2790 2767 2792
f 718 2804 2802
f 2804 708 2768
f 2802 2768 186
f 2804 2768 2802
f 715 2792 2806
f 2792 708 2804
f 2806 2804 718
f 2792 2804 2806
f 170 2769 2592
f 2769 709 2771
f 2592 2771 657
f 2769 2771 2592
f 709 2770 2772
f 2770 186 2764
f 2772 2764 707
f 2770 2764 2772
f 657 2765 2591
f 2765 707 2763
f 2591 2763 14
f 2765 2763 2591
f 709 2772 2771
f 2772 707 2765
f 2771 2765 657
f 2772 2765 2771
f 188 2803 2794
f 2803 718 2807
f 2794 2807 716
f 2803 2807 2794
f 718 2802 2805
f 2802 186 2770
f 2805 2770 709
f 2802 2770 2805
f 716 2796 2793
f 2796 709 2769
f 2793 2769 170
f 2796 2769 2793
f 718 2805 2807
f 2805 709 2796
f 2807 2796 716
f 2805 2796 2807
f 50 2825 2719
f 2825 723 2828
f 2719 2828 695
f 2825 2828 2719
f 723 2826 2842
f 2826 190 2839
f 2842 2839 726
f 2826 2839 2842
f 695 2840 2720
f 2840 726 2838
f 2720 2838 182
f 2840 2838 2720
f 723 2842 2828
f 2842 726 2840
f 2828 2840 695
f 2842 2840 2828
f 190 2830 2850
f 2830 724 2853
f 2850 2853 728
f 2830 2853 2850
f 724 2829 2832
f 2829 52 2790
f 2832 2790 715
f 2829 2790 2832
f 728 2851 2849
f 2851 715 2791
f 2849 2791 188
f 2851 2791 2849
f 724 2832 2853
f 2832 715 2851
f 2853 2851 728
f 2832 2851 2853
f 182 2798 2717
f 2798 717 2800
f 2717 2800 694
f 2798 2800 2717
f 717 2799 2801
f 2799 188 2787
f 2801 2787 714
f 2799 2787 2801
f 694 2789 2716
f 2789 714 2786
f 2716 2786 46
f 2789 2786 2716
f 717 2801 2800
f 2801 714 2789
f 2800 2789 694
f 2801 2789 2800
f 190 2850 2839
f 2850 728 2854
f 2839 2854 726
f 2850 2854 2839
f 728 2849 2852
f 2849 188 2799
f 2852 2799 717
f 2849 2799 2852
f 726 2841 2838
f 2841 717 2798
f 2838 2798 182
f 2841 2798 2838
f 728 2852 2854
f 2852 717 2841
f 2854 2841 726
f 2852 2841 2854
f 16 2742 2869
f 2742 701 2871
f 2869 2871 733
f 2742 2871 2869
f 701 2743 2877
f 2743 184 2875
f 2877 2875 735
f 2743 2875 2877
f 733 2878 2870
f 2878 735 2876
f 2870 2876 192
f 2878 2876 2870
f 701 2877 2871
f 2877 735 2878
f 2871 2878 733
f 2877 2878 2871
f 184 2745 2935
f 2745 702 2937
f 2935 2937 749
f 2745 2937 2935
f 702 2744 2929
f 2744 51 2927
f 2929 2927 747
f 2744 2927 2929
f 749 2939 2936
f 2939 747 2928
f 2936 2928 195
f 2939 2928 2936
f 702 2929 2937
f 2929 747 2939
f 2937 2939 749
f 2929 2939 2937
f 192 2945 2874
f 2945 751 2947
f 2874 2947 734
f 2945 2947 2874
f 751 2946 2949
f 2946 195 2932
f 2949 2932 748
f 2946 2932 2949
f 734 2933 2873
f 2933 748 2931
f 2873 2931 53
f 2933 2931 2873
f 751 2949 2947
f 2949 748 2933
f 2947 2933 734
f 2949 2933 2947
f 184 2935 2875
f 2935 749 2938
f 2875 2938 735
f 2935 2938 2875
f 749 2936 2950
f 2936 195 2946
f 2950 2946 751
f 2936 2946 2950
f 735 2948 2876
f 2948 751 2945
f 2876 2945 192
f 2948 2945 2876
f 749 2950 2938
f 2950 751 2948
f 2938 2948 735
f 2950 2948 2938
f 51 2736 2749
f 2736 699 2751
f 2749 2751 704
f 2736 2751 2749
f 699 2737 2759
f 2737 183 2757
f 2759 2757 706
f 2737 2757 2759
f 704 2761 2750
f 2761 706 2758
f 2750 2758 185
f 2761 2758 2750
f 699 2759 2751
f 2759 706 2761
f 2751 2761 704
f 2759 2761 2751
f 183 2734 2739
f 2734 698 2741
f 2739 2741 700
f 2734 2741 2739
f 698 2733 2735
f 2733 5 2625
f 2735 2625 668
f 2733 2625 2735
f 700 2740 2738
f 2740 668 2626
f 2738 2626 174
f 2740 2626 2738
f 698 2735 2741
f 2735 668 2740
f 2741 2740 700
f 2735 2740 2741
f 185 2753 2747
f 2753 705 2756
f 2747 2756 703
f 2753 2756 2747
f 705 2752 2754
f 2752 174 2628
f 2754 2628 669
f 2752 2628 2754
f 703 2748 2746
f 2748 669 2627
f 2746 2627 48
f 2748 2627 2746
f 705 2754 2756
f 2754 669 2748
f 2756 2748 703
f 2754 2748 2756
f 183 2739 2757
f 2739 700 2760
f 2757 2760 706
f 2739 2760 2757
f 700 2738 2755
f 2738 174 2752
f 2755 2752 705
f 2738 2752 2755
f 706 2762 2758
f 2762 705 2753
f 2758 2753 185
f 2762 2753 2758
f 700 2755 2760
f 2755 705 2762
f 2760 2762 706
f 2755 2762 2760
f 53 2887 2859
f 2887 738 2889
f 2859 2889 730
f 2887 2889 2859
f 738 2888 2903
f 2888 193 2900
f 2903 2900 741
f 2888 2900 2903
f 730 2901 2860
f 2901 741 2899
f 2860 2899 191
f 2901 2899 2860
f 738 2903 2889
f 2903 741 2901
f 2889 2901 730
f 2903 2901 2889
f 193 2884 2891
f 2884 737 2894
f 2891 2894 739
f 2884 2894 2891
f 737 2883 2885
f 2883 48 2631
f 2885 2631 671
f 2883 2631 2885
f 739 2892 2890
f 2892 671 2632
f 2890 2632 175
f 2892 2632 2890
f 737 2885 2894
f 2885 671 2892
f 2894 2892 739
f 2885 2892 2894
f 191 2862 2856
f 2862 731 2864
f 2856 2864 729
f 2862 2864 2856
f 731 2861 2863
f 2861 175 2630
f 2863 2630 670
f 2861 2630 2863
f 729 2857 2855
f 2857 670 2629
f 2855 2629 15
f 2857 2629 2855
f 731 2863 2864
f 2863 670 2857
f 2864 2857 729
f 2863 2857 2864
f 193 2891 2900
f 2891 739 2904
f 2900 2904 741
f 2891 2904 2900
f 739 2890 2893
f 2890 175 2861
f 2893 2861 731
f 2890 2861 2893
f 741 2902 2899
f 2902 731 2862
f 2899 2862 191
f 2902 2862 2899
f 739 2893 2904
f 2893 731 2902
f 2904 2902 741
f 2893 2902 2904
f 51 2749 2927
f 2749 704 2930
f 2927 2930 747
f 2749 2930 2927
f 704 2750 2942
f 2750 185 2940
f 2942 2940 750
f 2750 2940 2942
f 747 2944 2928
f 2944 750 2941
f 2928 2941 195
f 2944 2941 2928
f 704 2942 2930
f 2942 750 2944
f 2930 2944 747
f 2942 2944 2930
f 185 2747 2895
f 2747 703 2897
f 2895 2897 740
f 2747 2897 2895
f 703 2746 2886
f 2746 48 2883
f 2886 2883 737
f 2746 2883 2886
f 740 2898 2896
f 2898 737 2884
f 2896 2884 193
f 2898 2884 2896
f 703 2886 2897
f 2886 737 2898
f 2897 2898 740
f 2886 2898 2897
f 195 2952 2932
f 2952 752 2955
f 2932 2955 748
f 2952 2955 2932
f 752 2951 2953
f 2951 193 2888
f 2953 2888 738
f 2951 2888 2953
f 748 2934 2931
f 2934 738 2887
f 2931 2887 53
f 2934 2887 2931
f 752 2953 2955
f 2953 738 2934
f 2955 2934 748
f 2953 2934 2955
f 185 2895 2940
f 2895 740 2943
f 2940 2943 750
f 2895 2943 2940
f 740 2896 2954
f 2896 193 2951
f 2954 2951 752
f 2896 2951 2954
f 750 2956 2941
f 2956 752 2952
f 2941 2952 195
f 2956 2952 2941
f 740 2954 2943
f 2954 752 2956
f 2943 2956 750
f 2954 2956 2943
f 14 2633 2583
f 2633 672 2635
f 2583 2635 653
f 2633 2635 2583
f 672 2634 2641
f 2634 176 2639
f 2641 2639 674
f 2634 2639 2641
f 653 2640 2584
f 2640 674 2638
f 2584 2638 168
f 2640 2638 2584
f 672 2641 2635
f 2641 674 2640
f 2635 2640 653
f 2641 2640 2635
f 176 2637 2667
f 2637 673 2669
f 2667 2669 682
f 2637 2669 2667
f 673 2636 2657
f 2636 49 2655
f 2657 2655 679
f 2636 2655 2657
f 682 2671 2668
f 2671 679 2656
f 2668 2656 178
f 2671 2656 2668
f 673 2657 2669
f 2657 679 2671
f 2669 2671 682
f 2657 2671 2669
f 168 2658 2586
f 2658 680 2660
f 2586 2660 654
f 2658 2660 2586
f 680 2659 2662
f 2659 178 2652
f 2662 2652 678
f 2659 2652 2662
f 654 2653 2585
f 2653 678 2651
f 2585 2651 45
f 2653 2651 2585
f 680 2662 2660
f 2662 678 2653
f 2660 2653 654
f 2662 2653 2660
f 176 2667 2639
f 2667 682 2670
f 2639 2670 674
f 2667 2670 2639
f 682 2668 2672
f 2668 178 2659
f 2672 2659 680
f 2668 2659 2672
f 674 2661 2638
f 2661 680 2658
f 2638 2658 168
f 2661 2658 2638
f 682 2672 2670
f 2672 680 2661
f 2670 2661 674
f 2672 2661 2670
f 49 2645 2677
f 2645 676 2679
f 2677 2679 684
f 2645 2679 2677
f 676 2646 2693
f 2646 177 2691
f 2693 2691 687
f 2646 2691 2693
f 684 2695 2678
f 2695 687 2692
f 2678 2692 179
f 2695 2692 2678
f 676 2693 2679
f 2693 687 2695
f 2679 2695 684
f 2693 2695 2679
f 177 2643 2648
f 2643 675 2650
f 2648 2650 677
f 2643 2650 2648
f 675 2642 2644
f 2642 15 2604
f 2644 2604 662
f 2642 2604 2644
f 677 2649 2647
f 2649 662 2605
f 2647 2605 172
f 2649 2605 2647
f 675 2644 2650
f 2644 662 2649
f 2650 2649 677
f 2644 2649 2650
f 179 2682 2674
f 2682 685 2685
f 2674 2685 683
f 2682 2685 2674
f 685 2681 2683
f 2681 172 2607
f 2683 2607 663
f 2681 2607 2683
f 683 2675 2673
f 2675 663 2606
f 2673 2606 47
f 2675 2606 2673
f 685 2683 2685
f 2683 663 2675
f 2685 2675 683
f 2683 2675 2685
f 177 2648 2691
f 2648 677 2694
f 2691 2694 687
f 2648 2694 2691
f 677 2647 2684
f 2647 172 2681
f 2684 2681 685
f 2647 2681 2684
f 687 2696 2692
f 2696 685 2682
f 2692 2682 179
f 2696 2682 2692
f 677 2684 2694
f 2684 685 2696
f 2694 2696 687
f 2684 2696 2694
f 45 2608 2581
f 2608 664 2610
f 2581 2610 652
f 2608 2610 2581
f 664 2609 2618
f 2609 173 2615
f 2618 2615 666
f 2609 2615 2618
f 652 2616 2582
f 2616 666 2614
f 2582 2614 167
f 2616 2614 2582
f 664 2618 2610
f 2618 666 2616
f 2610 2616 652
f 2618 2616 2610
f 173 2612 2620
f 2612 665 2623
f 2620 2623 667
f 2612 2623 2620
f 665 2611 2613
f 2611 47 2598
f 2613 2598 660
f 2611 2598 2613
f 667 2621 2619
f 2621 660 2599
f 2619 2599 171
f 2621 2599 2619
f 665 2613 2623
f 2613 660 2621
f 2623 2621 667
f 2613 2621 2623
f 167 2600 2580
f 2600 661 2602
f 2580 2602 651
f 2600 2602 2580
f 661 2601 2603
f 2601 171 2596
f 2603 2596 659
f 2601 2596 2603
f 651 2597 2579
f 2597 659 2595
f 2579 2595 3
f 2597 2595 2579
f 661 2603 2602
f 2603 659 2597
f 2602 2597 651
f 2603 2597 2602
f 173 2620 2615
f 2620 667 2624
f 2615 2624 666
f 2620 2624 2615
f 667 2619 2622
f 2619 171 2601
f 2622 2601 661
f 2619 2601 2622
f 666 2617 2614
f 2617 661 2600
f 2614 2600 167
f 2617 2600 2614
f 667 2622 2624
f 2622 661 2617
f 2624 2617 666
f 2622 2617 2624
f 49 2677 2655
f 2677 684 2680
f 2655 2680 679
f 2677 2680 2655
f 684 2678 2701
f 2678 179 2698
f 2701 2698 688
f 2678 2698 2701
f 679 2699 2656
f 2699 688 2697
f 2656 2697 178
f 2699 2697 2656
f 684 2701 2680
f 2701 688 2699
f 2680 2699 679
f 2701 2699 2680
f 179 2674 2687
f 2674 683 2690
f 2687 2690 686
f 2674 2690 2687
f 683 2673 2676
f 2673 47 2611
f 2676 2611 665
f 2673 2611 2676
f 686 2688 2686
f 2688 665 2612
f 2686 2612 173
f 2688 2612 2686
f 683 2676 2690
f 2676 665 2688
f 2690 2688 686
f 2676 2688 2690
f 178 2664 2652
f 2664 681 2666
f 2652 2666 678
f 2664 2666 2652
f 681 2663 2665
f 2663 173 2609
f 2665 2609 664
f 2663 2609 2665
f 678 2654 2651
f 2654 664 2608
f 2651 2608 45
f 2654 2608 2651
f 681 2665 2666
f 2665 664 2654
f 2666 2654 678
f 2665 2654 2666
f 179 2687 2698
f 2687 686 2702
f 2698 2702 688
f 2687 2702 2698
f 686 2686 2689
f 2686 173 2663
f 2689 2663 681
f 2686 2663 2689
f 688 2700 2697
f 2700 681 2664
f 2697 2664 178
f 2700 2664 2697
f 686 2689 2702
f 2689 681 2700
f 2702 2700 688
f 2689 2700 2702
f 16 2869 2777
f 2869 733 2872
f 2777 2872 711
f 2869 2872 2777
f 733 2870 2882
f 2870 192 2880
f 2882 2880 736
f 2870 2880 2882
f 711 2881 2778
f 2881 736 2879
f 2778 2879 187
f 2881 2879 2778
f 733 2882 2872
f 2882 736 2881
f 2872 2881 711
f 2882 2881 2872
f 192 2874 2975
f 2874 734 2977
f 2975 2977 757
f 2874 2977 2975
f 734 2873 2963
f 2873 53 2961
f 2963 2961 754
f 2873 2961 2963
f 757 2979 2976
f 2979 754 2962
f 2976 2962 196
f 2979 2962 2976
f 734 2963 2977
f 2963 754 2979
f 2977 2979 757
f 2963 2979 2977
f 187 2965 2781
f 2965 755 2967
f 2781 2967 712
f 2965 2967 2781
f 755 2966 2969
f 2966 196 2958
f 2969 2958 753
f 2966 2958 2969
f 712 2959 2780
f 2959 753 2957
f 2780 2957 52
f 2959 2957 2780
f 755 2969 2967
f 2969 753 2959
f 2967 2959 712
f 2969 2959 2967
f 192 2975 2880
f 2975 757 2978
f 2880 2978 736
f 2975 2978 2880
f 757 2976 2980
f 2976 196 2966
f 2980 2966 755
f 2976 2966 2980
f 736 2968 2879
f 2968 755 2965
f 2879 2965 187
f 2968 2965 2879
f 757 2980 2978
f 2980 755 2968
f 2978 2968 736
f 2980 2968 2978
f 53 2859 2909
f 2859 730 2911
f 2909 2911 743
f 2859 2911 2909
f 730 2860 2923
f 2860 191 2921
f 2923 2921 746
f 2860 2921 2923
f 743 2925 2910
f 2925 746 2922
f 2910 2922 194
f 2925 2922 2910
f 730 2923 2911
f 2923 746 2925
f 2911 2925 743
f 2923 2925 2911
f 191 2856 2866
f 2856 729 2868
f 2866 2868 732
f 2856 2868 2866
f 729 2855 2858
f 2855 15 2642
f 2858 2642 675
f 2855 2642 2858
f 732 2867 2865
f 2867 675 2643
f 2865 2643 177
f 2867 2643 2865
f 729 2858 2868
f 2858 675 2867
f 2868 2867 732
f 2858 2867 2868
f 194 2913 2906
f 2913 744 2916
f 2906 2916 742
f 2913 2916 2906
f 744 2912 2914
f 2912 177 2646
f 2914 2646 676
f 2912 2646 2914
f 742 2907 2905
f 2907 676 2645
f 2905 2645 49
f 2907 2645 2905
f 744 2914 2916
f 2914 676 2907
f 2916 2907 742
f 2914 2907 2916
f 191 2866 2921
f 2866 732 2924
f 2921 2924 746
f 2866 2924 2921
f 732 2865 2915
f 2865 177 2912
f 2915 2912 744
f 2865 2912 2915
f 746 2926 2922
f 2926 744 2913
f 2922 2913 194
f 2926 2913 2922
f 732 2915 2924
f 2915 744 2926
f 2924 2926 746
f 2915 2926 2924
f 52 2811 2767
f 2811 720 2813
f 2767 2813 708
f 2811 2813 2767
f 720 2812 2823
f 2812 189 2820
f 2823 2820 722
f 2812 2820 2823
f 708 2821 2768
f 2821 722 2819
f 2768 2819 186
f 2821 2819 2768
f 720 2823 2813
f 2823 722 2821
f 2813 2821 708
f 2823 2821 2813
f 189 2809 2815
f 2809 719 2818
f 2815 2818 721
f 2809 2818 2815
f 719 2808 2810
f 2808 49 2636
f 2810 2636 673
f 2808 2636 2810
f 721 2816 2814
f 2816 673 2637
f 2814 2637 176
f 2816 2637 2814
f 719 2810 2818
f 2810 673 2816
f 2818 2816 721
f 2810 2816 2818
f 186 2774 2764
f 2774 710 2776
f 2764 2776 707
f 2774 2776 2764
f 710 2773 2775
f 2773 176 2634
f 2775 2634 672
f 2773 2634 2775
f 707 2766 2763
f 2766 672 2633
f 2763 2633 14
f 2766 2633 2763
f 710 2775 2776
f 2775 672 2766
f 2776 2766 707
f 2775 2766 2776
f 189 2815 2820
f 2815 721 2824
f 2820 2824 722
f 2815 2824 2820
f 721 2814 2817
f 2814 176 2773
f 2817 2773 710
f 2814 2773 2817
f 722 2822 2819
f 2822 710 2774
f 2819 2774 186
f 2822 2774 2819
f 721 2817 2824
f 2817 710 2822
f 2824 2822 722
f 2817 2822 2824
f 53 2909 2961
f 2909 743 2964
f 2961 2964 754
f 2909 2964 2961
f 743 2910 2983
f 2910 194 2981
f 2983 2981 758
f 2910 2981 2983
f 754 2985 2962
f 2985 758 2982
f 2962 2982 196
f 2985 2982 2962
f 743 2983 2964
f 2983 758 2985
f 2964 2985 754
f 2983 2985 2964
f 194 2906 2918
f 2906 742 2920
f 2918 2920 745
f 2906 2920 2918
f 742 2905 2908
f 2905 49 2808
f 2908 2808 719
f 2905 2808 2908
f 745 2919 2917
f 2919 719 2809
f 2917 2809 189
f 2919 2809 2917
f 742 2908 2920
f 2908 719 2919
f 2920 2919 745
f 2908 2919 2920
f 196 2971 2958
f 2971 756 2974
f 2958 2974 753
f 2971 2974 2958
f 756 2970 2972
f 2970 189 2812
f 2972 2812 720
f 2970 2812 2972
f 753 2960 2957
f 2960 720 2811
f 2957 2811 52
f 2960 2811 2957
f 756 2972 2974
f 2972 720 2960
f 2974 2960 753
f 2972 2960 2974
f 194 2918 2981
f 2918 745 2984
f 2981 2984 758
f 2918 2984 2981
f 745 2917 2973
f 2917 189 2970
f 2973 2970 756
f 2917 2970 2973
f 758 2986 2982
f 2986 756 2971
f 2982 2971 196
f 2986 2971 2982
f 745 2973 2984
f 2973 756 2986
f 2984 2986 758
f 2973 2986 2984
f 4 2587 3503
f 2587 655 3505
f 3503 3505 897
f 2587 3505 3503
f 655 2588 3510
f 2588 169 3508
f 3510 3508 899
f 2588 3508 3510
f 897 3511 3504
f 3511 899 3509
f 3504 3509 236
f 3511 3509 3504
f 655 3510 3505
f 3510 899 3511
f 3505 3511 897
f 3510 3511 3505
f 169 2590 3522
f 2590 656 3524
f 3522 3524 904
f 2590 3524 3522
f 656 2589 3518
f 2589 46 3516
f 3518 3516 902
f 2589 3516 3518
f 904 3526 3523
f 3526 902 3517
f 3523 3517 238
f 3526 3517 3523
f 656 3518 3524
f 3518 902 3526
f 3524 3526 904
f 3518 3526 3524
f 236 3527 3507
f 3527 905 3529
f 3507 3529 898
f 3527 3529 3507
f 905 3528 3531
f 3528 238 3520
f 3531 3520 903
f 3528 3520 3531
f 898 3521 3506
f 3521 903 3519
f 3506 3519 66
f 3521 3519 3506
f 905 3531 3529
f 3531 903 3521
f 3529 3521 898
f 3531 3521 3529
f 169 3522 3508
f 3522 904 3525
f 3508 3525 899
f 3522 3525 3508
f 904 3523 3532
f 3523 238 3528
f 3532 3528 905
f 3523 3528 3532
f 899 3530 3509
f 3530 905 3527
f 3509 3527 236
f 3530 3527 3509
f 904 3532 3525
f 3532 905 3530
f 3525 3530 899
f 3532 3530 3525
f 46 2593 3586
f 2593 658 3588
f 3586 3588 922
f 2593 3588 3586
f 658 2594 3595
f 2594 170 3593
f 3595 3593 924
f 2594 3593 3595
f 922 3597 3587
f 3597 924 3594
f 3587 3594 244
f 3597 3594 3587
f 658 3595 3588
f 3595 924 3597
f 3588 3597 922
f 3595 3597 3588
f 170 2592 3569
f 2592 657 3571
f 3569 3571 917
f 2592 3571 3569
f 657 2591 3565
f 2591 14 3563
f 3565 3563 915
f 2591 3563 3565
f 917 3572 3570
f 3572 915 3564
f 3570 3564 242
f 3572 3564 3570
f 657 3565 3571
f 3565 915 3572
f 3571 3572 917
f 3565 3572 3571
f 244 3603 3591
f 3603 926 3606
f 3591 3606 923
f 3603 3606 3591
f 926 3602 3604
f 3602 242 3568
f 3604 3568 916
f 3602 3568 3604
f 923 3592 3590
f 3592 916 3567
f 3590 3567 68
f 3592 3567 3590
f 926 3604 3606
f 3604 916 3592
f 3606 3592 923
f 3604 3592 3606
f 170 3569 3593
f 3569 917 3596
f 3593 3596 924
f 3569 3596 3593
f 917 3570 3605
f 3570 242 3602
f 3605 3602 926
f 3570 3602 3605
f 924 3607 3594
f 3607 926 3603
f 3594 3603 244
f 3607 3603 3594
f 917 3605 3596
f 3605 926 3607
f 3596 3607 924
f 3605 3607 3596
f 66 3625 3514
f 3625 931 3627
f 3514 3627 901
f 3625 3627 3514
f 931 3626 3637
f 3626 246 3634
f 3637 3634 933
f 3626 3634 3637
f 901 3635 3515
f 3635 933 3633
f 3515 3633 237
f 3635 3633 3515
f 931 3637 3627
f 3637 933 3635
f 3627 3635 901
f 3637 3635 3627
f 246 3630 3644
f 3630 932 3647
f 3644 3647 935
f 3630 3647 3644
f 932 3629 3631
f 3629 68 3580
f 3631 3580 920
f 3629 3580 3631
f 935 3645 3643
f 3645 920 3581
f 3643 3581 243
f 3645 3581 3643
f 932 3631 3647
f 3631 920 3645
f 3647 3645 935
f 3631 3645 3647
f 237 3582 3513
f 3582 921 3584
f 3513 3584 900
f 3582 3584 3513
f 921 3583 3585
f 3583 243 3578
f 3585 3578 919
f 3583 3578 3585
f 900 3579 3512
f 3579 919 3577
f 3512 3577 21
f 3579 3577 3512
f 921 3585 3584
f 3585 919 3579
f 3584 3579 900
f 3585 3579 3584
f 246 3644 3634
f 3644 935 3648
f 3634 3648 933
f 3644 3648 3634
f 935 3643 3646
f 3643 243 3583
f 3646 3583 921
f 3643 3583 3646
f 933 3636 3633
f 3636 921 3582
f 3633 3582 237
f 3636 3582 3633
f 935 3646 3648
f 3646 921 3636
f 3648 3636 933
f 3646 3636 3648
f 46 3586 3516
f 3586 922 3589
f 3516 3589 902
f 3586 3589 3516
f 922 3587 3601
f 3587 244 3599
f 3601 3599 925
f 3587 3599 3601
f 902 3600 3517
f 3600 925 3598
f 3517 3598 238
f 3600 3598 3517
f 922 3601 3589
f 3601 925 3600
f 3589 3600 902
f 3601 3600 3589
f 244 3591 3649
f 3591 923 3651
f 3649 3651 936
f 3591 3651 3649
f 923 3590 3632
f 3590 68 3629
f 3632 3629 932
f 3590 3629 3632
f 936 3653 3650
f 3653 932 3630
f 3650 3630 246
f 3653 3630 3650
f 923 3632 3651
f 3632 932 3653
f 3651 3653 936
f 3632 3653 3651
f 238 3638 3520
f 3638 934 3640
f 3520 3640 903
f 3638 3640 3520
f 934 3639 3642
f 3639 246 3626
f 3642 3626 931
f 3639 3626 3642
f 903 3628 3519
f 3628 931 3625
f 3519 3625 66
f 3628 3625 3519
f 934 3642 3640
f 3642 931 3628
f 3640 3628 903
f 3642 3628 3640
f 244 3649 3599
f 3649 936 3652
f 3599 3652 925
f 3649 3652 3599
f 936 3650 3654
f 3650 246 3639
f 3654 3639 934
f 3650 3639 3654
f 925 3641 3598
f 3641 934 3638
f 3598 3638 238
f 3641 3638 3598
f 936 3654 3652
f 3654 934 3641
f 3652 3641 925
f 3654 3641 3652
f 14 2583 3433
f 2583 653 3435
f 3433 3435 880
f 2583 3435 3433
f 653 2584 3440
f 2584 168 3438
f 3440 3438 882
f 2584 3438 3440
f 880 3441 3434
f 3441 882 3439
f 3434 3439 232
f 3441 3439 3434
f 653 3440 3435
f 3440 882 3441
f 3435 3441 880
f 3440 3441 3435
f 168 2586 3458
f 2586 654 3460
f 3458 3460 888
f 2586 3460 3458
f 654 2585 3453
f 2585 45 3451
f 3453 3451 886
f 2585 3451 3453
f 888 3462 3459
f 3462 886 3452
f 3459 3452 234
f 3462 3452 3459
f 654 3453 3460
f 3453 886 3462
f 3460 3462 888
f 3453 3462 3460
f 232 3467 3437
f 3467 890 3469
f 3437 3469 881
f 3467 3469 3437
f 890 3468 3471
f 3468 234 3456
f 3471 3456 887
f 3468 3456 3471
f 881 3457 3436
f 3457 887 3455
f 3436 3455 65
f 3457 3455 3436
f 890 3471 3469
f 3471 887 3457
f 3469 3457 881
f 3471 3457 3469
f 168 3458 3438
f 3458 888 3461
f 3438 3461 882
f 3458 3461 3438
f 888 3459 3472
f 3459 234 3468
f 3472 3468 890
f 3459 3468 3472
f 882 3470 3439
f 3470 890 3467
f 3439 3467 232
f 3470 3467 3439
f 888 3472 3461
f 3472 890 3470
f 3461 3470 882
f 3472 3470 3461
f 45 2581 3408
f 2581 652 3410
f 3408 3410 872
f 2581 3410 3408
f 652 2582 3416
f 2582 167 3414
f 3416 3414 874
f 2582 3414 3416
f 872 3418 3409
f 3418 874 3415
f 3409 3415 229
f 3418 3415 3409
f 652 3416 3410
f 3416 874 3418
f 3410 3418 872
f 3416 3418 3410
f 167 2580 3400
f 2580 651 3402
f 3400 3402 869
f 2580 3402 3400
f 651 2579 3397
f 2579 3 3395
f 3397 3395 867
f 2579 3395 3397
f 869 3403 3401
f 3403 867 3396
f 3401 3396 227
f 3403 3396 3401
f 651 3397 3402
f 3397 867 3403
f 3402 3403 869
f 3397 3403 3402
f 229 3420 3412
f 3420 875 3423
f 3412 3423 873
f 3420 3423 3412
f 875 3419 3421
f 3419 227 3399
f 3421 3399 868
f 3419 3399 3421
f 873 3413 3411
f 3413 868 3398
f 3411 3398 63
f 3413 3398 3411
f 875 3421 3423
f 3421 868 3413
f 3423 3413 873
f 3421 3413 3423
f 167 3400 3414
f 3400 869 3417
f 3414 3417 874
f 3400 3417 3414
f 869 3401 3422
f 3401 227 3419
f 3422 3419 875
f 3401 3419 3422
f 874 3424 3415
f 3424 875 3420
f 3415 3420 229
f 3424 3420 3415
f 869 3422 3417
f 3422 875 3424
f 3417 3424 874
f 3422 3424 3417
f 65 3477 3445
f 3477 892 3479
f 3445 3479 884
f 3477 3479 3445
f 892 3478 3495
f 3478 235 3492
f 3495 3492 895
f 3478 3492 3495
f 884 3493 3446
f 3493 895 3491
f 3446 3491 233
f 3493 3491 3446
f 892 3495 3479
f 3495 895 3493
f 3479 3493 884
f 3495 3493 3479
f 235 3474 3482
f 3474 891 3485
f 3482 3485 893
f 3474 3485 3482
f 891 3473 3475
f 3473 63 3406
f 3475 3406 871
f 3473 3406 3475
f 893 3483 3481
f 3483 871 3407
f 3481 3407 228
f 3483 3407 3481
f 891 3475 3485
f 3475 871 3483
f 3485 3483 893
f 3475 3483 3485
f 233 3448 3443
f 3448 885 3450
f 3443 3450 883
f 3448 3450 3443
f 885 3447 3449
f 3447 228 3405
f 3449 3405 870
f 3447 3405 3449
f 883 3444 3442
f 3444 870 3404
f 3442 3404 20
f 3444 3404 3442
f 885 3449 3450
f 3449 870 3444
f 3450 3444 883
f 3449 3444 3450
f 235 3482 3492
f 3482 893 3496
f 3492 3496 895
f 3482 3496 3492
f 893 3481 3484
f 3481 228 3447
f 3484 3447 885
f 3481 3447 3484
f 895 3494 3491
f 3494 885 3448
f 3491 3448 233
f 3494 3448 3491
f 893 3484 3496
f 3484 885 3494
f 3496 3494 895
f 3484 3494 3496
f 45 3408 3451
f 3408 872 3454
f 3451 3454 886
f 3408 3454 3451
f 872 3409 3465
f 3409 229 3463
f 3465 3463 889
f 3409 3463 3465
f 886 3466 3452
f 3466 889 3464
f 3452 3464 234
f 3466 3464 3452
f 872 3465 3454
f 3465 889 3466
f 3454 3466 886
f 3465 3466 3454
f 229 3412 3486
f 3412 873 3488
f 3486 3488 894
f 3412 3488 3486
f 873 3411 3476
f 3411 63 3473
f 3476 3473 891
f 3411 3473 3476
f 894 3490 3487
f 3490 891 3474
f 3487 3474 235
f 3490 3474 3487
f 873 3476 3488
f 3476 891 3490
f 3488 3490 894
f 3476 3490 3488
f 234 3497 3456
f 3497 896 3499
f 3456 3499 887
f 3497 3499 3456
f 896 3498 3501
f 3498 235 3478
f 3501 3478 892
f 3498 3478 3501
f 887 3480 3455
f 3480 892 3477
f 3455 3477 65
f 3480 3477 3455
f 896 3501 3499
f 3501 892 3480
f 3499 3480 887
f 3501 3480 3499
f 229 3486 3463
f 3486 894 3489
f 3463 3489 889
f 3486 3489 3463
f 894 3487 3502
f 3487 235 3498
f 3502 3498 896
f 3487 3498 3502
f 889 3500 3464
f 3500 896 3497
f 3464 3497 234
f 3500 3497 3464
f 894 3502 3489
f 3502 896 3500
f 3489 3500 889
f 3502 3500 3489
f 21 3669 3542
f 3669 941 3671
f 3542 3671 909
f 3669 3671 3542
f 941 3670 3678
f 3670 248 3676
f 3678 3676 943
f 3670 3676 3678
f 909 3677 3543
f 3677 943 3675
f 3543 3675 240
f 3677 3675 3543
f 941 3678 3671
f 3678 943 3677
f 3671 3677 909
f 3678 3677 3671
f 248 3674 3745
f 3674 942 3747
f 3745 3747 959
f 3674 3747 3745
f 942 3673 3733
f 3673 69 3731
f 3733 3731 956
f 3673 3731 3733
f 959 3749 3746
f 3749 956 3732
f 3746 3732 251
f 3749 3732 3746
f 942 3733 3747
f 3733 956 3749
f 3747 3749 959
f 3733 3749 3747
f 240 3735 3545
f 3735 957 3737
f 3545 3737 910
f 3735 3737 3545
f 957 3736 3739
f 3736 251 3728
f 3739 3728 955
f 3736 3728 3739
f 910 3729 3544
f 3729 955 3727
f 3544 3727 67
f 3729 3727 3544
f 957 3739 3737
f 3739 955 3729
f 3737 3729 910
f 3739 3729 3737
f 248 3745 3676
f 3745 959 3748
f 3676 3748 943
f 3745 3748 3676
f 959 3746 3750
f 3746 251 3736
f 3750 3736 957
f 3746 3736 3750
f 943 3738 3675
f 3738 957 3735
f 3675 3735 240
f 3738 3735 3675
f 959 3750 3748
f 3750 957 3738
f 3748 3738 943
f 3750 3738 3748
f 69 3659 3687
f 3659 938 3689
f 3687 3689 946
f 3659 3689 3687
f 938 3660 3701
f 3660 247 3699
f 3701 3699 949
f 3660 3699 3701
f 946 3703 3688
f 3703 949 3700
f 3688 3700 249
f 3703 3700 3688
f 938 3701 3689
f 3701 949 3703
f 3689 3703 946
f 3701 3703 3689
f 247 3656 3662
f 3656 937 3664
f 3662 3664 939
f 3656 3664 3662
f 937 3655 3657
f 3655 20 3429
f 3657 3429 878
f 3655 3429 3657
f 939 3663 3661
f 3663 878 3430
f 3661 3430 231
f 3663 3430 3661
f 937 3657 3664
f 3657 878 3663
f 3664 3663 939
f 3657 3663 3664
f 249 3691 3684
f 3691 947 3694
f 3684 3694 945
f 3691 3694 3684
f 947 3690 3692
f 3690 231 3432
f 3692 3432 879
f 3690 3432 3692
f 945 3685 3683
f 3685 879 3431
f 3683 3431 64
f 3685 3431 3683
f 947 3692 3694
f 3692 879 3685
f 3694 3685 945
f 3692 3685 3694
f 247 3662 3699
f 3662 939 3702
f 3699 3702 949
f 3662 3702 3699
f 939 3661 3693
f 3661 231 3690
f 3693 3690 947
f 3661 3690 3693
f 949 3704 3700
f 3704 947 3691
f 3700 3691 249
f 3704 3691 3700
f 939 3693 3702
f 3693 947 3704
f 3702 3704 949
f 3693 3704 3702
f 67 3549 3536
f 3549 912 3551
f 3536 3551 907
f 3549 3551 3536
f 912 3550 3561
f 3550 241 3558
f 3561 3558 914
f 3550 3558 3561
f 907 3559 3537
f 3559 914 3557
f 3537 3557 239
f 3559 3557 3537
f 912 3561 3551
f 3561 914 3559
f 3551 3559 907
f 3561 3559 3551
f 241 3547 3553
f 3547 911 3556
f 3553 3556 913
f 3547 3556 3553
f 911 3546 3548
f 3546 64 3427
f 3548 3427 877
f 3546 3427 3548
f 913 3554 3552
f 3554 877 3428
f 3552 3428 230
f 3554 3428 3552
f 911 3548 3556
f 3548 877 3554
f 3556 3554 913
f 3548 3554 3556
f 239 3539 3534
f 3539 908 3541
f 3534 3541 906
f 3539 3541 3534
f 908 3538 3540
f 3538 230 3426
f 3540 3426 876
f 3538 3426 3540
f 906 3535 3533
f 3535 876 3425
f 3533 3425 7
f 3535 3425 3533
f 908 3540 3541
f 3540 876 3535
f 3541 3535 906
f 3540 3535 3541
f 241 3553 3558
f 3553 913 3562
f 3558 3562 914
f 3553 3562 3558
f 913 3552 3555
f 3552 230 3538
f 3555 3538 908
f 3552 3538 3555
f 914 3560 3557
f 3560 908 3539
f 3557 3539 239
f 3560 3539 3557
f 913 3555 3562
f 3555 908 3560
f 3562 3560 914
f 3555 3560 3562
f 69 3687 3731
f 3687 946 3734
f 3731 3734 956
f 3687 3734 3731
f 946 3688 3753
f 3688 249 3751
f 3753 3751 960
f 3688 3751 3753
f 956 3755 3732
f 3755 960 3752
f 3732 3752 251
f 3755 3752 3732
f 946 3753 3734
f 3753 960 3755
f 3734 3755 956
f 3753 3755 3734
f 249 3684 3696
f 3684 945 3698
f 3696 3698 948
f 3684 3698 3696
f 945 3683 3686
f 3683 64 3546
f 3686 3546 911
f 3683 3546 3686
f 948 3697 3695
f 3697 911 3547
f 3695 3547 241
f 3697 3547 3695
f 945 3686 3698
f 3686 911 3697
f 3698 3697 948
f 3686 3697 3698
f 251 3741 3728
f 3741 958 3744
f 3728 3744 955
f 3741 3744 3728
f 958 3740 3742
f 3740 241 3550
f 3742 3550 912
f 3740 3550 3742
f 955 3730 3727
f 3730 912 3549
f 3727 3549 67
f 3730 3549 3727
f 958 3742 3744
f 3742 912 3730
f 3744 3730 955
f 3742 3730 3744
f 249 3696 3751
f 3696 948 3754
f 3751 3754 960
f 3696 3754 3751
f 948 3695 3743
f 3695 241 3740
f 3743 3740 958
f 3695 3740 3743
f 960 3756 3752
f 3756 958 3741
f 3752 3741 251
f 3756 3741 3752
f 948 3743 3754
f 3743 958 3756
f 3754 3756 960
f 3743 3756 3754
f 14 3433 3563
f 3433 880 3566
f 3563 3566 915
f 3433 3566 3563
f 880 3434 3575
f 3434 232 3573
f 3575 3573 918
f 3434 3573 3575
f 915 3576 3564
f 3576 918 3574
f 3564 3574 242
f 3576 3574 3564
f 880 3575 3566
f 3575 918 3576
f 3566 3576 915
f 3575 3576 3566
f 232 3437 3614
f 3437 881 3616
f 3614 3616 929
f 3437 3616 3614
f 881 3436 3610
f 3436 65 3608
f 3610 3608 927
f 3436 3608 3610
f 929 3618 3615
f 3618 927 3609
f 3615 3609 245
f 3618 3609 3615
f 881 3610 3616
f 3610 927 3618
f 3616 3618 929
f 3610 3618 3616
f 242 3619 3568
f 3619 930 3621
f 3568 3621 916
f 3619 3621 3568
f 930 3620 3623
f 3620 245 3612
f 3623 3612 928
f 3620 3612 3623
f 916 3613 3567
f 3613 928 3611
f 3567 3611 68
f 3613 3611 3567
f 930 3623 3621
f 3623 928 3613
f 3621 3613 916
f 3623 3613 3621
f 232 3614 3573
f 3614 929 3617
f 3573 3617 918
f 3614 3617 3573
f 929 3615 3624
f 3615 245 3620
f 3624 3620 930
f 3615 3620 3624
f 918 3622 3574
f 3622 930 3619
f 3574 3619 242
f 3622 3619 3574
f 929 3624 3617
f 3624 930 3622
f 3617 3622 918
f 3624 3622 3617
f 65 3445 3705
f 3445 884 3707
f 3705 3707 950
f 3445 3707 3705
f 884 3446 3714
f 3446 233 3712
f 3714 3712 952
f 3446 3712 3714
f 950 3716 3706
f 3716 952 3713
f 3706 3713 250
f 3716 3713 3706
f 884 3714 3707
f 3714 952 3716
f 3707 3716 950
f 3714 3716 3707
f 233 3443 3665
f 3443 883 3667
f 3665 3667 940
f 3443 3667 3665
f 883 3442 3658
f 3442 20 3655
f 3658 3655 937
f 3442 3655 3658
f 940 3668 3666
f 3668 937 3656
f 3666 3656 247
f 3668 3656 3666
f 883 3658 3667
f 3658 937 3668
f 3667 3668 940
f 3658 3668 3667
f 250 3722 3710
f 3722 954 3725
f 3710 3725 951
f 3722 3725 3710
f 954 3721 3723
f 3721 247 3660
f 3723 3660 938
f 3721 3660 3723
f 951 3711 3709
f 3711 938 3659
f 3709 3659 69
f 3711 3659 3709
f 954 3723 3725
f 3723 938 3711
f 3725 3711 951
f 3723 3711 3725
f 233 3665 3712
f 3665 940 3715
f 3712 3715 952
f 3665 3715 3712
f 940 3666 3724
f 3666 247 3721
f 3724 3721 954
f 3666 3721 3724
f 952 3726 3713
f 3726 954 3722
f 3713 3722 250
f 3726 3722 3713
f 940 3724 3715
f 3724 954 3726
f 3715 3726 952
f 3724 3726 3715
f 68 3757 3580
f 3757 961 3759
f 3580 3759 920
f 3757 3759 3580
f 961 3758 3769
f 3758 252 3766
f 3769 3766 963
f 3758 3766 3769
f 920 3767 3581
f 3767 963 3765
f 3581 3765 243
f 3767 3765 3581
f 961 3769 3759
f 3769 963 3767
f 3759 3767 920
f 3769 3767 3759
f 252 3762 3776
f 3762 962 3779
f 3776 3779 965
f 3762 3779 3776
f 962 3761 3763
f 3761 69 3673
f 3763 3673 942
f 3761 3673 3763
f 965 3777 3775
f 3777 942 3674
f 3775 3674 248
f 3777 3674 3775
f 962 3763 3779
f 3763 942 3777
f 3779 3777 965
f 3763 3777 3779
f 243 3679 3578
f 3679 944 3681
f 3578 3681 919
f 3679 3681 3578
f 944 3680 3682
f 3680 248 3670
f 3682 3670 941
f 3680 3670 3682
f 919 3672 3577
f 3672 941 3669
f 3577 3669 21
f 3672 3669 3577
f 944 3682 3681
f 3682 941 3672
f 3681 3672 919
f 3682 3672 3681
f 252 3776 3766
f 3776 965 3780
f 3766 3780 963
f 3776 3780 3766
f 965 3775 3778
f 3775 248 3680
f 3778 3680 944
f 3775 3680 3778
f 963 3768 3765
f 3768 944 3679
f 3765 3679 243
f 3768 3679 3765
f 965 3778 3780
f 3778 944 3768
f 3780 3768 963
f 3778 3768 3780
f 65 3705 3608
f 3705 950 3708
f 3608 3708 927
f 3705 3708 3608
f 950 3706 3720
f 3706 250 3718
f 3720 3718 953
f 3706 3718 3720
f 927 3719 3609
f 3719 953 3717
f 3609 3717 245
f 3719 3717 3609
f 950 3720 3708
f 3720 953 3719
f 3708 3719 927
f 3720 3719 3708
f 250 3710 3781
f 3710 951 3783
f 3781 3783 966
f 3710 3783 3781
f 951 3709 3764
f 3709 69 3761
f 3764 3761 962
f 3709 3761 3764
f 966 3785 3782
f 3785 962 3762
f 3782 3762 252
f 3785 3762 3782
f 951 3764 3783
f 3764 962 3785
f 3783 3785 966
f 3764 3785 3783
f 245 3770 3612
f 3770 964 3772
f 3612 3772 928
f 3770 3772 3612
f 964 3771 3774
f 3771 252 3758
f 3774 3758 961
f 3771 3758 3774
f 928 3760 3611
f 3760 961 3757
f 3611 3757 68
f 3760 3757 3611
f 964 3774 3772
f 3774 961 3760
f 3772 3760 928
f 3774 3760 3772
f 250 3781 3718
f 3781 966 3784
f 3718 3784 953
f 3781 3784 3718
f 966 3782 3786
f 3782 252 3771
f 3786 3771 964
f 3782 3771 3786
f 953 3773 3717
f 3773 964 3770
f 3717 3770 245
f 3773 3770 3717
f 966 3786 3784
f 3786 964 3773
f 3784 3773 953
f 3786 3773 3784
f 4 3503 4303
f 3503 897 4305
f 4303 4305 1105
f 3503 4305 4303
f 897 3504 4310
f 3504 236 4308
f 4310 4308 1107
f 3504 4308 4310
f 1105 4311 4304
f 4311 1107 4309
f 4304 4309 292
f 4311 4309 4304
f 897 4310 4305
f 4310 1107 4311
f 4305 4311 1105
f 4310 4311 4305
f 236 3507 4322
f 3507 898 4324
f 4322 4324 1112
f 3507 4324 4322
f 898 3506 4318
f 3506 66 4316
f 4318 4316 1110
f 3506 4316 4318
f 1112 4326 4323
f 4326 1110 4317
f 4323 4317 294
f 4326 4317 4323
f 898 4318 4324
f 4318 1110 4326
f 4324 4326 1112
f 4318 4326 4324
f 292 4327 4307
f 4327 1113 4329
f 4307 4329 1106
f 4327 4329 4307
f 1113 4328 4331
f 4328 294 4320
f 4331 4320 1111
f 4328 4320 4331
f 1106 4321 4306
f 4321 1111 4319
f 4306 4319 82
f 4321 4319 4306
f 1113 4331 4329
f 4331 1111 4321
f 4329 4321 1106
f 4331 4321 4329
f 236 4322 4308
f 4322 1112 4325
f 4308 4325 1107
f 4322 4325 4308
f 1112 4323 4332
f 4323 294 4328
f 4332 4328 1113
f 4323 4328 4332
f 1107 4330 4309
f 4330 1113 4327
f 4309 4327 292
f 4330 4327 4309
f 1112 4332 4325
f 4332 1113 4330
f 4325 4330 1107
f 4332 4330 4325
f 66 3514 4359
f 3514 901 4361
f 4359 4361 1124
f 3514 4361 4359
f 901 3515 4368
f 3515 237 4366
f 4368 4366 1126
f 3515 4366 4368
f 1124 4370 4360
f 4370 1126 4367
f 4360 4367 299
f 4370 4367 4360
f 901 4368 4361
f 4368 1126 4370
f 4361 4370 1124
f 4368 4370 4361
f 237 3513 4346
f 3513 900 4348
f 4346 4348 1120
f 3513 4348 4346
f 900 3512 4343
f 3512 21 4341
f 4343 4341 1118
f 3512 4341 4343
f 1120 4349 4347
f 4349 1118 4342
f 4347 4342 297
f 4349 4342 4347
f 900 4343 4348
f 4343 1118 4349
f 4348 4349 1120
f 4343 4349 4348
f 299 4376 4364
f 4376 1128 4379
f 4364 4379 1125
f 4376 4379 4364
f 1128 4375 4377
f 4375 297 4345
f 4377 4345 1119
f 4375 4345 4377
f 1125 4365 4363
f 4365 1119 4344
f 4363 4344 84
f 4365 4344 4363
f 1128 4377 4379
f 4377 1119 4365
f 4379 4365 1125
f 4377 4365 4379
f 237 4346 4366
f 4346 1120 4369
f 4366 4369 1126
f 4346 4369 4366
f 1120 4347 4378
f 4347 297 4375
f 4378 4375 1128
f 4347 4375 4378
f 1126 4380 4367
f 4380 1128 4376
f 4367 4376 299
f 4380 4376 4367
f 1120 4378 4369
f 4378 1128 4380
f 4369 4380 1126
f 4378 4380 4369
f 82 4381 4314
f 4381 1129 4383
f 4314 4383 1109
f 4381 4383 4314
f 1129 4382 4393
f 4382 300 4390
f 4393 4390 1131
f 4382 4390 4393
f 1109 4391 4315
f 4391 1131 4389
f 4315 4389 293
f 4391 4389 4315
f 1129 4393 4383
f 4393 1131 4391
f 4383 4391 1109
f 4393 4391 4383
f 300 4386 4400
f 4386 1130 4403
f 4400 4403 1133
f 4386 4403 4400
f 1130 4385 4387
f 4385 84 4353
f 4387 4353 1122
f 4385 4353 4387
f 1133 4401 4399
f 4401 1122 4354
f 4399 4354 298
f 4401 4354 4399
f 1130 4387 4403
f 4387 1122 4401
f 4403 4401 1133
f 4387 4401 4403
f 293 4355 4313
f 4355 1123 4357
f 4313 4357 1108
f 4355 4357 4313
f 1123 4356 4358
f 4356 298 4351
f 4358 4351 1121
f 4356 4351 4358
f 1108 4352 4312
f 4352 1121 4350
f 4312 4350 26
f 4352 4350 4312
f 1123 4358 4357
f 4358 1121 4352
f 4357 4352 1108
f 4358 4352 4357
f 300 4400 4390
f 4400 1133 4404
f 4390 4404 1131
f 4400 4404 4390
f 1133 4399 4402
f 4399 298 4356
f 4402 4356 1123
f 4399 4356 4402
f 1131 4392 4389
f 4392 1123 4355
f 4389 4355 293
f 4392 4355 4389
f 1133 4402 4404
f 4402 1123 4392
f 4404 4392 1131
f 4402 4392 4404
f 66 4359 4316
f 4359 1124 4362
f 4316 4362 1110
f 4359 4362 4316
f 1124 4360 4374
f 4360 299 4372
f 4374 4372 1127
f 4360 4372 4374
f 1110 4373 4317
f 4373 1127 4371
f 4317 4371 294
f 4373 4371 4317
f 1124 4374 4362
f 4374 1127 4373
f 4362 4373 1110
f 4374 4373 4362
f 299 4364 4405
f 4364 1125 4407
f 4405 4407 1134
f 4364 4407 4405
f 1125 4363 4388
f 4363 84 4385
f 4388 4385 1130
f 4363 4385 4388
f 1134 4409 4406
f 4409 1130 4386
f 4406 4386 300
f 4409 4386 4406
f 1125 4388 4407
f 4388 1130 4409
f 4407 4409 1134
f 4388 4409 4407
f 294 4394 4320
f 4394 1132 4396
f 4320 4396 1111
f 4394 4396 4320
f 1132 4395 4398
f 4395 300 4382
f 4398 4382 1129
f 4395 4382 4398
f 1111 4384 4319
f 4384 1129 4381
f 4319 4381 82
f 4384 4381 4319
f 1132 4398 4396
f 4398 1129 4384
f 4396 4384 1111
f 4398 4384 4396
f 299 4405 4372
f 4405 1134 4408
f 4372 4408 1127
f 4405 4408 4372
f 1134 4406 4410
f 4406 300 4395
f 4410 4395 1132
f 4406 4395 4410
f 1127 4397 4371
f 4397 1132 4394
f 4371 4394 294
f 4397 4394 4371
f 1134 4410 4408
f 4410 1132 4397
f 4408 4397 1127
f 4410 4397 4408
f 21 3542 4493
f 3542 909 4495
f 4493 4495 1158
f 3542 4495 4493
f 909 3543 4501
f 3543 240 4499
f 4501 4499 1160
f 3543 4499 4501
f 1158 4502 4494
f 4502 1160 4500
f 4494 4500 308
f 4502 4500 4494
f 909 4501 4495
f 4501 1160 4502
f 4495 4502 1158
f 4501 4502 4495
f 240 3545 4523
f 3545 910 4525
f 4523 4525 1167
f 3545 4525 4523
f 910 3544 4518
f 3544 67 4516
f 4518 4516 1165
f 3544 4516 4518
f 1167 4527 4524
f 4527 1165 4517
f 4524 4517 310
f 4527 4517 4524
f 910 4518 4525
f 4518 1165 4527
f 4525 4527 1167
f 4518 4527 4525
f 308 4532 4498
f 4532 1169 4534
f 4498 4534 1159
f 4532 4534 4498
f 1169 4533 4536
f 4533 310 4521
f 4536 4521 1166
f 4533 4521 4536
f 1159 4522 4497
f 4522 1166 4520
f 4497 4520 87
f 4522 4520 4497
f 1169 4536 4534
f 4536 1166 4522
f 4534 4522 1159
f 4536 4522 4534
f 240 4523 4499
f 4523 1167 4526
f 4499 4526 1160
f 4523 4526 4499
f 1167 4524 4537
f 4524 310 4533
f 4537 4533 1169
f 4524 4533 4537
f 1160 4535 4500
f 4535 1169 4532
f 4500 4532 308
f 4535 4532 4500
f 1167 4537 4526
f 4537 1169 4535
f 4526 4535 1160
f 4537 4535 4526
f 67 3536 4429
f 3536 907 4431
f 4429 4431 1141
f 3536 4431 4429
f 907 3537 4437
f 3537 239 4435
f 4437 4435 1143
f 3537 4435 4437
f 1141 4439 4430
f 4439 1143 4436
f 4430 4436 303
f 4439 4436 4430
f 907 4437 4431
f 4437 1143 4439
f 4431 4439 1141
f 4437 4439 4431
f 239 3534 4417
f 3534 906 4419
f 4417 4419 1137
f 3534 4419 4417
f 906 3533 4413
f 3533 7 4411
f 4413 4411 1135
f 3533 4411 4413
f 1137 4420 4418
f 4420 1135 4412
f 4418 4412 301
f 4420 4412 4418
f 906 4413 4419
f 4413 1135 4420
f 4419 4420 1137
f 4413 4420 4419
f 303 4441 4433
f 4441 1144 4444
f 4433 4444 1142
f 4441 4444 4433
f 1144 4440 4442
f 4440 301 4416
f 4442 4416 1136
f 4440 4416 4442
f 1142 4434 4432
f 4434 1136 4415
f 4432 4415 85
f 4434 4415 4432
f 1144 4442 4444
f 4442 1136 4434
f 4444 4434 1142
f 4442 4434 4444
f 239 4417 4435
f 4417 1137 4438
f 4435 4438 1143
f 4417 4438 4435
f 1137 4418 4443
f 4418 301 4440
f 4443 4440 1144
f 4418 4440 4443
f 1143 4445 4436
f 4445 1144 4441
f 4436 4441 303
f 4445 4441 4436
f 1137 4443 4438
f 4443 1144 4445
f 4438 4445 1143
f 4443 4445 4438
f 87 4559 4510
f 4559 1175 4561
f 4510 4561 1163
f 4559 4561 4510
f 1175 4560 4577
f 4560 312 4574
f 4577 4574 1178
f 4560 4574 4577
f 1163 4575 4511
f 4575 1178 4573
f 4511 4573 309
f 4575 4573 4511
f 1175 4577 4561
f 4577 1178 4575
f 4561 4575 1163
f 4577 4575 4561
f 312 4556 4564
f 4556 1174 4567
f 4564 4567 1176
f 4556 4567 4564
f 1174 4555 4557
f 4555 85 4427
f 4557 4427 1140
f 4555 4427 4557
f 1176 4565 4563
f 4565 1140 4428
f 4563 4428 302
f 4565 4428 4563
f 1174 4557 4567
f 4557 1140 4565
f 4567 4565 1176
f 4557 4565 4567
f 309 4513 4508
f 4513 1164 4515
f 4508 4515 1162
f 4513 4515 4508
f 1164 4512 4514
f 4512 302 4426
f 4514 4426 1139
f 4512 4426 4514
f 1162 4509 4507
f 4509 1139 4425
f 4507 4425 27
f 4509 4425 4507
f 1164 4514 4515
f 4514 1139 4509
f 4515 4509 1162
f 4514 4509 4515
f 312 4564 4574
f 4564 1176 4578
f 4574 4578 1178
f 4564 4578 4574
f 1176 4563 4566
f 4563 302 4512
f 4566 4512 1164
f 4563 4512 4566
f 1178 4576 4573
f 4576 1164 4513
f 4573 4513 309
f 4576 4513 4573
f 1176 4566 4578
f 4566 1164 4576
f 4578 4576 1178
f 4566 4576 4578
f 67 4429 4516
f 4429 1141 4519
f 4516 4519 1165
f 4429 4519 4516
f 1141 4430 4530
f 4430 303 4528
f 4530 4528 1168
f 4430 4528 4530
f 1165 4531 4517
f 4531 1168 4529
f 4517 4529 310
f 4531 4529 4517
f 1141 4530 4519
f 4530 1168 4531
f 4519 4531 1165
f 4530 4531 4519
f 303 4433 4568
f 4433 1142 4570
f 4568 4570 1177
f 4433 4570 4568
f 1142 4432 4558
f 4432 85 4555
f 4558 4555 1174
f 4432 4555 4558
f 1177 4572 4569
f 4572 1174 4556
f 4569 4556 312
f 4572 4556 4569
f 1142 4558 4570
f 4558 1174 4572
f 4570 4572 1177
f 4558 4572 4570
f 310 4579 4521
f 4579 1179 4581
f 4521 4581 1166
f 4579 4581 4521
f 1179 4580 4583
f 4580 312 4560
f 4583 4560 1175
f 4580 4560 4583
f 1166 4562 4520
f 4562 1175 4559
f 4520 4559 87
f 4562 4559 4520
f 1179 4583 4581
f 4583 1175 4562
f 4581 4562 1166
f 4583 4562 4581
f 303 4568 4528
f 4568 1177 4571
f 4528 4571 1168
f 4568 4571 4528
f 1177 4569 4584
f 4569 312 4580
f 4584 4580 1179
f 4569 4580 4584
f 1168 4582 4529
f 4582 1179 4579
f 4529 4579 310
f 4582 4579 4529
f 1177 4584 4571
f 4584 1179 4582
f 4571 4582 1168
f 4584 4582 4571
f 26 4655 4337
f 4655 1197 4657
f 4337 4657 1116
f 4655 4657 4337
f 1197 4656 4664
f 4656 317 4662
f 4664 4662 1199
f 4656 4662 4664
f 1116 4663 4338
f 4663 1199 4661
f 4338 4661 296
f 4663 4661 4338
f 1197 4664 4657
f 4664 1199 4663
f 4657 4663 1116
f 4664 4663 4657
f 317 4660 4699
f 4660 1198 4701
f 4699 4701 1209
f 4660 4701 4699
f 1198 4659 4689
f 4659 89 4687
f 4689 4687 1206
f 4659 4687 4689
f 1209 4703 4700
f 4703 1206 4688
f 4700 4688 319
f 4703 4688 4700
f 1198 4689 4701
f 4689 1206 4703
f 4701 4703 1209
f 4689 4703 4701
f 296 4690 4340
f 4690 1207 4692
f 4340 4692 1117
f 4690 4692 4340
f 1207 4691 4694
f 4691 319 4684
f 4694 4684 1205
f 4691 4684 4694
f 1117 4685 4339
f 4685 1205 4683
f 4339 4683 83
f 4685 4683 4339
f 1207 4694 4692
f 4694 1205 4685
f 4692 4685 1117
f 4694 4685 4692
f 317 4699 4662
f 4699 1209 4702
f 4662 4702 1199
f 4699 4702 4662
f 1209 4700 4704
f 4700 319 4691
f 4704 4691 1207
f 4700 4691 4704
f 1199 4693 4661
f 4693 1207 4690
f 4661 4690 296
f 4693 4690 4661
f 1209 4704 4702
f 4704 1207 4693
f 4702 4693 1199
f 4704 4693 4702
f 89 4673 4731
f 4673 1202 4733
f 4731 4733 1216
f 4673 4733 4731
f 1202 4674 4747
f 4674 318 4745
f 4747 4745 1219
f 4674 4745 4747
f 1216 4749 4732
f 4749 1219 4746
f 4732 4746 321
f 4749 4746 4732
f 1202 4747 4733
f 4747 1219 4749
f 4733 4749 1216
f 4747 4749 4733
f 318 4670 4676
f 4670 1201 4678
f 4676 4678 1203
f 4670 4678 4676
f 1201 4669 4671
f 4669 27 4472
f 4671 4472 1152
f 4669 4472 4671
f 1203 4677 4675
f 4677 1152 4473
f 4675 4473 306
f 4677 4473 4675
f 1201 4671 4678
f 4671 1152 4677
f 4678 4677 1203
f 4671 4677 4678
f 321 4736 4728
f 4736 1217 4739
f 4728 4739 1215
f 4736 4739 4728
f 1217 4735 4737
f 4735 306 4475
f 4737 4475 1153
f 4735 4475 4737
f 1215 4729 4727
f 4729 1153 4474
f 4727 4474 86
f 4729 4474 4727
f 1217 4737 4739
f 4737 1153 4729
f 4739 4729 1215
f 4737 4729 4739
f 318 4676 4745
f 4676 1203 4748
f 4745 4748 1219
f 4676 4748 4745
f 1203 4675 4738
f 4675 306 4735
f 4738 4735 1217
f 4675 4735 4738
f 1219 4750 4746
f 4750 1217 4736
f 4746 4736 321
f 4750 4736 4746
f 1203 4738 4748
f 4738 1217 4750
f 4748 4750 1219
f 4738 4750 4748
f 83 4476 4335
f 4476 1154 4478
f 4335 4478 1115
f 4476 4478 4335
f 1154 4477 4486
f 4477 307 4483
f 4486 4483 1156
f 4477 4483 4486
f 1115 4484 4336
f 4484 1156 4482
f 4336 4482 295
f 4484 4482 4336
f 1154 4486 4478
f 4486 1156 4484
f 4478 4484 1115
f 4486 4484 4478
f 307 4480 4488
f 4480 1155 4491
f 4488 4491 1157
f 4480 4491 4488
f 1155 4479 4481
f 4479 86 4466
f 4481 4466 1150
f 4479 4466 4481
f 1157 4489 4487
f 4489 1150 4467
f 4487 4467 305
f 4489 4467 4487
f 1155 4481 4491
f 4481 1150 4489
f 4491 4489 1157
f 4481 4489 4491
f 295 4468 4334
f 4468 1151 4470
f 4334 4470 1114
f 4468 4470 4334
f 1151 4469 4471
f 4469 305 4464
f 4471 4464 1149
f 4469 4464 4471
f 1114 4465 4333
f 4465 1149 4463
f 4333 4463 9
f 4465 4463 4333
f 1151 4471 4470
f 4471 1149 4465
f 4470 4465 1114
f 4471 4465 4470
f 307 4488 4483
f 4488 1157 4492
f 4483 4492 1156
f 4488 4492 4483
f 1157 4487 4490
f 4487 305 4469
f 4490 4469 1151
f 4487 4469 4490
f 1156 4485 4482
f 4485 1151 4468
f 4482 4468 295
f 4485 4468 4482
f 1157 4490 4492
f 4490 1151 4485
f 4492 4485 1156
f 4490 4485 4492
f 89 4731 4687
f 4731 1216 4734
f 4687 4734 1206
f 4731 4734 4687
f 1216 4732 4755
f 4732 321 4752
f 4755 4752 1220
f 4732 4752 4755
f 1206 4753 4688
f 4753 1220 4751
f 4688 4751 319
f 4753 4751 4688
f 1216 4755 4734
f 4755 1220 4753
f 4734 4753 1206
f 4755 4753 4734
f 321 4728 4741
f 4728 1215 4744
f 4741 4744 1218
f 4728 4744 4741
f 1215 4727 4730
f 4727 86 4479
f 4730 4479 1155
f 4727 4479 4730
f 1218 4742 4740
f 4742 1155 4480
f 4740 4480 307
f 4742 4480 4740
f 1215 4730 4744
f 4730 1155 4742
f 4744 4742 1218
f 4730 4742 4744
f 319 4696 4684
f 4696 1208 4698
f 4684 4698 1205
f 4696 4698 4684
f 1208 4695 4697
f 4695 307 4477
f 4697 4477 1154
f 4695 4477 4697
f 1205 4686 4683
f 4686 1154 4476
f 4683 4476 83
f 4686 4476 4683
f 1208 4697 4698
f 4697 1154 4686
f 4698 4686 1205
f 4697 4686 4698
f 321 4741 4752
f 4741 1218 4756
f 4752 4756 1220
f 4741 4756 4752
f 1218 4740 4743
f 4740 307 4695
f 4743 4695 1208
f 4740 4695 4743
f 1220 4754 4751
f 4754 1208 4696
f 4751 4696 319
f 4754 4696 4751
f 1218 4743 4756
f 4743 1208 4754
f 4756 4754 1220
f 4743 4754 4756
f 21 4493 4341
f 4493 1158 4496
f 4341 4496 1118
f 4493 4496 4341
f 1158 4494 4506
f 4494 308 4504
f 4506 4504 1161
f 4494 4504 4506
f 1118 4505 4342
f 4505 1161 4503
f 4342 4503 297
f 4505 4503 4342
f 1158 4506 4496
f 4506 1161 4505
f 4496 4505 1118
f 4506 4505 4496
f 308 4498 4549
f 4498 1159 4551
f 4549 4551 1173
f 4498 4551 4549
f 1159 4497 4543
f 4497 87 4541
f 4543 4541 1171
f 4497 4541 4543
f 1173 4553 4550
f 4553 1171 4542
f 4550 4542 311
f 4553 4542 4550
f 1159 4543 4551
f 4543 1171 4553
f 4551 4553 1173
f 4543 4553 4551
f 297 4544 4345
f 4544 1172 4546
f 4345 4546 1119
f 4544 4546 4345
f 1172 4545 4548
f 4545 311 4539
f 4548 4539 1170
f 4545 4539 4548
f 1119 4540 4344
f 4540 1170 4538
f 4344 4538 84
f 4540 4538 4344
f 1172 4548 4546
f 4548 1170 4540
f 4546 4540 1119
f 4548 4540 4546
f 308 4549 4504
f 4549 1173 4552
f 4504 4552 1161
f 4549 4552 4504
f 1173 4550 4554
f 4550 311 4545
f 4554 4545 1172
f 4550 4545 4554
f 1161 4547 4503
f 4547 1172 4544
f 4503 4544 297
f 4547 4544 4503
f 1173 4554 4552
f 4554 1172 4547
f 4552 4547 1161
f 4554 4547 4552
f 87 4510 4757
f 4510 1163 4759
f 4757 4759 1221
f 4510 4759 4757
f 1163 4511 4767
f 4511 309 4765
f 4767 4765 1223
f 4511 4765 4767
f 1221 4769 4758
f 4769 1223 4766
f 4758 4766 322
f 4769 4766 4758
f 1163 4767 4759
f 4767 1223 4769
f 4759 4769 1221
f 4767 4769 4759
f 309 4508 4679
f 4508 1162 4681
f 4679 4681 1204
f 4508 4681 4679
f 1162 4507 4672
f 4507 27 4669
f 4672 4669 1201
f 4507 4669 4672
f 1204 4682 4680
f 4682 1201 4670
f 4680 4670 318
f 4682 4670 4680
f 1162 4672 4681
f 4672 1201 4682
f 4681 4682 1204
f 4672 4682 4681
f 322 4776 4762
f 4776 1225 4779
f 4762 4779 1222
f 4776 4779 4762
f 1225 4775 4777
f 4775 318 4674
f 4777 4674 1202
f 4775 4674 4777
f 1222 4763 4761
f 4763 1202 4673
f 4761 4673 89
f 4763 4673 4761
f 1225 4777 4779
f 4777 1202 4763
f 4779 4763 1222
f 4777 4763 4779
f 309 4679 4765
f 4679 1204 4768
f 4765 4768 1223
f 4679 4768 4765
f 1204 4680 4778
f 4680 318 4775
f 4778 4775 1225
f 4680 4775 4778
f 1223 4780 4766
f 4780 1225 4776
f 4766 4776 322
f 4780 4776 4766
f 1204 4778 4768
f 4778 1225 4780
f 4768 4780 1223
f 4778 4780 4768
f 84 4705 4353
f 4705 1210 4707
f 4353 4707 1122
f 4705 4707 4353
f 1210 4706 4716
f 4706 320 4713
f 4716 4713 1212
f 4706 4713 4716
f 1122 4714 4354
f 4714 1212 4712
f 4354 4712 298
f 4714 4712 4354
f 1210 4716 4707
f 4716 1212 4714
f 4707 4714 1122
f 4716 4714 4707
f 320 4710 4722
f 4710 1211 4725
f 4722 4725 1214
f 4710 4725 4722
f 1211 4709 4711
f 4709 89 4659
f 4711 4659 1198
f 4709 4659 4711
f 1214 4723 4721
f 4723 1198 4660
f 4721 4660 317
f 4723 4660 4721
f 1211 4711 4725
f 4711 1198 4723
f 4725 4723 1214
f 4711 4723 4725
f 298 4665 4351
f 4665 1200 4667
f 4351 4667 1121
f 4665 4667 4351
f 1200 4666 4668
f 4666 317 4656
f 4668 4656 1197
f 4666 4656 4668
f 1121 4658 4350
f 4658 1197 4655
f 4350 4655 26
f 4658 4655 4350
f 1200 4668 4667
f 4668 1197 4658
f 4667 4658 1121
f 4668 4658 4667
f 320 4722 4713
f 4722 1214 4726
f 4713 4726 1212
f 4722 4726 4713
f 1214 4721 4724
f 4721 317 4666
f 4724 4666 1200
f 4721 4666 4724
f 1212 4715 4712
f 4715 1200 4665
f 4712 4665 298
f 4715 4665 4712
f 1214 4724 4726
f 4724 1200 4715
f 4726 4715 1212
f 4724 4715 4726
f 87 4757 4541
f 4757 1221 4760
f 4541 4760 1171
f 4757 4760 4541
f 1221 4758 4774
f 4758 322 4771
f 4774 4771 1224
f 4758 4771 4774
f 1171 4772 4542
f 4772 1224 4770
f 4542 4770 311
f 4772 4770 4542
f 1221 4774 4760
f 4774 1224 4772
f 4760 4772 1171
f 4774 4772 4760
f 322 4762 4782
f 4762 1222 4785
f 4782 4785 1226
f 4762 4785 4782
f 1222 4761 4764
f 4761 89 4709
f 4764 4709 1211
f 4761 4709 4764
f 1226 4783 4781
f 4783 1211 4710
f 4781 4710 320
f 4783 4710 4781
f 1222 4764 4785
f 4764 1211 4783
f 4785 4783 1226
f 4764 4783 4785
f 311 4717 4539
f 4717 1213 4719
f 4539 4719 1170
f 4717 4719 4539
f 1213 4718 4720
f 4718 320 4706
f 4720 4706 1210
f 4718 4706 4720
f 1170 4708 4538
f 4708 1210 4705
f 4538 4705 84
f 4708 4705 4538
f 1213 4720 4719
f 4720 1210 4708
f 4719 4708 1170
f 4720 4708 4719
f 322 4782 4771
f 4782 1226 4786
f 4771 4786 1224
f 4782 4786 4771
f 1226 4781 4784
f 4781 320 4718
f 4784 4718 1213
f 4781 4718 4784
f 1224 4773 4770
f 4773 1213 4717
f 4770 4717 311
f 4773 4717 4770
f 1226 4784 4786
f 4784 1213 4773
f 4786 4773 1224
f 4784 4773 4786
f 4 4303 5539
f 4303 1105 5542
f 5539 5542 1411
f 4303 5542 5539
f 1105 4304 5551
f 4304 292 5549
f 5551 5549 1414
f 4304 5549 5551
f 1411 5552 5540
f 5552 1414 5550
f 5540 5550 367
f 5552 5550 5540
f 1105 5551 5542
f 5551 1414 5552
f 5542 5552 1411
f 5551 5552 5542
f 292 4307 5580
f 4307 1106 5582
f 5580 5582 1423
f 4307 5582 5580
f 1106 4306 5576
f 4306 82 5574
f 5576 5574 1421
f 4306 5574 5576
f 1423 5584 5581
f 5584 1421 5575
f 5581 5575 370
f 5584 5575 5581
f 1106 5576 5582
f 5576 1421 5584
f 5582 5584 1423
f 5576 5584 5582
f 367 5585 5544
f 5585 1424 5587
f 5544 5587 1412
f 5585 5587 5544
f 1424 5586 5589
f 5586 370 5578
f 5589 5578 1422
f 5586 5578 5589
f 1412 5579 5543
f 5579 1422 5577
f 5543 5577 100
f 5579 5577 5543
f 1424 5589 5587
f 5589 1422 5579
f 5587 5579 1412
f 5589 5579 5587
f 292 5580 5549
f 5580 1423 5583
f 5549 5583 1414
f 5580 5583 5549
f 1423 5581 5590
f 5581 370 5586
f 5590 5586 1424
f 5581 5586 5590
f 1414 5588 5550
f 5588 1424 5585
f 5550 5585 367
f 5588 5585 5550
f 1423 5590 5583
f 5590 1424 5588
f 5583 5588 1414
f 5590 5588 5583
f 82 4314 5687
f 4314 1109 5689
f 5687 5689 1452
f 4314 5689 5687
f 1109 4315 5696
f 4315 293 5694
f 5696 5694 1454
f 4315 5694 5696
f 1452 5698 5688
f 5698 1454 5695
f 5688 5695 379
f 5698 5695 5688
f 1109 5696 5689
f 5696 1454 5698
f 5689 5698 1452
f 5696 5698 5689
f 293 4313 5674
f 4313 1108 5676
f 5674 5676 1448
f 4313 5676 5674
f 1108 4312 5671
f 4312 26 5669
f 5671 5669 1446
f 4312 5669 5671
f 1448 5677 5675
f 5677 1446 5670
f 5675 5670 377
f 5677 5670 5675
f 1108 5671 5676
f 5671 1446 5677
f 5676 5677 1448
f 5671 5677 5676
f 379 5704 5692
f 5704 1456 5707
f 5692 5707 1453
f 5704 5707 5692
f 1456 5703 5705
f 5703 377 5673
f 5705 5673 1447
f 5703 5673 5705
f 1453 5693 5691
f 5693 1447 5672
f 5691 5672 103
f 5693 5672 5691
f 1456 5705 5707
f 5705 1447 5693
f 5707 5693 1453
f 5705 5693 5707
f 293 5674 5694
f 5674 1448 5697
f 5694 5697 1454
f 5674 5697 5694
f 1448 5675 5706
f 5675 377 5703
f 5706 5703 1456
f 5675 5703 5706
f 1454 5708 5695
f 5708 1456 5704
f 5695 5704 379
f 5708 5704 5695
f 1448 5706 5697
f 5706 1456 5708
f 5697 5708 1454
f 5706 5708 5697
f 100 5709 5555
f 5709 1457 5711
f 5555 5711 1416
f 5709 5711 5555
f 1457 5710 5721
f 5710 380 5718
f 5721 5718 1459
f 5710 5718 5721
f 1416 5719 5556
f 5719 1459 5717
f 5556 5717 368
f 5719 5717 5556
f 1457 5721 5711
f 5721 1459 5719
f 5711 5719 1416
f 5721 5719 5711
f 380 5714 5728
f 5714 1458 5731
f 5728 5731 1461
f 5714 5731 5728
f 1458 5713 5715
f 5713 103 5681
f 5715 5681 1450
f 5713 5681 5715
f 1461 5729 5727
f 5729 1450 5682
f 5727 5682 378
f 5729 5682 5727
f 1458 5715 5731
f 5715 1450 5729
f 5731 5729 1461
f 5715 5729 5731
f 368 5683 5554
f 5683 1451 5685
f 5554 5685 1415
f 5683 5685 5554
f 1451 5684 5686
f 5684 378 5679
f 5686 5679 1449
f 5684 5679 5686
f 1415 5680 5553
f 5680 1449 5678
f 5553 5678 30
f 5680 5678 5553
f 1451 5686 5685
f 5686 1449 5680
f 5685 5680 1415
f 5686 5680 5685
f 380 5728 5718
f 5728 1461 5732
f 5718 5732 1459
f 5728 5732 5718
f 1461 5727 5730
f 5727 378 5684
f 5730 5684 1451
f 5727 5684 5730
f 1459 5720 5717
f 5720 1451 5683
f 5717 5683 368
f 5720 5683 5717
f 1461 5730 5732
f 5730 1451 5720
f 5732 5720 1459
f 5730 5720 5732
f 82 5687 5574
f 5687 1452 5690
f 5574 5690 1421
f 5687 5690 5574
f 1452 5688 5702
f 5688 379 5700
f 5702 5700 1455
f 5688 5700 5702
f 1421 5701 5575
f 5701 1455 5699
f 5575 5699 370
f 5701 5699 5575
f 1452 5702 5690
f 5702 1455 5701
f 5690 5701 1421
f 5702 5701 5690
f 379 5692 5733
f 5692 1453 5735
f 5733 5735 1462
f 5692 5735 5733
f 1453 5691 5716
f 5691 103 5713
f 5716 5713 1458
f 5691 5713 5716
f 1462 5737 5734
f 5737 1458 5714
f 5734 5714 380
f 5737 5714 5734
f 1453 5716 5735
f 5716 1458 5737
f 5735 5737 1462
f 5716 5737 5735
f 370 5722 5578
f 5722 1460 5724
f 5578 5724 1422
f 5722 5724 5578
f 1460 5723 5726
f 5723 380 5710
f 5726 5710 1457
f 5723 5710 5726
f 1422 5712 5577
f 5712 1457 5709
f 5577 5709 100
f 5712 5709 5577
f 1460 5726 5724
f 5726 1457 5712
f 5724 5712 1422
f 5726 5712 5724
f 379 5733 5700
f 5733 1462 5736
f 5700 5736 1455
f 5733 5736 5700
f 1462 5734 5738
f 5734 380 5723
f 5738 5723 1460
f 5734 5723 5738
f 1455 5725 5699
f 5725 1460 5722
f 5699 5722 370
f 5725 5722 5699
f 1462 5738 5736
f 5738 1460 5725
f 5736 5725 1455
f 5738 5725 5736
f 26 4337 6863
f 4337 1116 6865
f 6863 6865 1737
f 4337 6865 6863
f 1116 4338 6871
f 4338 296 6869
f 6871 6869 1739
f 4338 6869 6871
f 1737 6872 6864
f 6872 1739 6870
f 6864 6870 446
f 6872 6870 6864
f 1116 6871 6865
f 6871 1739 6872
f 6865 6872 1737
f 6871 6872 6865
f 296 4340 6893
f 4340 1117 6895
f 6893 6895 1746
f 4340 6895 6893
f 1117 4339 6888
f 4339 83 6886
f 6888 6886 1744
f 4339 6886 6888
f 1746 6897 6894
f 6897 1744 6887
f 6894 6887 448
f 6897 6887 6894
f 1117 6888 6895
f 6888 1744 6897
f 6895 6897 1746
f 6888 6897 6895
f 446 6902 6868
f 6902 1748 6904
f 6868 6904 1738
f 6902 6904 6868
f 1748 6903 6906
f 6903 448 6891
f 6906 6891 1745
f 6903 6891 6906
f 1738 6892 6867
f 6892 1745 6890
f 6867 6890 118
f 6892 6890 6867
f 1748 6906 6904
f 6906 1745 6892
f 6904 6892 1738
f 6906 6892 6904
f 296 6893 6869
f 6893 1746 6896
f 6869 6896 1739
f 6893 6896 6869
f 1746 6894 6907
f 6894 448 6903
f 6907 6903 1748
f 6894 6903 6907
f 1739 6905 6870
f 6905 1748 6902
f 6870 6902 446
f 6905 6902 6870
f 1746 6907 6896
f 6907 1748 6905
f 6896 6905 1739
f 6907 6905 6896
f 83 4335 6702
f 4335 1115 6704
f 6702 6704 1697
f 4335 6704 6702
f 1115 4336 6710
f 4336 295 6708
f 6710 6708 1699
f 4336 6708 6710
f 1697 6712 6703
f 6712 1699 6709
f 6703 6709 436
f 6712 6709 6703
f 1115 6710 6704
f 6710 1699 6712
f 6704 6712 1697
f 6710 6712 6704
f 295 4334 6677
f 4334 1114 6679
f 6677 6679 1690
f 4334 6679 6677
f 1114 4333 6670
f 4333 9 6667
f 6670 6667 1687
f 4333 6667 6670
f 1690 6680 6678
f 6680 1687 6668
f 6678 6668 433
f 6680 6668 6678
f 1114 6670 6679
f 6670 1687 6680
f 6679 6680 1690
f 6670 6680 6679
f 436 6714 6706
f 6714 1700 6717
f 6706 6717 1698
f 6714 6717 6706
f 1700 6713 6715
f 6713 433 6672
f 6715 6672 1688
f 6713 6672 6715
f 1698 6707 6705
f 6707 1688 6671
f 6705 6671 115
f 6707 6671 6705
f 1700 6715 6717
f 6715 1688 6707
f 6717 6707 1698
f 6715 6707 6717
f 295 6677 6708
f 6677 1690 6711
f 6708 6711 1699
f 6677 6711 6708
f 1690 6678 6716
f 6678 433 6713
f 6716 6713 1700
f 6678 6713 6716
f 1699 6718 6709
f 6718 1700 6714
f 6709 6714 436
f 6718 6714 6709
f 1690 6716 6711
f 6716 1700 6718
f 6711 6718 1699
f 6716 6718 6711
f 118 6929 6880
f 6929 1754 6931
f 6880 6931 1742
f 6929 6931 6880
f 1754 6930 6947
f 6930 450 6944
f 6947 6944 1757
f 6930 6944 6947
f 1742 6945 6881
f 6945 1757 6943
f 6881 6943 447
f 6945 6943 6881
f 1754 6947 6931
f 6947 1757 6945
f 6931 6945 1742
f 6947 6945 6931
f 450 6926 6934
f 6926 1753 6937
f 6934 6937 1755
f 6926 6937 6934
f 1753 6925 6927
f 6925 115 6683
f 6927 6683 1692
f 6925 6683 6927
f 1755 6935 6933
f 6935 1692 6684
f 6933 6684 434
f 6935 6684 6933
f 1753 6927 6937
f 6927 1692 6935
f 6937 6935 1755
f 6927 6935 6937
f 447 6883 6878
f 6883 1743 6885
f 6878 6885 1741
f 6883 6885 6878
f 1743 6882 6884
f 6882 434 6682
f 6884 6682 1691
f 6882 6682 6884
f 1741 6879 6877
f 6879 1691 6681
f 6877 6681 33
f 6879 6681 6877
f 1743 6884 6885
f 6884 1691 6879
f 6885 6879 1741
f 6884 6879 6885
f 450 6934 6944
f 6934 1755 6948
f 6944 6948 1757
f 6934 6948 6944
f 1755 6933 6936
f 6933 434 6882
f 6936 6882 1743
f 6933 6882 6936
f 1757 6946 6943
f 6946 1743 6883
f 6943 6883 447
f 6946 6883 6943
f 1755 6936 6948
f 6936 1743 6946
f 6948 6946 1757
f 6936 6946 6948
f 83 6702 6886
f 6702 1697 6889
f 6886 6889 1744
f 6702 6889 6886
f 1697 6703 6900
f 6703 436 6898
f 6900 6898 1747
f 6703 6898 6900
f 1744 6901 6887
f 6901 1747 6899
f 6887 6899 448
f 6901 6899 6887
f 1697 6900 6889
f 6900 1747 6901
f 6889 6901 1744
f 6900 6901 6889
f 436 6706 6938
f 6706 1698 6940
f 6938 6940 1756
f 6706 6940 6938
f 1698 6705 6928
f 6705 115 6925
f 6928 6925 1753
f 6705 6925 6928
f 1756 6942 6939
f 6942 1753 6926
f 6939 6926 450
f 6942 6926 6939
f 1698 6928 6940
f 6928 1753 6942
f 6940 6942 1756
f 6928 6942 6940
f 448 6949 6891
f 6949 1758 6951
f 6891 6951 1745
f 6949 6951 6891
f 1758 6950 6953
f 6950 450 6930
f 6953 6930 1754
f 6950 6930 6953
f 1745 6932 6890
f 6932 1754 6929
f 6890 6929 118
f 6932 6929 6890
f 1758 6953 6951
f 6953 1754 6932
f 6951 6932 1745
f 6953 6932 6951
f 436 6938 6898
f 6938 1756 6941
f 6898 6941 1747
f 6938 6941 6898
f 1756 6939 6954
f 6939 450 6950
f 6954 6950 1758
f 6939 6950 6954
f 1747 6952 6899
f 6952 1758 6949
f 6899 6949 448
f 6952 6949 6899
f 1756 6954 6941
f 6954 1758 6952
f 6941 6952 1747
f 6954 6952 6941
f 30 7087 5595
f 7087 1789 7089
f 5595 7089 1427
f 7087 7089 5595
f 1789 7088 7096
f 7088 457 7094
f 7096 7094 1791
f 7088 7094 7096
f 1427 7095 5596
f 7095 1791 7093
f 5596 7093 372
f 7095 7093 5596
f 1789 7096 7089
f 7096 1791 7095
f 7089 7095 1427
f 7096 7095 7089
f 457 7092 7131
f 7092 1790 7133
f 7131 7133 1801
f 7092 7133 7131
f 1790 7091 7121
f 7091 120 7119
f 7121 7119 1798
f 7091 7119 7121
f 1801 7135 7132
f 7135 1798 7120
f 7132 7120 459
f 7135 7120 7132
f 1790 7121 7133
f 7121 1798 7135
f 7133 7135 1801
f 7121 7135 7133
f 372 7122 5598
f 7122 1799 7124
f 5598 7124 1428
f 7122 7124 5598
f 1799 7123 7126
f 7123 459 7116
f 7126 7116 1797
f 7123 7116 7126
f 1428 7117 5597
f 7117 1797 7115
f 5597 7115 101
f 7117 7115 5597
f 1799 7126 7124
f 7126 1797 7117
f 7124 7117 1428
f 7126 7117 7124
f 457 7131 7094
f 7131 1801 7134
f 7094 7134 1791
f 7131 7134 7094
f 1801 7132 7136
f 7132 459 7123
f 7136 7123 1799
f 7132 7123 7136
f 1791 7125 7093
f 7125 1799 7122
f 7093 7122 372
f 7125 7122 7093
f 1801 7136 7134
f 7136 1799 7125
f 7134 7125 1791
f 7136 7125 7134
f 120 7105 7163
f 7105 1794 7165
f 7163 7165 1808
f 7105 7165 7163
f 1794 7106 7179
f 7106 458 7177
f 7179 7177 1811
f 7106 7177 7179
f 1808 7181 7164
f 7181 1811 7178
f 7164 7178 461
f 7181 7178 7164
f 1794 7179 7165
f 7179 1811 7181
f 7165 7181 1808
f 7179 7181 7165
f 458 7102 7108
f 7102 1793 7110
f 7108 7110 1795
f 7102 7110 7108
f 1793 7101 7103
f 7101 33 6733
f 7103 6733 1705
f 7101 6733 7103
f 1795 7109 7107
f 7109 1705 6734
f 7107 6734 438
f 7109 6734 7107
f 1793 7103 7110
f 7103 1705 7109
f 7110 7109 1795
f 7103 7109 7110
f 461 7168 7160
f 7168 1809 7171
f 7160 7171 1807
f 7168 7171 7160
f 1809 7167 7169
f 7167 438 6736
f 7169 6736 1706
f 7167 6736 7169
f 1807 7161 7159
f 7161 1706 6735
f 7159 6735 116
f 7161 6735 7159
f 1809 7169 7171
f 7169 1706 7161
f 7171 7161 1807
f 7169 7161 7171
f 458 7108 7177
f 7108 1795 7180
f 7177 7180 1811
f 7108 7180 7177
f 1795 7107 7170
f 7107 438 7167
f 7170 7167 1809
f 7107 7167 7170
f 1811 7182 7178
f 7182 1809 7168
f 7178 7168 461
f 7182 7168 7178
f 1795 7170 7180
f 7170 1809 7182
f 7180 7182 1811
f 7170 7182 7180
f 101 6754 5593
f 6754 1711 6756
f 5593 6756 1426
f 6754 6756 5593
f 1711 6755 6764
f 6755 440 6761
f 6764 6761 1713
f 6755 6761 6764
f 1426 6762 5594
f 6762 1713 6760
f 5594 6760 371
f 6762 6760 5594
f 1711 6764 6756
f 6764 1713 6762
f 6756 6762 1426
f 6764 6762 6756
f 440 6758 6766
f 6758 1712 6769
f 6766 6769 1714
f 6758 6769 6766
f 1712 6757 6759
f 6757 116 6723
f 6759 6723 1702
f 6757 6723 6759
f 1714 6767 6765
f 6767 1702 6724
f 6765 6724 437
f 6767 6724 6765
f 1712 6759 6769
f 6759 1702 6767
f 6769 6767 1714
f 6759 6767 6769
f 371 6729 5592
f 6729 1704 6731
f 5592 6731 1425
f 6729 6731 5592
f 1704 6730 6732
f 6730 437 6720
f 6732 6720 1701
f 6730 6720 6732
f 1425 6722 5591
f 6722 1701 6719
f 5591 6719 10
f 6722 6719 5591
f 1704 6732 6731
f 6732 1701 6722
f 6731 6722 1425
f 6732 6722 6731
f 440 6766 6761
f 6766 1714 6770
f 6761 6770 1713
f 6766 6770 6761
f 1714 6765 6768
f 6765 437 6730
f 6768 6730 1704
f 6765 6730 6768
f 1713 6763 6760
f 6763 1704 6729
f 6760 6729 371
f 6763 6729 6760
f 1714 6768 6770
f 6768 1704 6763
f 6770 6763 1713
f 6768 6763 6770
f 120 7163 7119
f 7163 1808 7166
f 7119 7166 1798
f 7163 7166 7119
f 1808 7164 7187
f 7164 461 7184
f 7187 7184 1812
f 7164 7184 7187
f 1798 7185 7120
f 7185 1812 7183
f 7120 7183 459
f 7185 7183 7120
f 1808 7187 7166
f 7187 1812 7185
f 7166 7185 1798
f 7187 7185 7166
f 461 7160 7173
f 7160 1807 7176
f 7173 7176 1810
f 7160 7176 7173
f 1807 7159 7162
f 7159 116 6757
f 7162 6757 1712
f 7159 6757 7162
f 1810 7174 7172
f 7174 1712 6758
f 7172 6758 440
f 7174 6758 7172
f 1807 7162 7176
f 7162 1712 7174
f 7176 7174 1810
f 7162 7174 7176
f 459 7128 7116
f 7128 1800 7130
f 7116 7130 1797
f 7128 7130 7116
f 1800 7127 7129
f 7127 440 6755
f 7129 6755 1711
f 7127 6755 7129
f 1797 7118 7115
f 7118 1711 6754
f 7115 6754 101
f 7118 6754 7115
f 1800 7129 7130
f 7129 1711 7118
f 7130 7118 1797
f 7129 7118 7130
f 461 7173 7184
f 7173 1810 7188
f 7184 7188 1812
f 7173 7188 7184
f 1810 7172 7175
f 7172 440 7127
f 7175 7127 1800
f 7172 7127 7175
f 1812 7186 7183
f 7186 1800 7128
f 7183 7128 459
f 7186 7128 7183
f 1810 7175 7188
f 7175 1800 7186
f 7188 7186 1812
f 7175 7186 7188
f 26 6863 5669
f 6863 1737 6866
f 5669 6866 1446
f 6863 6866 5669
f 1737 6864 6876
f 6864 446 6874
f 6876 6874 1740
f 6864 6874 6876
f 1446 6875 5670
f 6875 1740 6873
f 5670 6873 377
f 6875 6873 5670
f 1737 6876 6866
f 6876 1740 6875
f 6866 6875 1446
f 6876 6875 6866
f 446 6868 6919
f 6868 1738 6921
f 6919 6921 1752
f 6868 6921 6919
f 1738 6867 6913
f 6867 118 6911
f 6913 6911 1750
f 6867 6911 6913
f 1752 6923 6920
f 6923 1750 6912
f 6920 6912 449
f 6923 6912 6920
f 1738 6913 6921
f 6913 1750 6923
f 6921 6923 1752
f 6913 6923 6921
f 377 6914 5673
f 6914 1751 6916
f 5673 6916 1447
f 6914 6916 5673
f 1751 6915 6918
f 6915 449 6909
f 6918 6909 1749
f 6915 6909 6918
f 1447 6910 5672
f 6910 1749 6908
f 5672 6908 103
f 6910 6908 5672
f 1751 6918 6916
f 6918 1749 6910
f 6916 6910 1447
f 6918 6910 6916
f 446 6919 6874
f 6919 1752 6922
f 6874 6922 1740
f 6919 6922 6874
f 1752 6920 6924
f 6920 449 6915
f 6924 6915 1751
f 6920 6915 6924
f 1740 6917 6873
f 6917 1751 6914
f 6873 6914 377
f 6917 6914 6873
f 1752 6924 6922
f 6924 1751 6917
f 6922 6917 1740
f 6924 6917 6922
f 118 6880 7189
f 6880 1742 7191
f 7189 7191 1813
f 6880 7191 7189
f 1742 6881 7199
f 6881 447 7197
f 7199 7197 1815
f 6881 7197 7199
f 1813 7201 7190
f 7201 1815 7198
f 7190 7198 462
f 7201 7198 7190
f 1742 7199 7191
f 7199 1815 7201
f 7191 7201 1813
f 7199 7201 7191
f 447 6878 7111
f 6878 1741 7113
f 7111 7113 1796
f 6878 7113 7111
f 1741 6877 7104
f 6877 33 7101
f 7104 7101 1793
f 6877 7101 7104
f 1796 7114 7112
f 7114 1793 7102
f 7112 7102 458
f 7114 7102 7112
f 1741 7104 7113
f 7104 1793 7114
f 7113 7114 1796
f 7104 7114 7113
f 462 7208 7194
f 7208 1817 7211
f 7194 7211 1814
f 7208 7211 7194
f 1817 7207 7209
f 7207 458 7106
f 7209 7106 1794
f 7207 7106 7209
f 1814 7195 7193
f 7195 1794 7105
f 7193 7105 120
f 7195 7105 7193
f 1817 7209 7211
f 7209 1794 7195
f 7211 7195 1814
f 7209 7195 7211
f 447 7111 7197
f 7111 1796 7200
f 7197 7200 1815
f 7111 7200 7197
f 1796 7112 7210
f 7112 458 7207
f 7210 7207 1817
f 7112 7207 7210
f 1815 7212 7198
f 7212 1817 7208
f 7198 7208 462
f 7212 7208 7198
f 1796 7210 7200
f 7210 1817 7212
f 7200 7212 1815
f 7210 7212 7200
f 103 7137 5681
f 7137 1802 7139
f 5681 7139 1450
f 7137 7139 5681
f 1802 7138 7148
f 7138 460 7145
f 7148 7145 1804
f 7138 7145 7148
f 1450 7146 5682
f 7146 1804 7144
f 5682 7144 378
f 7146 7144 5682
f 1802 7148 7139
f 7148 1804 7146
f 7139 7146 1450
f 7148 7146 7139
f 460 7142 7154
f 7142 1803 7157
f 7154 7157 1806
f 7142 7157 7154
f 1803 7141 7143
f 7141 120 7091
f 7143 7091 1790
f 7141 7091 7143
f 1806 7155 7153
f 7155 1790 7092
f 7153 7092 457
f 7155 7092 7153
f 1803 7143 7157
f 7143 1790 7155
f 7157 7155 1806
f 7143 7155 7157
f 378 7097 5679
f 7097 1792 7099
f 5679 7099 1449
f 7097 7099 5679
f 1792 7098 7100
f 7098 457 7088
f 7100 7088 1789
f 7098 7088 7100
f 1449 7090 5678
f 7090 1789 7087
f 5678 7087 30
f 7090 7087 5678
f 1792 7100 7099
f 7100 1789 7090
f 7099 7090 1449
f 7100 7090 7099
f 460 7154 7145
f 7154 1806 7158
f 7145 7158 1804
f 7154 7158 7145
f 1806 7153 7156
f 7153 457 7098
f 7156 7098 1792
f 7153 7098 7156
f 1804 7147 7144
f 7147 1792 7097
f 7144 7097 378
f 7147 7097 7144
f 1806 7156 7158
f 7156 1792 7147
f 7158 7147 1804
f 7156 7147 7158
f 118 7189 6911
f 7189 1813 7192
f 6911 7192 1750
f 7189 7192 6911
f 1813 7190 7206
f 7190 462 7203
f 7206 7203 1816
f 7190 7203 7206
f 1750 7204 6912
f 7204 1816 7202
f 6912 7202 449
f 7204 7202 6912
f 1813 7206 7192
f 7206 1816 7204
f 7192 7204 1750
f 7206 7204 7192
f 462 7194 7214
f 7194 1814 7217
f 7214 7217 1818
f 7194 7217 7214
f 1814 7193 7196
f 7193 120 7141
f 7196 7141 1803
f 7193 7141 7196
f 1818 7215 7213
f 7215 1803 7142
f 7213 7142 460
f 7215 7142 7213
f 1814 7196 7217
f 7196 1803 7215
f 7217 7215 1818
f 7196 7215 7217
f 449 7149 6909
f 7149 1805 7151
f 6909 7151 1749
f 7149 7151 6909
f 1805 7150 7152
f 7150 460 7138
f 7152 7138 1802
f 7150 7138 7152
f 1749 7140 6908
f 7140 1802 7137
f 6908 7137 103
f 7140 7137 6908
f 1805 7152 7151
f 7152 1802 7140
f 7151 7140 1749
f 7152 7140 7151
f 462 7214 7203
f 7214 1818 7218
f 7203 7218 1816
f 7214 7218 7203
f 1818 7213 7216
f 7213 460 7150
f 7216 7150 1805
f 7213 7150 7216
f 1816 7205 7202
f 7205 1805 7149
f 7202 7149 449
f 7205 7149 7202
f 1818 7216 7218
f 7216 1805 7205
f 7218 7205 1816
f 7216 7205 7218
f 5 5739 3379
f 5739 1463 5742
f 3379 5742 859
f 5739 5742 3379
f 1463 5740 5752
f 5740 381 5750
f 5752 5750 1466
f 5740 5750 5752
f 859 5751 3380
f 5751 1466 5749
f 3380 5749 223
f 5751 5749 3380
f 1463 5752 5742
f 5752 1466 5751
f 5742 5751 859
f 5752 5751 5742
f 381 5744 5785
f 5744 1464 5787
f 5785 5787 1476
f 5744 5787 5785
f 1464 5743 5779
f 5743 104 5777
f 5779 5777 1474
f 5743 5777 5779
f 1476 5789 5786
f 5789 1474 5778
f 5786 5778 384
f 5789 5778 5786
f 1464 5779 5787
f 5779 1474 5789
f 5787 5789 1476
f 5779 5789 5787
f 223 5780 3382
f 5780 1475 5782
f 3382 5782 860
f 5780 5782 3382
f 1475 5781 5784
f 5781 384 5775
f 5784 5775 1473
f 5781 5775 5784
f 860 5776 3381
f 5776 1473 5774
f 3381 5774 61
f 5776 5774 3381
f 1475 5784 5782
f 5784 1473 5776
f 5782 5776 860
f 5784 5776 5782
f 381 5785 5750
f 5785 1476 5788
f 5750 5788 1466
f 5785 5788 5750
f 1476 5786 5790
f 5786 384 5781
f 5790 5781 1475
f 5786 5781 5790
f 1466 5783 5749
f 5783 1475 5780
f 5749 5780 223
f 5783 5780 5749
f 1476 5790 5788
f 5790 1475 5783
f 5788 5783 1466
f 5790 5783 5788
f 104 5755 5953
f 5755 1468 5955
f 5953 5955 1519
f 5755 5955 5953
f 1468 5756 5963
f 5756 382 5961
f 5963 5961 1521
f 5756 5961 5963
f 1519 5965 5954
f 5965 1521 5962
f 5954 5962 396
f 5965 5962 5954
f 1468 5963 5955
f 5963 1521 5965
f 5955 5965 1519
f 5963 5965 5955
f 382 5754 5927
f 5754 1467 5929
f 5927 5929 1513
f 5754 5929 5927
f 1467 5753 5924
f 5753 31 5922
f 5924 5922 1511
f 5753 5922 5924
f 1513 5930 5928
f 5930 1511 5923
f 5928 5923 394
f 5930 5923 5928
f 1467 5924 5929
f 5924 1511 5930
f 5929 5930 1513
f 5924 5930 5929
f 396 5972 5958
f 5972 1523 5975
f 5958 5975 1520
f 5972 5975 5958
f 1523 5971 5973
f 5971 394 5926
f 5973 5926 1512
f 5971 5926 5973
f 1520 5959 5957
f 5959 1512 5925
f 5957 5925 107
f 5959 5925 5957
f 1523 5973 5975
f 5973 1512 5959
f 5975 5959 1520
f 5973 5959 5975
f 382 5927 5961
f 5927 1513 5964
f 5961 5964 1521
f 5927 5964 5961
f 1513 5928 5974
f 5928 394 5971
f 5974 5971 1523
f 5928 5971 5974
f 1521 5976 5962
f 5976 1523 5972
f 5962 5972 396
f 5976 5972 5962
f 1513 5974 5964
f 5974 1523 5976
f 5964 5976 1521
f 5974 5976 5964
f 61 5931 3385
f 5931 1514 5933
f 3385 5933 862
f 5931 5933 3385
f 1514 5932 5942
f 5932 395 5939
f 5942 5939 1516
f 5932 5939 5942
f 862 5940 3386
f 5940 1516 5938
f 3386 5938 224
f 5940 5938 3386
f 1514 5942 5933
f 5942 1516 5940
f 5933 5940 862
f 5942 5940 5933
f 395 5936 5948
f 5936 1515 5951
f 5948 5951 1518
f 5936 5951 5948
f 1515 5935 5937
f 5935 107 5916
f 5937 5916 1509
f 5935 5916 5937
f 1518 5949 5947
f 5949 1509 5917
f 5947 5917 393
f 5949 5917 5947
f 1515 5937 5951
f 5937 1509 5949
f 5951 5949 1518
f 5937 5949 5951
f 224 5918 3384
f 5918 1510 5920
f 3384 5920 861
f 5918 5920 3384
f 1510 5919 5921
f 5919 393 5914
f 5921 5914 1508
f 5919 5914 5921
f 861 5915 3383
f 5915 1508 5913
f 3383 5913 19
f 5915 5913 3383
f 1510 5921 5920
f 5921 1508 5915
f 5920 5915 861
f 5921 5915 5920
f 395 5948 5939
f 5948 1518 5952
f 5939 5952 1516
f 5948 5952 5939
f 1518 5947 5950
f 5947 393 5919
f 5950 5919 1510
f 5947 5919 5950
f 1516 5941 5938
f 5941 1510 5918
f 5938 5918 224
f 5941 5918 5938
f 1518 5950 5952
f 5950 1510 5941
f 5952 5941 1516
f 5950 5941 5952
f 104 5953 5777
f 5953 1519 5956
f 5777 5956 1474
f 5953 5956 5777
f 1519 5954 5970
f 5954 396 5967
f 5970 5967 1522
f 5954 5967 5970
f 1474 5968 5778
f 5968 1522 5966
f 5778 5966 384
f 5968 5966 5778
f 1519 5970 5956
f 5970 1522 5968
f 5956 5968 1474
f 5970 5968 5956
f 396 5958 5978
f 5958 1520 5981
f 5978 5981 1524
f 5958 5981 5978
f 1520 5957 5960
f 5957 107 5935
f 5960 5935 1515
f 5957 5935 5960
f 1524 5979 5977
f 5979 1515 5936
f 5977 5936 395
f 5979 5936 5977
f 1520 5960 5981
f 5960 1515 5979
f 5981 5979 1524
f 5960 5979 5981
f 384 5943 5775
f 5943 1517 5945
f 5775 5945 1473
f 5943 5945 5775
f 1517 5944 5946
f 5944 395 5932
f 5946 5932 1514
f 5944 5932 5946
f 1473 5934 5774
f 5934 1514 5931
f 5774 5931 61
f 5934 5931 5774
f 1517 5946 5945
f 5946 1514 5934
f 5945 5934 1473
f 5946 5934 5945
f 396 5978 5967
f 5978 1524 5982
f 5967 5982 1522
f 5978 5982 5967
f 1524 5977 5980
f 5977 395 5944
f 5980 5944 1517
f 5977 5944 5980
f 1522 5969 5966
f 5969 1517 5943
f 5966 5943 384
f 5969 5943 5966
f 1524 5980 5982
f 5980 1517 5969
f 5982 5969 1522
f 5980 5969 5982
f 31 5800 6535
f 5800 1480 6537
f 6535 6537 1657
f 5800 6537 6535
f 1480 5801 6543
f 5801 386 6541
f 6543 6541 1659
f 5801 6541 6543
f 1657 6544 6536
f 6544 1659 6542
f 6536 6542 427
f 6544 6542 6536
f 1480 6543 6537
f 6543 1659 6544
f 6537 6544 1657
f 6543 6544 6537
f 386 5803 6570
f 5803 1481 6572
f 6570 6572 1667
f 5803 6572 6570
f 1481 5802 6565
f 5802 105 6563
f 6565 6563 1665
f 5802 6563 6565
f 1667 6574 6571
f 6574 1665 6564
f 6571 6564 429
f 6574 6564 6571
f 1481 6565 6572
f 6565 1665 6574
f 6572 6574 1667
f 6565 6574 6572
f 427 6579 6540
f 6579 1669 6581
f 6540 6581 1658
f 6579 6581 6540
f 1669 6580 6583
f 6580 429 6568
f 6583 6568 1666
f 6580 6568 6583
f 1658 6569 6539
f 6569 1666 6567
f 6539 6567 114
f 6569 6567 6539
f 1669 6583 6581
f 6583 1666 6569
f 6581 6569 1658
f 6583 6569 6581
f 386 6570 6541
f 6570 1667 6573
f 6541 6573 1659
f 6570 6573 6541
f 1667 6571 6584
f 6571 429 6580
f 6584 6580 1669
f 6571 6580 6584
f 1659 6582 6542
f 6582 1669 6579
f 6542 6579 427
f 6582 6579 6542
f 1667 6584 6573
f 6584 1669 6582
f 6573 6582 1659
f 6584 6582 6573
f 105 5794 6202
f 5794 1478 6204
f 6202 6204 1579
f 5794 6204 6202
f 1478 5795 6210
f 5795 385 6208
f 6210 6208 1581
f 5795 6208 6210
f 1579 6212 6203
f 6212 1581 6209
f 6203 6209 410
f 6212 6209 6203
f 1478 6210 6204
f 6210 1581 6212
f 6204 6212 1579
f 6210 6212 6204
f 385 5792 6177
f 5792 1477 6179
f 6177 6179 1572
f 5792 6179 6177
f 1477 5791 6170
f 5791 10 6167
f 6170 6167 1569
f 5791 6167 6170
f 1572 6180 6178
f 6180 1569 6168
f 6178 6168 407
f 6180 6168 6178
f 1477 6170 6179
f 6170 1569 6180
f 6179 6180 1572
f 6170 6180 6179
f 410 6214 6206
f 6214 1582 6217
f 6206 6217 1580
f 6214 6217 6206
f 1582 6213 6215
f 6213 407 6172
f 6215 6172 1570
f 6213 6172 6215
f 1580 6207 6205
f 6207 1570 6171
f 6205 6171 110
f 6207 6171 6205
f 1582 6215 6217
f 6215 1570 6207
f 6217 6207 1580
f 6215 6207 6217
f 385 6177 6208
f 6177 1572 6211
f 6208 6211 1581
f 6177 6211 6208
f 1572 6178 6216
f 6178 407 6213
f 6216 6213 1582
f 6178 6213 6216
f 1581 6218 6209
f 6218 1582 6214
f 6209 6214 410
f 6218 6214 6209
f 1572 6216 6211
f 6216 1582 6218
f 6211 6218 1581
f 6216 6218 6211
f 114 6611 6553
f 6611 1676 6613
f 6553 6613 1662
f 6611 6613 6553
f 1676 6612 6629
f 6612 431 6626
f 6629 6626 1679
f 6612 6626 6629
f 1662 6627 6554
f 6627 1679 6625
f 6554 6625 428
f 6627 6625 6554
f 1676 6629 6613
f 6629 1679 6627
f 6613 6627 1662
f 6629 6627 6613
f 431 6608 6616
f 6608 1675 6619
f 6616 6619 1677
f 6608 6619 6616
f 1675 6607 6609
f 6607 110 6183
f 6609 6183 1574
f 6607 6183 6609
f 1677 6617 6615
f 6617 1574 6184
f 6615 6184 408
f 6617 6184 6615
f 1675 6609 6619
f 6609 1574 6617
f 6619 6617 1677
f 6609 6617 6619
f 428 6556 6550
f 6556 1663 6558
f 6550 6558 1661
f 6556 6558 6550
f 1663 6555 6557
f 6555 408 6182
f 6557 6182 1573
f 6555 6182 6557
f 1661 6551 6549
f 6551 1573 6181
f 6549 6181 32
f 6551 6181 6549
f 1663 6557 6558
f 6557 1573 6551
f 6558 6551 1661
f 6557 6551 6558
f 431 6616 6626
f 6616 1677 6630
f 6626 6630 1679
f 6616 6630 6626
f 1677 6615 6618
f 6615 408 6555
f 6618 6555 1663
f 6615 6555 6618
f 1679 6628 6625
f 6628 1663 6556
f 6625 6556 428
f 6628 6556 6625
f 1677 6618 6630
f 6618 1663 6628
f 6630 6628 1679
f 6618 6628 6630
f 105 6202 6563
f 6202 1579 6566
f 6563 6566 1665
f 6202 6566 6563
f 1579 6203 6577
f 6203 410 6575
f 6577 6575 1668
f 6203 6575 6577
f 1665 6578 6564
f 6578 1668 6576
f 6564 6576 429
f 6578 6576 6564
f 1579 6577 6566
f 6577 1668 6578
f 6566 6578 1665
f 6577 6578 6566
f 410 6206 6620
f 6206 1580 6622
f 6620 6622 1678
f 6206 6622 6620
f 1580 6205 6610
f 6205 110 6607
f 6610 6607 1675
f 6205 6607 6610
f 1678 6624 6621
f 6624 1675 6608
f 6621 6608 431
f 6624 6608 6621
f 1580 6610 6622
f 6610 1675 6624
f 6622 6624 1678
f 6610 6624 6622
f 429 6631 6568
f 6631 1680 6633
f 6568 6633 1666
f 6631 6633 6568
f 1680 6632 6635
f 6632 431 6612
f 6635 6612 1676
f 6632 6612 6635
f 1666 6614 6567
f 6614 1676 6611
f 6567 6611 114
f 6614 6611 6567
f 1680 6635 6633
f 6635 1676 6614
f 6633 6614 1666
f 6635 6614 6633
f 410 6620 6575
f 6620 1678 6623
f 6575 6623 1668
f 6620 6623 6575
f 1678 6621 6636
f 6621 431 6632
f 6636 6632 1680
f 6621 6632 6636
f 1668 6634 6576
f 6634 1680 6631
f 6576 6631 429
f 6634 6631 6576
f 1678 6636 6623
f 6636 1680 6634
f 6623 6634 1668
f 6636 6634 6623
f 19 6311 3391
f 6311 1605 6313
f 3391 6313 865
f 6311 6313 3391
f 1605 6312 6320
f 6312 416 6318
f 6320 6318 1607
f 6312 6318 6320
f 865 6319 3392
f 6319 1607 6317
f 3392 6317 226
f 6319 6317 3392
f 1605 6320 6313
f 6320 1607 6319
f 6313 6319 865
f 6320 6319 6313
f 416 6316 6350
f 6316 1606 6352
f 6350 6352 1616
f 6316 6352 6350
f 1606 6315 6340
f 6315 112 6338
f 6340 6338 1613
f 6315 6338 6340
f 1616 6354 6351
f 6354 1613 6339
f 6351 6339 418
f 6354 6339 6351
f 1606 6340 6352
f 6340 1613 6354
f 6352 6354 1616
f 6340 6354 6352
f 226 6341 3394
f 6341 1614 6343
f 3394 6343 866
f 6341 6343 3394
f 1614 6342 6345
f 6342 418 6335
f 6345 6335 1612
f 6342 6335 6345
f 866 6336 3393
f 6336 1612 6334
f 3393 6334 62
f 6336 6334 3393
f 1614 6345 6343
f 6345 1612 6336
f 6343 6336 866
f 6345 6336 6343
f 416 6350 6318
f 6350 1616 6353
f 6318 6353 1607
f 6350 6353 6318
f 1616 6351 6355
f 6351 418 6342
f 6355 6342 1614
f 6351 6342 6355
f 1607 6344 6317
f 6344 1614 6341
f 6317 6341 226
f 6344 6341 6317
f 1616 6355 6353
f 6355 1614 6344
f 6353 6344 1607
f 6355 6344 6353
f 112 6328 6377
f 6328 1610 6379
f 6377 6379 1622
f 6328 6379 6377
f 1610 6329 6393
f 6329 417 6391
f 6393 6391 1625
f 6329 6391 6393
f 1622 6395 6378
f 6395 1625 6392
f 6378 6392 420
f 6395 6392 6378
f 1610 6393 6379
f 6393 1625 6395
f 6379 6395 1622
f 6393 6395 6379
f 417 6326 6331
f 6326 1609 6333
f 6331 6333 1611
f 6326 6333 6331
f 1609 6325 6327
f 6325 32 6129
f 6327 6129 1559
f 6325 6129 6327
f 1611 6332 6330
f 6332 1559 6130
f 6330 6130 404
f 6332 6130 6330
f 1609 6327 6333
f 6327 1559 6332
f 6333 6332 1611
f 6327 6332 6333
f 420 6382 6374
f 6382 1623 6385
f 6374 6385 1621
f 6382 6385 6374
f 1623 6381 6383
f 6381 404 6132
f 6383 6132 1560
f 6381 6132 6383
f 1621 6375 6373
f 6375 1560 6131
f 6373 6131 109
f 6375 6131 6373
f 1623 6383 6385
f 6383 1560 6375
f 6385 6375 1621
f 6383 6375 6385
f 417 6331 6391
f 6331 1611 6394
f 6391 6394 1625
f 6331 6394 6391
f 1611 6330 6384
f 6330 404 6381
f 6384 6381 1623
f 6330 6381 6384
f 1625 6396 6392
f 6396 1623 6382
f 6392 6382 420
f 6396 6382 6392
f 1611 6384 6394
f 6384 1623 6396
f 6394 6396 1625
f 6384 6396 6394
f 62 6150 3389
f 6150 1565 6152
f 3389 6152 864
f 6150 6152 3389
f 1565 6151 6160
f 6151 406 6157
f 6160 6157 1567
f 6151 6157 6160
f 864 6158 3390
f 6158 1567 6156
f 3390 6156 225
f 6158 6156 3390
f 1565 6160 6152
f 6160 1567 6158
f 6152 6158 864
f 6160 6158 6152
f 406 6154 6162
f 6154 1566 6165
f 6162 6165 1568
f 6154 6165 6162
f 1566 6153 6155
f 6153 109 6119
f 6155 6119 1556
f 6153 6119 6155
f 1568 6163 6161
f 6163 1556 6120
f 6161 6120 403
f 6163 6120 6161
f 1566 6155 6165
f 6155 1556 6163
f 6165 6163 1568
f 6155 6163 6165
f 225 6125 3388
f 6125 1558 6127
f 3388 6127 863
f 6125 6127 3388
f 1558 6126 6128
f 6126 403 6116
f 6128 6116 1555
f 6126 6116 6128
f 863 6118 3387
f 6118 1555 6115
f 3387 6115 6
f 6118 6115 3387
f 1558 6128 6127
f 6128 1555 6118
f 6127 6118 863
f 6128 6118 6127
f 406 6162 6157
f 6162 1568 6166
f 6157 6166 1567
f 6162 6166 6157
f 1568 6161 6164
f 6161 403 6126
f 6164 6126 1558
f 6161 6126 6164
f 1567 6159 6156
f 6159 1558 6125
f 6156 6125 225
f 6159 6125 6156
f 1568 6164 6166
f 6164 1558 6159
f 6166 6159 1567
f 6164 6159 6166
f 112 6377 6338
f 6377 1622 6380
f 6338 6380 1613
f 6377 6380 6338
f 1622 6378 6401
f 6378 420 6398
f 6401 6398 1626
f 6378 6398 6401
f 1613 6399 6339
f 6399 1626 6397
f 6339 6397 418
f 6399 6397 6339
f 1622 6401 6380
f 6401 1626 6399
f 6380 6399 1613
f 6401 6399 6380
f 420 6374 6387
f 6374 1621 6390
f 6387 6390 1624
f 6374 6390 6387
f 1621 6373 6376
f 6373 109 6153
f 6376 6153 1566
f 6373 6153 6376
f 1624 6388 6386
f 6388 1566 6154
f 6386 6154 406
f 6388 6154 6386
f 1621 6376 6390
f 6376 1566 6388
f 6390 6388 1624
f 6376 6388 6390
f 418 6347 6335
f 6347 1615 6349
f 6335 6349 1612
f 6347 6349 6335
f 1615 6346 6348
f 6346 406 6151
f 6348 6151 1565
f 6346 6151 6348
f 1612 6337 6334
f 6337 1565 6150
f 6334 6150 62
f 6337 6150 6334
f 1615 6348 6349
f 6348 1565 6337
f 6349 6337 1612
f 6348 6337 6349
f 420 6387 6398
f 6387 1624 6402
f 6398 6402 1626
f 6387 6402 6398
f 1624 6386 6389
f 6386 406 6346
f 6389 6346 1615
f 6386 6346 6389
f 1626 6400 6397
f 6400 1615 6347
f 6397 6347 418
f 6400 6347 6397
f 1624 6389 6402
f 6389 1615 6400
f 6402 6400 1626
f 6389 6400 6402
f 31 6535 5922
f 6535 1657 6538
f 5922 6538 1511
f 6535 6538 5922
f 1657 6536 6548
f 6536 427 6546
f 6548 6546 1660
f 6536 6546 6548
f 1511 6547 5923
f 6547 1660 6545
f 5923 6545 394
f 6547 6545 5923
f 1657 6548 6538
f 6548 1660 6547
f 6538 6547 1511
f 6548 6547 6538
f 427 6540 6601
f 6540 1658 6603
f 6601 6603 1674
f 6540 6603 6601
f 1658 6539 6591
f 6539 114 6589
f 6591 6589 1671
f 6539 6589 6591
f 1674 6605 6602
f 6605 1671 6590
f 6602 6590 430
f 6605 6590 6602
f 1658 6591 6603
f 6591 1671 6605
f 6603 6605 1674
f 6591 6605 6603
f 394 6592 5926
f 6592 1672 6594
f 5926 6594 1512
f 6592 6594 5926
f 1672 6593 6596
f 6593 430 6586
f 6596 6586 1670
f 6593 6586 6596
f 1512 6587 5925
f 6587 1670 6585
f 5925 6585 107
f 6587 6585 5925
f 1672 6596 6594
f 6596 1670 6587
f 6594 6587 1512
f 6596 6587 6594
f 427 6601 6546
f 6601 1674 6604
f 6546 6604 1660
f 6601 6604 6546
f 1674 6602 6606
f 6602 430 6593
f 6606 6593 1672
f 6602 6593 6606
f 1660 6595 6545
f 6595 1672 6592
f 6545 6592 394
f 6595 6592 6545
f 1674 6606 6604
f 6606 1672 6595
f 6604 6595 1660
f 6606 6595 6604
f 114 6553 6641
f 6553 1662 6643
f 6641 6643 1682
f 6553 6643 6641
f 1662 6554 6657
f 6554 428 6655
f 6657 6655 1685
f 6554 6655 6657
f 1682 6659 6642
f 6659 1685 6656
f 6642 6656 432
f 6659 6656 6642
f 1662 6657 6643
f 6657 1685 6659
f 6643 6659 1682
f 6657 6659 6643
f 428 6550 6560
f 6550 1661 6562
f 6560 6562 1664
f 6550 6562 6560
f 1661 6549 6552
f 6549 32 6325
f 6552 6325 1609
f 6549 6325 6552
f 1664 6561 6559
f 6561 1609 6326
f 6559 6326 417
f 6561 6326 6559
f 1661 6552 6562
f 6552 1609 6561
f 6562 6561 1664
f 6552 6561 6562
f 432 6646 6638
f 6646 1683 6649
f 6638 6649 1681
f 6646 6649 6638
f 1683 6645 6647
f 6645 417 6329
f 6647 6329 1610
f 6645 6329 6647
f 1681 6639 6637
f 6639 1610 6328
f 6637 6328 112
f 6639 6328 6637
f 1683 6647 6649
f 6647 1610 6639
f 6649 6639 1681
f 6647 6639 6649
f 428 6560 6655
f 6560 1664 6658
f 6655 6658 1685
f 6560 6658 6655
f 1664 6559 6648
f 6559 417 6645
f 6648 6645 1683
f 6559 6645 6648
f 1685 6660 6656
f 6660 1683 6646
f 6656 6646 432
f 6660 6646 6656
f 1664 6648 6658
f 6648 1683 6660
f 6658 6660 1685
f 6648 6660 6658
f 107 6356 5916
f 6356 1617 6358
f 5916 6358 1509
f 6356 6358 5916
f 1617 6357 6366
f 6357 419 6363
f 6366 6363 1619
f 6357 6363 6366
f 1509 6364 5917
f 6364 1619 6362
f 5917 6362 393
f 6364 6362 5917
f 1617 6366 6358
f 6366 1619 6364
f 6358 6364 1509
f 6366 6364 6358
f 419 6360 6368
f 6360 1618 6371
f 6368 6371 1620
f 6360 6371 6368
f 1618 6359 6361
f 6359 112 6315
f 6361 6315 1606
f 6359 6315 6361
f 1620 6369 6367
f 6369 1606 6316
f 6367 6316 416
f 6369 6316 6367
f 1618 6361 6371
f 6361 1606 6369
f 6371 6369 1620
f 6361 6369 6371
f 393 6321 5914
f 6321 1608 6323
f 5914 6323 1508
f 6321 6323 5914
f 1608 6322 6324
f 6322 416 6312
f 6324 6312 1605
f 6322 6312 6324
f 1508 6314 5913
f 6314 1605 6311
f 5913 6311 19
f 6314 6311 5913
f 1608 6324 6323
f 6324 1605 6314
f 6323 6314 1508
f 6324 6314 6323
f 419 6368 6363
f 6368 1620 6372
f 6363 6372 1619
f 6368 6372 6363
f 1620 6367 6370
f 6367 416 6322
f 6370 6322 1608
f 6367 6322 6370
f 1619 6365 6362
f 6365 1608 6321
f 6362 6321 393
f 6365 6321 6362
f 1620 6370 6372
f 6370 1608 6365
f 6372 6365 1619
f 6370 6365 6372
f 114 6641 6589
f 6641 1682 6644
f 6589 6644 1671
f 6641 6644 6589
f 1682 6642 6665
f 6642 432 6662
f 6665 6662 1686
f 6642 6662 6665
f 1671 6663 6590
f 6663 1686 6661
f 6590 6661 430
f 6663 6661 6590
f 1682 6665 6644
f 6665 1686 6663
f 6644 6663 1671
f 6665 6663 6644
f 432 6638 6651
f 6638 1681 6654
f 6651 6654 1684
f 6638 6654 6651
f 1681 6637 6640
f 6637 112 6359
f 6640 6359 1618
f 6637 6359 6640
f 1684 6652 6650
f 6652 1618 6360
f 6650 6360 419
f 6652 6360 6650
f 1681 6640 6654
f 6640 1618 6652
f 6654 6652 1684
f 6640 6652 6654
f 430 6598 6586
f 6598 1673 6600
f 6586 6600 1670
f 6598 6600 6586
f 1673 6597 6599
f 6597 419 6357
f 6599 6357 1617
f 6597 6357 6599
f 1670 6588 6585
f 6588 1617 6356
f 6585 6356 107
f 6588 6356 6585
f 1673 6599 6600
f 6599 1617 6588
f 6600 6588 1670
f 6599 6588 6600
f 432 6651 6662
f 6651 1684 6666
f 6662 6666 1686
f 6651 6666 6662
f 1684 6650 6653
f 6650 419 6597
f 6653 6597 1673
f 6650 6597 6653
f 1686 6664 6661
f 6664 1673 6598
f 6661 6598 430
f 6664 6598 6661
f 1684 6653 6666
f 6653 1673 6664
f 6666 6664 1686
f 6653 6664 6666
f 3 2595 8563
f 2595 659 8565
f 8563 8565 2155
f 2595 8565 8563
f 659 2596 8571
f 2596 171 8569
f 8571 8569 2157
f 2596 8569 8571
f 2155 8572 8564
f 8572 2157 8570
f 8564 8570 547
f 8572 8570 8564
f 659 8571 8565
f 8571 2157 8572
f 8565 8572 2155
f 8571 8572 8565
f 171 2599 8587
f 2599 660 8589
f 8587 8589 2163
f 2599 8589 8587
f 660 2598 8583
f 2598 47 8581
f 8583 8581 2161
f 2598 8581 8583
f 2163 8591 8588
f 8591 2161 8582
f 8588 8582 549
f 8591 8582 8588
f 660 8583 8589
f 8583 2161 8591
f 8589 8591 2163
f 8583 8591 8589
f 547 8592 8568
f 8592 2164 8594
f 8568 8594 2156
f 8592 8594 8568
f 2164 8593 8596
f 8593 549 8585
f 8596 8585 2162
f 8593 8585 8596
f 2156 8586 8567
f 8586 2162 8584
f 8567 8584 142
f 8586 8584 8567
f 2164 8596 8594
f 8596 2162 8586
f 8594 8586 2156
f 8596 8586 8594
f 171 8587 8569
f 8587 2163 8590
f 8569 8590 2157
f 8587 8590 8569
f 2163 8588 8597
f 8588 549 8593
f 8597 8593 2164
f 8588 8593 8597
f 2157 8595 8570
f 8595 2164 8592
f 8570 8592 547
f 8595 8592 8570
f 2163 8597 8590
f 8597 2164 8595
f 8590 8595 2157
f 8597 8595 8590
f 47 2606 8641
f 2606 663 8643
f 8641 8643 2179
f 2606 8643 8641
f 663 2607 8650
f 2607 172 8648
f 8650 8648 2181
f 2607 8648 8650
f 2179 8652 8642
f 8652 2181 8649
f 8642 8649 555
f 8652 8649 8642
f 663 8650 8643
f 8650 2181 8652
f 8643 8652 2179
f 8650 8652 8643
f 172 2605 8628
f 2605 662 8630
f 8628 8630 2175
f 2605 8630 8628
f 662 2604 8625
f 2604 15 8623
f 8625 8623 2173
f 2604 8623 8625
f 2175 8631 8629
f 8631 2173 8624
f 8629 8624 553
f 8631 8624 8629
f 662 8625 8630
f 8625 2173 8631
f 8630 8631 2175
f 8625 8631 8630
f 555 8658 8646
f 8658 2183 8661
f 8646 8661 2180
f 8658 8661 8646
f 2183 8657 8659
f 8657 553 8627
f 8659 8627 2174
f 8657 8627 8659
f 2180 8647 8645
f 8647 2174 8626
f 8645 8626 144
f 8647 8626 8645
f 2183 8659 8661
f 8659 2174 8647
f 8661 8647 2180
f 8659 8647 8661
f 172 8628 8648
f 8628 2175 8651
f 8648 8651 2181
f 8628 8651 8648
f 2175 8629 8660
f 8629 553 8657
f 8660 8657 2183
f 8629 8657 8660
f 2181 8662 8649
f 8662 2183 8658
f 8649 8658 555
f 8662 8658 8649
f 2175 8660 8651
f 8660 2183 8662
f 8651 8662 2181
f 8660 8662 8651
f 142 8663 8579
f 8663 2184 8665
f 8579 8665 2160
f 8663 8665 8579
f 2184 8664 8675
f 8664 556 8672
f 8675 8672 2186
f 8664 8672 8675
f 2160 8673 8580
f 8673 2186 8671
f 8580 8671 548
f 8673 8671 8580
f 2184 8675 8665
f 8675 2186 8673
f 8665 8673 2160
f 8675 8673 8665
f 556 8668 8682
f 8668 2185 8685
f 8682 8685 2188
f 8668 8685 8682
f 2185 8667 8669
f 8667 144 8635
f 8669 8635 2177
f 8667 8635 8669
f 2188 8683 8681
f 8683 2177 8636
f 8681 8636 554
f 8683 8636 8681
f 2185 8669 8685
f 8669 2177 8683
f 8685 8683 2188
f 8669 8683 8685
f 548 8637 8578
f 8637 2178 8639
f 8578 8639 2159
f 8637 8639 8578
f 2178 8638 8640
f 8638 554 8633
f 8640 8633 2176
f 8638 8633 8640
f 2159 8634 8577
f 8634 2176 8632
f 8577 8632 39
f 8634 8632 8577
f 2178 8640 8639
f 8640 2176 8634
f 8639 8634 2159
f 8640 8634 8639
f 556 8682 8672
f 8682 2188 8686
f 8672 8686 2186
f 8682 8686 8672
f 2188 8681 8684
f 8681 554 8638
f 8684 8638 2178
f 8681 8638 8684
f 2186 8674 8671
f 8674 2178 8637
f 8671 8637 548
f 8674 8637 8671
f 2188 8684 8686
f 8684 2178 8674
f 8686 8674 2186
f 8684 8674 8686
f 47 8641 8581
f 8641 2179 8644
f 8581 8644 2161
f 8641 8644 8581
f 2179 8642 8656
f 8642 555 8654
f 8656 8654 2182
f 8642 8654 8656
f 2161 8655 8582
f 8655 2182 8653
f 8582 8653 549
f 8655 8653 8582
f 2179 8656 8644
f 8656 2182 8655
f 8644 8655 2161
f 8656 8655 8644
f 555 8646 8687
f 8646 2180 8689
f 8687 8689 2189
f 8646 8689 8687
f 2180 8645 8670
f 8645 144 8667
f 8670 8667 2185
f 8645 8667 8670
f 2189 8691 8688
f 8691 2185 8668
f 8688 8668 556
f 8691 8668 8688
f 2180 8670 8689
f 8670 2185 8691
f 8689 8691 2189
f 8670 8691 8689
f 549 8676 8585
f 8676 2187 8678
f 8585 8678 2162
f 8676 8678 8585
f 2187 8677 8680
f 8677 556 8664
f 8680 8664 2184
f 8677 8664 8680
f 2162 8666 8584
f 8666 2184 8663
f 8584 8663 142
f 8666 8663 8584
f 2187 8680 8678
f 8680 2184 8666
f 8678 8666 2162
f 8680 8666 8678
f 555 8687 8654
f 8687 2189 8690
f 8654 8690 2182
f 8687 8690 8654
f 2189 8688 8692
f 8688 556 8677
f 8692 8677 2187
f 8688 8677 8692
f 2182 8679 8653
f 8679 2187 8676
f 8653 8676 549
f 8679 8676 8653
f 2189 8692 8690
f 8692 2187 8679
f 8690 8679 2182
f 8692 8679 8690
f 15 2629 8845
f 2629 670 8847
f 8845 8847 2230
f 2629 8847 8845
f 670 2630 8853
f 2630 175 8851
f 8853 8851 2232
f 2630 8851 8853
f 2230 8854 8846
f 8854 2232 8852
f 8846 8852 568
f 8854 8852 8846
f 670 8853 8847
f 8853 2232 8854
f 8847 8854 2230
f 8853 8854 8847
f 175 2632 8875
f 2632 671 8877
f 8875 8877 2239
f 2632 8877 8875
f 671 2631 8870
f 2631 48 8868
f 8870 8868 2237
f 2631 8868 8870
f 2239 8879 8876
f 8879 2237 8869
f 8876 8869 570
f 8879 8869 8876
f 671 8870 8877
f 8870 2237 8879
f 8877 8879 2239
f 8870 8879 8877
f 568 8884 8850
f 8884 2241 8886
f 8850 8886 2231
f 8884 8886 8850
f 2241 8885 8888
f 8885 570 8873
f 8888 8873 2238
f 8885 8873 8888
f 2231 8874 8849
f 8874 2238 8872
f 8849 8872 148
f 8874 8872 8849
f 2241 8888 8886
f 8888 2238 8874
f 8886 8874 2231
f 8888 8874 8886
f 175 8875 8851
f 8875 2239 8878
f 8851 8878 2232
f 8875 8878 8851
f 2239 8876 8889
f 8876 570 8885
f 8889 8885 2241
f 8876 8885 8889
f 2232 8887 8852
f 8887 2241 8884
f 8852 8884 568
f 8887 8884 8852
f 2239 8889 8878
f 8889 2241 8887
f 8878 8887 2232
f 8889 8887 8878
f 48 2627 8781
f 2627 669 8783
f 8781 8783 2213
f 2627 8783 8781
f 669 2628 8789
f 2628 174 8787
f 8789 8787 2215
f 2628 8787 8789
f 2213 8791 8782
f 8791 2215 8788
f 8782 8788 563
f 8791 8788 8782
f 669 8789 8783
f 8789 2215 8791
f 8783 8791 2213
f 8789 8791 8783
f 174 2626 8769
f 2626 668 8771
f 8769 8771 2209
f 2626 8771 8769
f 668 2625 8765
f 2625 5 8763
f 8765 8763 2207
f 2625 8763 8765
f 2209 8772 8770
f 8772 2207 8764
f 8770 8764 561
f 8772 8764 8770
f 668 8765 8771
f 8765 2207 8772
f 8771 8772 2209
f 8765 8772 8771
f 563 8793 8785
f 8793 2216 8796
f 8785 8796 2214
f 8793 8796 8785
f 2216 8792 8794
f 8792 561 8768
f 8794 8768 2208
f 8792 8768 8794
f 2214 8786 8784
f 8786 2208 8767
f 8784 8767 146
f 8786 8767 8784
f 2216 8794 8796
f 8794 2208 8786
f 8796 8786 2214
f 8794 8786 8796
f 174 8769 8787
f 8769 2209 8790
f 8787 8790 2215
f 8769 8790 8787
f 2209 8770 8795
f 8770 561 8792
f 8795 8792 2216
f 8770 8792 8795
f 2215 8797 8788
f 8797 2216 8793
f 8788 8793 563
f 8797 8793 8788
f 2209 8795 8790
f 8795 2216 8797
f 8790 8797 2215
f 8795 8797 8790
f 148 8911 8862
f 8911 2247 8913
f 8862 8913 2235
f 8911 8913 8862
f 2247 8912 8929
f 8912 572 8926
f 8929 8926 2250
f 8912 8926 8929
f 2235 8927 8863
f 8927 2250 8925
f 8863 8925 569
f 8927 8925 8863
f 2247 8929 8913
f 8929 2250 8927
f 8913 8927 2235
f 8929 8927 8913
f 572 8908 8916
f 8908 2246 8919
f 8916 8919 2248
f 8908 8919 8916
f 2246 8907 8909
f 8907 146 8779
f 8909 8779 2212
f 8907 8779 8909
f 2248 8917 8915
f 8917 2212 8780
f 8915 8780 562
f 8917 8780 8915
f 2246 8909 8919
f 8909 2212 8917
f 8919 8917 2248
f 8909 8917 8919
f 569 8865 8860
f 8865 2236 8867
f 8860 8867 2234
f 8865 8867 8860
f 2236 8864 8866
f 8864 562 8778
f 8866 8778 2211
f 8864 8778 8866
f 2234 8861 8859
f 8861 2211 8777
f 8859 8777 40
f 8861 8777 8859
f 2236 8866 8867
f 8866 2211 8861
f 8867 8861 2234
f 8866 8861 8867
f 572 8916 8926
f 8916 2248 8930
f 8926 8930 2250
f 8916 8930 8926
f 2248 8915 8918
f 8915 562 8864
f 8918 8864 2236
f 8915 8864 8918
f 2250 8928 8925
f 8928 2236 8865
f 8925 8865 569
f 8928 8865 8925
f 2248 8918 8930
f 8918 2236 8928
f 8930 8928 2250
f 8918 8928 8930
f 48 8781 8868
f 8781 2213 8871
f 8868 8871 2237
f 8781 8871 8868
f 2213 8782 8882
f 8782 563 8880
f 8882 8880 2240
f 8782 8880 8882
f 2237 8883 8869
f 8883 2240 8881
f 8869 8881 570
f 8883 8881 8869
f 2213 8882 8871
f 8882 2240 8883
f 8871 8883 2237
f 8882 8883 8871
f 563 8785 8920
f 8785 2214 8922
f 8920 8922 2249
f 8785 8922 8920
f 2214 8784 8910
f 8784 146 8907
f 8910 8907 2246
f 8784 8907 8910
f 2249 8924 8921
f 8924 2246 8908
f 8921 8908 572
f 8924 8908 8921
f 2214 8910 8922
f 8910 2246 8924
f 8922 8924 2249
f 8910 8924 8922
f 570 8931 8873
f 8931 2251 8933
f 8873 8933 2238
f 8931 8933 8873
f 2251 8932 8935
f 8932 572 8912
f 8935 8912 2247
f 8932 8912 8935
f 2238 8914 8872
f 8914 2247 8911
f 8872 8911 148
f 8914 8911 8872
f 2251 8935 8933
f 8935 2247 8914
f 8933 8914 2238
f 8935 8914 8933
f 563 8920 8880
f 8920 2249 8923
f 8880 8923 2240
f 8920 8923 8880
f 2249 8921 8936
f 8921 572 8932
f 8936 8932 2251
f 8921 8932 8936
f 2240 8934 8881
f 8934 2251 8931
f 8881 8931 570
f 8934 8931 8881
f 2249 8936 8923
f 8936 2251 8934
f 8923 8934 2240
f 8936 8934 8923
f 39 9007 8619
f 9007 2269 9009
f 8619 9009 2171
f 9007 9009 8619
f 2269 9008 9016
f 9008 577 9014
f 9016 9014 2271
f 9008 9014 9016
f 2171 9015 8620
f 9015 2271 9013
f 8620 9013 552
f 9015 9013 8620
f 2269 9016 9009
f 9016 2271 9015
f 9009 9015 2171
f 9016 9015 9009
f 577 9012 9051
f 9012 2270 9053
f 9051 9053 2281
f 9012 9053 9051
f 2270 9011 9041
f 9011 150 9039
f 9041 9039 2278
f 9011 9039 9041
f 2281 9055 9052
f 9055 2278 9040
f 9052 9040 579
f 9055 9040 9052
f 2270 9041 9053
f 9041 2278 9055
f 9053 9055 2281
f 9041 9055 9053
f 552 9042 8622
f 9042 2279 9044
f 8622 9044 2172
f 9042 9044 8622
f 2279 9043 9046
f 9043 579 9036
f 9046 9036 2277
f 9043 9036 9046
f 2172 9037 8621
f 9037 2277 9035
f 8621 9035 143
f 9037 9035 8621
f 2279 9046 9044
f 9046 2277 9037
f 9044 9037 2172
f 9046 9037 9044
f 577 9051 9014
f 9051 2281 9054
f 9014 9054 2271
f 9051 9054 9014
f 2281 9052 9056
f 9052 579 9043
f 9056 9043 2279
f 9052 9043 9056
f 2271 9045 9013
f 9045 2279 9042
f 9013 9042 552
f 9045 9042 9013
f 2281 9056 9054
f 9056 2279 9045
f 9054 9045 2271
f 9056 9045 9054
f 150 9025 9083
f 9025 2274 9085
f 9083 9085 2288
f 9025 9085 9083
f 2274 9026 9099
f 9026 578 9097
f 9099 9097 2291
f 9026 9097 9099
f 2288 9101 9084
f 9101 2291 9098
f 9084 9098 581
f 9101 9098 9084
f 2274 9099 9085
f 9099 2291 9101
f 9085 9101 2288
f 9099 9101 9085
f 578 9022 9028
f 9022 2273 9030
f 9028 9030 2275
f 9022 9030 9028
f 2273 9021 9023
f 9021 40 8824
f 9023 8824 2224
f 9021 8824 9023
f 2275 9029 9027
f 9029 2224 8825
f 9027 8825 566
f 9029 8825 9027
f 2273 9023 9030
f 9023 2224 9029
f 9030 9029 2275
f 9023 9029 9030
f 581 9088 9080
f 9088 2289 9091
f 9080 9091 2287
f 9088 9091 9080
f 2289 9087 9089
f 9087 566 8827
f 9089 8827 2225
f 9087 8827 9089
f 2287 9081 9079
f 9081 2225 8826
f 9079 8826 147
f 9081 8826 9079
f 2289 9089 9091
f 9089 2225 9081
f 9091 9081 2287
f 9089 9081 9091
f 578 9028 9097
f 9028 2275 9100
f 9097 9100 2291
f 9028 9100 9097
f 2275 9027 9090
f 9027 566 9087
f 9090 9087 2289
f 9027 9087 9090
f 2291 9102 9098
f 9102 2289 9088
f 9098 9088 581
f 9102 9088 9098
f 2275 9090 9100
f 9090 2289 9102
f 9100 9102 2291
f 9090 9102 9100
f 143 8828 8617
f 8828 2226 8830
f 8617 8830 2170
f 8828 8830 8617
f 2226 8829 8838
f 8829 567 8835
f 8838 8835 2228
f 8829 8835 8838
f 2170 8836 8618
f 8836 2228 8834
f 8618 8834 551
f 8836 8834 8618
f 2226 8838 8830
f 8838 2228 8836
f 8830 8836 2170
f 8838 8836 8830
f 567 8832 8840
f 8832 2227 8843
f 8840 8843 2229
f 8832 8843 8840
f 2227 8831 8833
f 8831 147 8818
f 8833 8818 2222
f 8831 8818 8833
f 2229 8841 8839
f 8841 2222 8819
f 8839 8819 565
f 8841 8819 8839
f 2227 8833 8843
f 8833 2222 8841
f 8843 8841 2229
f 8833 8841 8843
f 551 8820 8616
f 8820 2223 8822
f 8616 8822 2169
f 8820 8822 8616
f 2223 8821 8823
f 8821 565 8816
f 8823 8816 2221
f 8821 8816 8823
f 2169 8817 8615
f 8817 2221 8815
f 8615 8815 12
f 8817 8815 8615
f 2223 8823 8822
f 8823 2221 8817
f 8822 8817 2169
f 8823 8817 8822
f 567 8840 8835
f 8840 2229 8844
f 8835 8844 2228
f 8840 8844 8835
f 2229 8839 8842
f 8839 565 8821
f 8842 8821 2223
f 8839 8821 8842
f 2228 8837 8834
f 8837 2223 8820
f 8834 8820 551
f 8837 8820 8834
f 2229 8842 8844
f 8842 2223 8837
f 8844 8837 2228
f 8842 8837 8844
f 150 9083 9039
f 9083 2288 9086
f 9039 9086 2278
f 9083 9086 9039
f 2288 9084 9107
f 9084 581 9104
f 9107 9104 2292
f 9084 9104 9107
f 2278 9105 9040
f 9105 2292 9103
f 9040 9103 579
f 9105 9103 9040
f 2288 9107 9086
f 9107 2292 9105
f 9086 9105 2278
f 9107 9105 9086
f 581 9080 9093
f 9080 2287 9096
f 9093 9096 2290
f 9080 9096 9093
f 2287 9079 9082
f 9079 147 8831
f 9082 8831 2227
f 9079 8831 9082
f 2290 9094 9092
f 9094 2227 8832
f 9092 8832 567
f 9094 8832 9092
f 2287 9082 9096
f 9082 2227 9094
f 9096 9094 2290
f 9082 9094 9096
f 579 9048 9036
f 9048 2280 9050
f 9036 9050 2277
f 9048 9050 9036
f 2280 9047 9049
f 9047 567 8829
f 9049 8829 2226
f 9047 8829 9049
f 2277 9038 9035
f 9038 2226 8828
f 9035 8828 143
f 9038 8828 9035
f 2280 9049 9050
f 9049 2226 9038
f 9050 9038 2277
f 9049 9038 9050
f 581 9093 9104
f 9093 2290 9108
f 9104 9108 2292
f 9093 9108 9104
f 2290 9092 9095
f 9092 567 9047
f 9095 9047 2280
f 9092 9047 9095
f 2292 9106 9103
f 9106 2280 9048
f 9103 9048 579
f 9106 9048 9103
f 2290 9095 9108
f 9095 2280 9106
f 9108 9106 2292
f 9095 9106 9108
f 15 8845 8623
f 8845 2230 8848
f 8623 8848 2173
f 8845 8848 8623
f 2230 8846 8858
f 8846 568 8856
f 8858 8856 2233
f 8846 8856 8858
f 2173 8857 8624
f 8857 2233 8855
f 8624 8855 553
f 8857 8855 8624
f 2230 8858 8848
f 8858 2233 8857
f 8848 8857 2173
f 8858 8857 8848
f 568 8850 8901
f 8850 2231 8903
f 8901 8903 2245
f 8850 8903 8901
f 2231 8849 8895
f 8849 148 8893
f 8895 8893 2243
f 8849 8893 8895
f 2245 8905 8902
f 8905 2243 8894
f 8902 8894 571
f 8905 8894 8902
f 2231 8895 8903
f 8895 2243 8905
f 8903 8905 2245
f 8895 8905 8903
f 553 8896 8627
f 8896 2244 8898
f 8627 8898 2174
f 8896 8898 8627
f 2244 8897 8900
f 8897 571 8891
f 8900 8891 2242
f 8897 8891 8900
f 2174 8892 8626
f 8892 2242 8890
f 8626 8890 144
f 8892 8890 8626
f 2244 8900 8898
f 8900 2242 8892
f 8898 8892 2174
f 8900 8892 8898
f 568 8901 8856
f 8901 2245 8904
f 8856 8904 2233
f 8901 8904 8856
f 2245 8902 8906
f 8902 571 8897
f 8906 8897 2244
f 8902 8897 8906
f 2233 8899 8855
f 8899 2244 8896
f 8855 8896 553
f 8899 8896 8855
f 2245 8906 8904
f 8906 2244 8899
f 8904 8899 2233
f 8906 8899 8904
f 148 8862 9109
f 8862 2235 9111
f 9109 9111 2293
f 8862 9111 9109
f 2235 8863 9119
f 8863 569 9117
f 9119 9117 2295
f 8863 9117 9119
f 2293 9121 9110
f 9121 2295 9118
f 9110 9118 582
f 9121 9118 9110
f 2235 9119 9111
f 9119 2295 9121
f 9111 9121 2293
f 9119 9121 9111
f 569 8860 9031
f 8860 2234 9033
f 9031 9033 2276
f 8860 9033 9031
f 2234 8859 9024
f 8859 40 9021
f 9024 9021 2273
f 8859 9021 9024
f 2276 9034 9032
f 9034 2273 9022
f 9032 9022 578
f 9034 9022 9032
f 2234 9024 9033
f 9024 2273 9034
f 9033 9034 2276
f 9024 9034 9033
f 582 9128 9114
f 9128 2297 9131
f 9114 9131 2294
f 9128 9131 9114
f 2297 9127 9129
f 9127 578 9026
f 9129 9026 2274
f 9127 9026 9129
f 2294 9115 9113
f 9115 2274 9025
f 9113 9025 150
f 9115 9025 9113
f 2297 9129 9131
f 9129 2274 9115
f 9131 9115 2294
f 9129 9115 9131
f 569 9031 9117
f 9031 2276 9120
f 9117 9120 2295
f 9031 9120 9117
f 2276 9032 9130
f 9032 578 9127
f 9130 9127 2297
f 9032 9127 9130
f 2295 9132 9118
f 9132 2297 9128
f 9118 9128 582
f 9132 9128 9118
f 2276 9130 9120
f 9130 2297 9132
f 9120 9132 2295
f 9130 9132 9120
f 144 9057 8635
f 9057 2282 9059
f 8635 9059 2177
f 9057 9059 8635
f 2282 9058 9068
f 9058 580 9065
f 9068 9065 2284
f 9058 9065 9068
f 2177 9066 8636
f 9066 2284 9064
f 8636 9064 554
f 9066 9064 8636
f 2282 9068 9059
f 9068 2284 9066
f 9059 9066 2177
f 9068 9066 9059
f 580 9062 9074
f 9062 2283 9077
f 9074 9077 2286
f 9062 9077 9074
f 2283 9061 9063
f 9061 150 9011
f 9063 9011 2270
f 9061 9011 9063
f 2286 9075 9073
f 9075 2270 9012
f 9073 9012 577
f 9075 9012 9073
f 2283 9063 9077
f 9063 2270 9075
f 9077 9075 2286
f 9063 9075 9077
f 554 9017 8633
f 9017 2272 9019
f 8633 9019 2176
f 9017 9019 8633
f 2272 9018 9020
f 9018 577 9008
f 9020 9008 2269
f 9018 9008 9020
f 2176 9010 8632
f 9010 2269 9007
f 8632 9007 39
f 9010 9007 8632
f 2272 9020 9019
f 9020 2269 9010
f 9019 9010 2176
f 9020 9010 9019
f 580 9074 9065
f 9074 2286 9078
f 9065 9078 2284
f 9074 9078 9065
f 2286 9073 9076
f 9073 577 9018
f 9076 9018 2272
f 9073 9018 9076
f 2284 9067 9064
f 9067 2272 9017
f 9064 9017 554
f 9067 9017 9064
f 2286 9076 9078
f 9076 2272 9067
f 9078 9067 2284
f 9076 9067 9078
f 148 9109 8893
f 9109 2293 9112
f 8893 9112 2243
f 9109 9112 8893
f 2293 9110 9126
f 9110 582 9123
f 9126 9123 2296
f 9110 9123 9126
f 2243 9124 8894
f 9124 2296 9122
f 8894 9122 571
f 9124 9122 8894
f 2293 9126 9112
f 9126 2296 9124
f 9112 9124 2243
f 9126 9124 9112
f 582 9114 9134
f 9114 2294 9137
f 9134 9137 2298
f 9114 9137 9134
f 2294 9113 9116
f 9113 150 9061
f 9116 9061 2283
f 9113 9061 9116
f 2298 9135 9133
f 9135 2283 9062
f 9133 9062 580
f 9135 9062 9133
f 2294 9116 9137
f 9116 2283 9135
f 9137 9135 2298
f 9116 9135 9137
f 571 9069 8891
f 9069 2285 9071
f 8891 9071 2242
f 9069 9071 8891
f 2285 9070 9072
f 9070 580 9058
f 9072 9058 2282
f 9070 9058 9072
f 2242 9060 8890
f 9060 2282 9057
f 8890 9057 144
f 9060 9057 8890
f 2285 9072 9071
f 9072 2282 9060
f 9071 9060 2242
f 9072 9060 9071
f 582 9134 9123
f 9134 2298 9138
f 9123 9138 2296
f 9134 9138 9123
f 2298 9133 9136
f 9133 580 9070
f 9136 9070 2285
f 9133 9070 9136
f 2296 9125 9122
f 9125 2285 9069
f 9122 9069 571
f 9125 9069 9122
f 2298 9136 9138
f 9136 2285 9125
f 9138 9125 2296
f 9136 9125 9138
f 7 3425 7435
f 3425 876 7437
f 7435 7437 1879
f 3425 7437 7435
f 876 3426 7443
f 3426 230 7441
f 7443 7441 1881
f 3426 7441 7443
f 1879 7444 7436
f 7444 1881 7442
f 7436 7442 481
f 7444 7442 7436
f 876 7443 7437
f 7443 1881 7444
f 7437 7444 1879
f 7443 7444 7437
f 230 3428 7459
f 3428 877 7461
f 7459 7461 1887
f 3428 7461 7459
f 877 3427 7455
f 3427 64 7453
f 7455 7453 1885
f 3427 7453 7455
f 1887 7463 7460
f 7463 1885 7454
f 7460 7454 483
f 7463 7454 7460
f 877 7455 7461
f 7455 1885 7463
f 7461 7463 1887
f 7455 7463 7461
f 481 7464 7440
f 7464 1888 7466
f 7440 7466 1880
f 7464 7466 7440
f 1888 7465 7468
f 7465 483 7457
f 7468 7457 1886
f 7465 7457 7468
f 1880 7458 7439
f 7458 1886 7456
f 7439 7456 127
f 7458 7456 7439
f 1888 7468 7466
f 7468 1886 7458
f 7466 7458 1880
f 7468 7458 7466
f 230 7459 7441
f 7459 1887 7462
f 7441 7462 1881
f 7459 7462 7441
f 1887 7460 7469
f 7460 483 7465
f 7469 7465 1888
f 7460 7465 7469
f 1881 7467 7442
f 7467 1888 7464
f 7442 7464 481
f 7467 7464 7442
f 1887 7469 7462
f 7469 1888 7467
f 7462 7467 1881
f 7469 7467 7462
f 64 3431 7540
f 3431 879 7542
f 7540 7542 1909
f 3431 7542 7540
f 879 3432 7549
f 3432 231 7547
f 7549 7547 1911
f 3432 7547 7549
f 1909 7551 7541
f 7551 1911 7548
f 7541 7548 490
f 7551 7548 7541
f 879 7549 7542
f 7549 1911 7551
f 7542 7551 1909
f 7549 7551 7542
f 231 3430 7523
f 3430 878 7525
f 7523 7525 1904
f 3430 7525 7523
f 878 3429 7519
f 3429 20 7517
f 7519 7517 1902
f 3429 7517 7519
f 1904 7526 7524
f 7526 1902 7518
f 7524 7518 488
f 7526 7518 7524
f 878 7519 7525
f 7519 1902 7526
f 7525 7526 1904
f 7519 7526 7525
f 490 7557 7545
f 7557 1913 7560
f 7545 7560 1910
f 7557 7560 7545
f 1913 7556 7558
f 7556 488 7522
f 7558 7522 1903
f 7556 7522 7558
f 1910 7546 7544
f 7546 1903 7521
f 7544 7521 129
f 7546 7521 7544
f 1913 7558 7560
f 7558 1903 7546
f 7560 7546 1910
f 7558 7546 7560
f 231 7523 7547
f 7523 1904 7550
f 7547 7550 1911
f 7523 7550 7547
f 1904 7524 7559
f 7524 488 7556
f 7559 7556 1913
f 7524 7556 7559
f 1911 7561 7548
f 7561 1913 7557
f 7548 7557 490
f 7561 7557 7548
f 1904 7559 7550
f 7559 1913 7561
f 7550 7561 1911
f 7559 7561 7550
f 127 7579 7451
f 7579 1918 7581
f 7451 7581 1884
f 7579 7581 7451
f 1918 7580 7591
f 7580 492 7588
f 7591 7588 1920
f 7580 7588 7591
f 1884 7589 7452
f 7589 1920 7587
f 7452 7587 482
f 7589 7587 7452
f 1918 7591 7581
f 7591 1920 7589
f 7581 7589 1884
f 7591 7589 7581
f 492 7584 7598
f 7584 1919 7601
f 7598 7601 1922
f 7584 7601 7598
f 1919 7583 7585
f 7583 129 7534
f 7585 7534 1907
f 7583 7534 7585
f 1922 7599 7597
f 7599 1907 7535
f 7597 7535 489
f 7599 7535 7597
f 1919 7585 7601
f 7585 1907 7599
f 7601 7599 1922
f 7585 7599 7601
f 482 7536 7450
f 7536 1908 7538
f 7450 7538 1883
f 7536 7538 7450
f 1908 7537 7539
f 7537 489 7532
f 7539 7532 1906
f 7537 7532 7539
f 1883 7533 7449
f 7533 1906 7531
f 7449 7531 36
f 7533 7531 7449
f 1908 7539 7538
f 7539 1906 7533
f 7538 7533 1883
f 7539 7533 7538
f 492 7598 7588
f 7598 1922 7602
f 7588 7602 1920
f 7598 7602 7588
f 1922 7597 7600
f 7597 489 7537
f 7600 7537 1908
f 7597 7537 7600
f 1920 7590 7587
f 7590 1908 7536
f 7587 7536 482
f 7590 7536 7587
f 1922 7600 7602
f 7600 1908 7590
f 7602 7590 1920
f 7600 7590 7602
f 64 7540 7453
f 7540 1909 7543
f 7453 7543 1885
f 7540 7543 7453
f 1909 7541 7555
f 7541 490 7553
f 7555 7553 1912
f 7541 7553 7555
f 1885 7554 7454
f 7554 1912 7552
f 7454 7552 483
f 7554 7552 7454
f 1909 7555 7543
f 7555 1912 7554
f 7543 7554 1885
f 7555 7554 7543
f 490 7545 7603
f 7545 1910 7605
f 7603 7605 1923
f 7545 7605 7603
f 1910 7544 7586
f 7544 129 7583
f 7586 7583 1919
f 7544 7583 7586
f 1923 7607 7604
f 7607 1919 7584
f 7604 7584 492
f 7607 7584 7604
f 1910 7586 7605
f 7586 1919 7607
f 7605 7607 1923
f 7586 7607 7605
f 483 7592 7457
f 7592 1921 7594
f 7457 7594 1886
f 7592 7594 7457
f 1921 7593 7596
f 7593 492 7580
f 7596 7580 1918
f 7593 7580 7596
f 1886 7582 7456
f 7582 1918 7579
f 7456 7579 127
f 7582 7579 7456
f 1921 7596 7594
f 7596 1918 7582
f 7594 7582 1886
f 7596 7582 7594
f 490 7603 7553
f 7603 1923 7606
f 7553 7606 1912
f 7603 7606 7553
f 1923 7604 7608
f 7604 492 7593
f 7608 7593 1921
f 7604 7593 7608
f 1912 7595 7552
f 7595 1921 7592
f 7552 7592 483
f 7595 7592 7552
f 1923 7608 7606
f 7608 1921 7595
f 7606 7595 1912
f 7608 7595 7606
f 20 3404 7365
f 3404 870 7367
f 7365 7367 1862
f 3404 7367 7365
f 870 3405 7372
f 3405 228 7370
f 7372 7370 1864
f 3405 7370 7372
f 1862 7373 7366
f 7373 1864 7371
f 7366 7371 477
f 7373 7371 7366
f 870 7372 7367
f 7372 1864 7373
f 7367 7373 1862
f 7372 7373 7367
f 228 3407 7390
f 3407 871 7392
f 7390 7392 1870
f 3407 7392 7390
f 871 3406 7385
f 3406 63 7383
f 7385 7383 1868
f 3406 7383 7385
f 1870 7394 7391
f 7394 1868 7384
f 7391 7384 479
f 7394 7384 7391
f 871 7385 7392
f 7385 1868 7394
f 7392 7394 1870
f 7385 7394 7392
f 477 7399 7369
f 7399 1872 7401
f 7369 7401 1863
f 7399 7401 7369
f 1872 7400 7403
f 7400 479 7388
f 7403 7388 1869
f 7400 7388 7403
f 1863 7389 7368
f 7389 1869 7387
f 7368 7387 126
f 7389 7387 7368
f 1872 7403 7401
f 7403 1869 7389
f 7401 7389 1863
f 7403 7389 7401
f 228 7390 7370
f 7390 1870 7393
f 7370 7393 1864
f 7390 7393 7370
f 1870 7391 7404
f 7391 479 7400
f 7404 7400 1872
f 7391 7400 7404
f 1864 7402 7371
f 7402 1872 7399
f 7371 7399 477
f 7402 7399 7371
f 1870 7404 7393
f 7404 1872 7402
f 7393 7402 1864
f 7404 7402 7393
f 63 3398 7340
f 3398 868 7342
f 7340 7342 1854
f 3398 7342 7340
f 868 3399 7348
f 3399 227 7346
f 7348 7346 1856
f 3399 7346 7348
f 1854 7350 7341
f 7350 1856 7347
f 7341 7347 474
f 7350 7347 7341
f 868 7348 7342
f 7348 1856 7350
f 7342 7350 1854
f 7348 7350 7342
f 227 3396 7332
f 3396 867 7334
f 7332 7334 1851
f 3396 7334 7332
f 867 3395 7329
f 3395 3 7327
f 7329 7327 1849
f 3395 7327 7329
f 1851 7335 7333
f 7335 1849 7328
f 7333 7328 472
f 7335 7328 7333
f 867 7329 7334
f 7329 1849 7335
f 7334 7335 1851
f 7329 7335 7334
f 474 7352 7344
f 7352 1857 7355
f 7344 7355 1855
f 7352 7355 7344
f 1857 7351 7353
f 7351 472 7331
f 7353 7331 1850
f 7351 7331 7353
f 1855 7345 7343
f 7345 1850 7330
f 7343 7330 124
f 7345 7330 7343
f 1857 7353 7355
f 7353 1850 7345
f 7355 7345 1855
f 7353 7345 7355
f 227 7332 7346
f 7332 1851 7349
f 7346 7349 1856
f 7332 7349 7346
f 1851 7333 7354
f 7333 472 7351
f 7354 7351 1857
f 7333 7351 7354
f 1856 7356 7347
f 7356 1857 7352
f 7347 7352 474
f 7356 7352 7347
f 1851 7354 7349
f 7354 1857 7356
f 7349 7356 1856
f 7354 7356 7349
f 126 7409 7377
f 7409 1874 7411
f 7377 7411 1866
f 7409 7411 7377
f 1874 7410 7427
f 7410 480 7424
f 7427 7424 1877
f 7410 7424 7427
f 1866 7425 7378
f 7425 1877 7423
f 7378 7423 478
f 7425 7423 7378
f 1874 7427 7411
f 7427 1877 7425
f 7411 7425 1866
f 7427 7425 7411
f 480 7406 7414
f 7406 1873 7417
f 7414 7417 1875
f 7406 7417 7414
f 1873 7405 7407
f 7405 124 7338
f 7407 7338 1853
f 7405 7338 7407
f 1875 7415 7413
f 7415 1853 7339
f 7413 7339 473
f 7415 7339 7413
f 1873 7407 7417
f 7407 1853 7415
f 7417 7415 1875
f 7407 7415 7417
f 478 7380 7375
f 7380 1867 7382
f 7375 7382 1865
f 7380 7382 7375
f 1867 7379 7381
f 7379 473 7337
f 7381 7337 1852
f 7379 7337 7381
f 1865 7376 7374
f 7376 1852 7336
f 7374 7336 35
f 7376 7336 7374
f 1867 7381 7382
f 7381 1852 7376
f 7382 7376 1865
f 7381 7376 7382
f 480 7414 7424
f 7414 1875 7428
f 7424 7428 1877
f 7414 7428 7424
f 1875 7413 7416
f 7413 473 7379
f 7416 7379 1867
f 7413 7379 7416
f 1877 7426 7423
f 7426 1867 7380
f 7423 7380 478
f 7426 7380 7423
f 1875 7416 7428
f 7416 1867 7426
f 7428 7426 1877
f 7416 7426 7428
f 63 7340 7383
f 7340 1854 7386
f 7383 7386 1868
f 7340 7386 7383
f 1854 7341 7397
f 7341 474 7395
f 7397 7395 1871
f 7341 7395 7397
f 1868 7398 7384
f 7398 1871 7396
f 7384 7396 479
f 7398 7396 7384
f 1854 7397 7386
f 7397 1871 7398
f 7386 7398 1868
f 7397 7398 7386
f 474 7344 7418
f 7344 1855 7420
f 7418 7420 1876
f 7344 7420 7418
f 1855 7343 7408
f 7343 124 7405
f 7408 7405 1873
f 7343 7405 7408
f 1876 7422 7419
f 7422 1873 7406
f 7419 7406 480
f 7422 7406 7419
f 1855 7408 7420
f 7408 1873 7422
f 7420 7422 1876
f 7408 7422 7420
f 479 7429 7388
f 7429 1878 7431
f 7388 7431 1869
f 7429 7431 7388
f 1878 7430 7433
f 7430 480 7410
f 7433 7410 1874
f 7430 7410 7433
f 1869 7412 7387
f 7412 1874 7409
f 7387 7409 126
f 7412 7409 7387
f 1878 7433 7431
f 7433 1874 7412
f 7431 7412 1869
f 7433 7412 7431
f 474 7418 7395
f 7418 1876 7421
f 7395 7421 1871
f 7418 7421 7395
f 1876 7419 7434
f 7419 480 7430
f 7434 7430 1878
f 7419 7430 7434
f 1871 7432 7396
f 7432 1878 7429
f 7396 7429 479
f 7432 7429 7396
f 1876 7434 7421
f 7434 1878 7432
f 7421 7432 1871
f 7434 7432 7421
f 36 7693 7496
f 7693 1945 7695
f 7496 7695 1896
f 7693 7695 7496
f 1945 7694 7702
f 7694 498 7700
f 7702 7700 1947
f 7694 7700 7702
f 1896 7701 7497
f 7701 1947 7699
f 7497 7699 486
f 7701 7699 7497
f 1945 7702 7695
f 7702 1947 7701
f 7695 7701 1896
f 7702 7701 7695
f 498 7698 7769
f 7698 1946 7771
f 7769 7771 1963
f 7698 7771 7769
f 1946 7697 7757
f 7697 131 7755
f 7757 7755 1960
f 7697 7755 7757
f 1963 7773 7770
f 7773 1960 7756
f 7770 7756 501
f 7773 7756 7770
f 1946 7757 7771
f 7757 1960 7773
f 7771 7773 1963
f 7757 7773 7771
f 486 7759 7499
f 7759 1961 7761
f 7499 7761 1897
f 7759 7761 7499
f 1961 7760 7763
f 7760 501 7752
f 7763 7752 1959
f 7760 7752 7763
f 1897 7753 7498
f 7753 1959 7751
f 7498 7751 128
f 7753 7751 7498
f 1961 7763 7761
f 7763 1959 7753
f 7761 7753 1897
f 7763 7753 7761
f 498 7769 7700
f 7769 1963 7772
f 7700 7772 1947
f 7769 7772 7700
f 1963 7770 7774
f 7770 501 7760
f 7774 7760 1961
f 7770 7760 7774
f 1947 7762 7699
f 7762 1961 7759
f 7699 7759 486
f 7762 7759 7699
f 1963 7774 7772
f 7774 1961 7762
f 7772 7762 1947
f 7774 7762 7772
f 131 7683 7711
f 7683 1942 7713
f 7711 7713 1950
f 7683 7713 7711
f 1942 7684 7725
f 7684 497 7723
f 7725 7723 1953
f 7684 7723 7725
f 1950 7727 7712
f 7727 1953 7724
f 7712 7724 499
f 7727 7724 7712
f 1942 7725 7713
f 7725 1953 7727
f 7713 7727 1950
f 7725 7727 7713
f 497 7680 7686
f 7680 1941 7688
f 7686 7688 1943
f 7680 7688 7686
f 1941 7679 7681
f 7679 35 7361
f 7681 7361 1860
f 7679 7361 7681
f 1943 7687 7685
f 7687 1860 7362
f 7685 7362 476
f 7687 7362 7685
f 1941 7681 7688
f 7681 1860 7687
f 7688 7687 1943
f 7681 7687 7688
f 499 7715 7708
f 7715 1951 7718
f 7708 7718 1949
f 7715 7718 7708
f 1951 7714 7716
f 7714 476 7364
f 7716 7364 1861
f 7714 7364 7716
f 1949 7709 7707
f 7709 1861 7363
f 7707 7363 125
f 7709 7363 7707
f 1951 7716 7718
f 7716 1861 7709
f 7718 7709 1949
f 7716 7709 7718
f 497 7686 7723
f 7686 1943 7726
f 7723 7726 1953
f 7686 7726 7723
f 1943 7685 7717
f 7685 476 7714
f 7717 7714 1951
f 7685 7714 7717
f 1953 7728 7724
f 7728 1951 7715
f 7724 7715 499
f 7728 7715 7724
f 1943 7717 7726
f 7717 1951 7728
f 7726 7728 1953
f 7717 7728 7726
f 128 7503 7490
f 7503 1899 7505
f 7490 7505 1894
f 7503 7505 7490
f 1899 7504 7515
f 7504 487 7512
f 7515 7512 1901
f 7504 7512 7515
f 1894 7513 7491
f 7513 1901 7511
f 7491 7511 485
f 7513 7511 7491
f 1899 7515 7505
f 7515 1901 7513
f 7505 7513 1894
f 7515 7513 7505
f 487 7501 7507
f 7501 1898 7510
f 7507 7510 1900
f 7501 7510 7507
f 1898 7500 7502
f 7500 125 7359
f 7502 7359 1859
f 7500 7359 7502
f 1900 7508 7506
f 7508 1859 7360
f 7506 7360 475
f 7508 7360 7506
f 1898 7502 7510
f 7502 1859 7508
f 7510 7508 1900
f 7502 7508 7510
f 485 7493 7488
f 7493 1895 7495
f 7488 7495 1893
f 7493 7495 7488
f 1895 7492 7494
f 7492 475 7358
f 7494 7358 1858
f 7492 7358 7494
f 1893 7489 7487
f 7489 1858 7357
f 7487 7357 11
f 7489 7357 7487
f 1895 7494 7495
f 7494 1858 7489
f 7495 7489 1893
f 7494 7489 7495
f 487 7507 7512
f 7507 1900 7516
f 7512 7516 1901
f 7507 7516 7512
f 1900 7506 7509
f 7506 475 7492
f 7509 7492 1895
f 7506 7492 7509
f 1901 7514 7511
f 7514 1895 7493
f 7511 7493 485
f 7514 7493 7511
f 1900 7509 7516
f 7509 1895 7514
f 7516 7514 1901
f 7509 7514 7516
f 131 7711 7755
f 7711 1950 7758
f 7755 7758 1960
f 7711 7758 7755
f 1950 7712 7777
f 7712 499 7775
f 7777 7775 1964
f 7712 7775 7777
f 1960 7779 7756
f 7779 1964 7776
f 7756 7776 501
f 7779 7776 7756
f 1950 7777 7758
f 7777 1964 7779
f 7758 7779 1960
f 7777 7779 7758
f 499 7708 7720
f 7708 1949 7722
f 7720 7722 1952
f 7708 7722 7720
f 1949 7707 7710
f 7707 125 7500
f 7710 7500 1898
f 7707 7500 7710
f 1952 7721 7719
f 7721 1898 7501
f 7719 7501 487
f 7721 7501 7719
f 1949 7710 7722
f 7710 1898 7721
f 7722 7721 1952
f 7710 7721 7722
f 501 7765 7752
f 7765 1962 7768
f 7752 7768 1959
f 7765 7768 7752
f 1962 7764 7766
f 7764 487 7504
f 7766 7504 1899
f 7764 7504 7766
f 1959 7754 7751
f 7754 1899 7503
f 7751 7503 128
f 7754 7503 7751
f 1962 7766 7768
f 7766 1899 7754
f 7768 7754 1959
f 7766 7754 7768
f 499 7720 7775
f 7720 1952 7778
f 7775 7778 1964
f 7720 7778 7775
f 1952 7719 7767
f 7719 487 7764
f 7767 7764 1962
f 7719 7764 7767
f 1964 7780 7776
f 7780 1962 7765
f 7776 7765 501
f 7780 7765 7776
f 1952 7767 7778
f 7767 1962 7780
f 7778 7780 1964
f 7767 7780 7778
f 20 7365 7517
f 7365 1862 7520
f 7517 7520 1902
f 7365 7520 7517
f 1862 7366 7529
f 7366 477 7527
f 7529 7527 1905
f 7366 7527 7529
f 1902 7530 7518
f 7530 1905 7528
f 7518 7528 488
f 7530 7528 7518
f 1862 7529 7520
f 7529 1905 7530
f 7520 7530 1902
f 7529 7530 7520
f 477 7369 7568
f 7369 1863 7570
f 7568 7570 1916
f 7369 7570 7568
f 1863 7368 7564
f 7368 126 7562
f 7564 7562 1914
f 7368 7562 7564
f 1916 7572 7569
f 7572 1914 7563
f 7569 7563 491
f 7572 7563 7569
f 1863 7564 7570
f 7564 1914 7572
f 7570 7572 1916
f 7564 7572 7570
f 488 7573 7522
f 7573 1917 7575
f 7522 7575 1903
f 7573 7575 7522
f 1917 7574 7577
f 7574 491 7566
f 7577 7566 1915
f 7574 7566 7577
f 1903 7567 7521
f 7567 1915 7565
f 7521 7565 129
f 7567 7565 7521
f 1917 7577 7575
f 7577 1915 7567
f 7575 7567 1903
f 7577 7567 7575
f 477 7568 7527
f 7568 1916 7571
f 7527 7571 1905
f 7568 7571 7527
f 1916 7569 7578
f 7569 491 7574
f 7578 7574 1917
f 7569 7574 7578
f 1905 7576 7528
f 7576 1917 7573
f 7528 7573 488
f 7576 7573 7528
f 1916 7578 7571
f 7578 1917 7576
f 7571 7576 1905
f 7578 7576 7571
f 126 7377 7729
f 7377 1866 7731
f 7729 7731 1954
f 7377 7731 7729
f 1866 7378 7738
f 7378 478 7736
f 7738 7736 1956
f 7378 7736 7738
f 1954 7740 7730
f 7740 1956 7737
f 7730 7737 500
f 7740 7737 7730
f 1866 7738 7731
f 7738 1956 7740
f 7731 7740 1954
f 7738 7740 7731
f 478 7375 7689
f 7375 1865 7691
f 7689 7691 1944
f 7375 7691 7689
f 1865 7374 7682
f 7374 35 7679
f 7682 7679 1941
f 7374 7679 7682
f 1944 7692 7690
f 7692 1941 7680
f 7690 7680 497
f 7692 7680 7690
f 1865 7682 7691
f 7682 1941 7692
f 7691 7692 1944
f 7682 7692 7691
f 500 7746 7734
f 7746 1958 7749
f 7734 7749 1955
f 7746 7749 7734
f 1958 7745 7747
f 7745 497 7684
f 7747 7684 1942
f 7745 7684 7747
f 1955 7735 7733
f 7735 1942 7683
f 7733 7683 131
f 7735 7683 7733
f 1958 7747 7749
f 7747 1942 7735
f 7749 7735 1955
f 7747 7735 7749
f 478 7689 7736
f 7689 1944 7739
f 7736 7739 1956
f 7689 7739 7736
f 1944 7690 7748
f 7690 497 7745
f 7748 7745 1958
f 7690 7745 7748
f 1956 7750 7737
f 7750 1958 7746
f 7737 7746 500
f 7750 7746 7737
f 1944 7748 7739
f 7748 1958 7750
f 7739 7750 1956
f 7748 7750 7739
f 129 7781 7534
f 7781 1965 7783
f 7534 7783 1907
f 7781 7783 7534
f 1965 7782 7793
f 7782 502 7790
f 7793 7790 1967
f 7782 7790 7793
f 1907 7791 7535
f 7791 1967 7789
f 7535 7789 489
f 7791 7789 7535
f 1965 7793 7783
f 7793 1967 7791
f 7783 7791 1907
f 7793 7791 7783
f 502 7786 7800
f 7786 1966 7803
f 7800 7803 1969
f 7786 7803 7800
f 1966 7785 7787
f 7785 131 7697
f 7787 7697 1946
f 7785 7697 7787
f 1969 7801 7799
f 7801 1946 7698
f 7799 7698 498
f 7801 7698 7799
f 1966 7787 7803
f 7787 1946 7801
f 7803 7801 1969
f 7787 7801 7803
f 489 7703 7532
f 7703 1948 7705
f 7532 7705 1906
f 7703 7705 7532
f 1948 7704 7706
f 7704 498 7694
f 7706 7694 1945
f 7704 7694 7706
f 1906 7696 7531
f 7696 1945 7693
f 7531 7693 36
f 7696 7693 7531
f 1948 7706 7705
f 7706 1945 7696
f 7705 7696 1906
f 7706 7696 7705
f 502 7800 7790
f 7800 1969 7804
f 7790 7804 1967
f 7800 7804 7790
f 1969 7799 7802
f 7799 498 7704
f 7802 7704 1948
f 7799 7704 7802
f 1967 7792 7789
f 7792 1948 7703
f 7789 7703 489
f 7792 7703 7789
f 1969 7802 7804
f 7802 1948 7792
f 7804 7792 1967
f 7802 7792 7804
f 126 7729 7562
f 7729 1954 7732
f 7562 7732 1914
f 7729 7732 7562
f 1954 7730 7744
f 7730 500 7742
f 7744 7742 1957
f 7730 7742 7744
f 1914 7743 7563
f 7743 1957 7741
f 7563 7741 491
f 7743 7741 7563
f 1954 7744 7732
f 7744 1957 7743
f 7732 7743 1914
f 7744 7743 7732
f 500 7734 7805
f 7734 1955 7807
f 7805 7807 1970
f 7734 7807 7805
f 1955 7733 7788
f 7733 131 7785
f 7788 7785 1966
f 7733 7785 7788
f 1970 7809 7806
f 7809 1966 7786
f 7806 7786 502
f 7809 7786 7806
f 1955 7788 7807
f 7788 1966 7809
f 7807 7809 1970
f 7788 7809 7807
f 491 7794 7566
f 7794 1968 7796
f 7566 7796 1915
f 7794 7796 7566
f 1968 7795 7798
f 7795 502 7782
f 7798 7782 1965
f 7795 7782 7798
f 1915 7784 7565
f 7784 1965 7781
f 7565 7781 129
f 7784 7781 7565
f 1968 7798 7796
f 7798 1965 7784
f 7796 7784 1915
f 7798 7784 7796
f 500 7805 7742
f 7805 1970 7808
f 7742 7808 1957
f 7805 7808 7742
f 1970 7806 7810
f 7806 502 7795
f 7810 7795 1968
f 7806 7795 7810
f 1957 7797 7741
f 7797 1968 7794
f 7741 7794 491
f 7797 7794 7741
f 1970 7810 7808
f 7810 1968 7797
f 7808 7797 1957
f 7810 7797 7808
f 9 4463 4839
f 4463 1149 4842
f 4839 4842 1241
f 4463 4842 4839
f 1149 4464 4851
f 4464 305 4849
f 4851 4849 1244
f 4464 4849 4851
f 1241 4852 4840
f 4852 1244 4850
f 4840 4850 327
f 4852 4850 4840
f 1149 4851 4842
f 4851 1244 4852
f 4842 4852 1241
f 4851 4852 4842
f 305 4467 4880
f 4467 1150 4882
f 4880 4882 1253
f 4467 4882 4880
f 1150 4466 4876
f 4466 86 4874
f 4876 4874 1251
f 4466 4874 4876
f 1253 4884 4881
f 4884 1251 4875
f 4881 4875 330
f 4884 4875 4881
f 1150 4876 4882
f 4876 1251 4884
f 4882 4884 1253
f 4876 4884 4882
f 327 4885 4844
f 4885 1254 4887
f 4844 4887 1242
f 4885 4887 4844
f 1254 4886 4889
f 4886 330 4878
f 4889 4878 1252
f 4886 4878 4889
f 1242 4879 4843
f 4879 1252 4877
f 4843 4877 91
f 4879 4877 4843
f 1254 4889 4887
f 4889 1252 4879
f 4887 4879 1242
f 4889 4879 4887
f 305 4880 4849
f 4880 1253 4883
f 4849 4883 1244
f 4880 4883 4849
f 1253 4881 4890
f 4881 330 4886
f 4890 4886 1254
f 4881 4886 4890
f 1244 4888 4850
f 4888 1254 4885
f 4850 4885 327
f 4888 4885 4850
f 1253 4890 4883
f 4890 1254 4888
f 4883 4888 1244
f 4890 4888 4883
f 86 4474 5235
f 4474 1153 5237
f 5235 5237 1337
f 4474 5237 5235
f 1153 4475 5244
f 4475 306 5242
f 5244 5242 1339
f 4475 5242 5244
f 1337 5246 5236
f 5246 1339 5243
f 5236 5243 349
f 5246 5243 5236
f 1153 5244 5237
f 5244 1339 5246
f 5237 5246 1337
f 5244 5246 5237
f 306 4473 5213
f 4473 1152 5215
f 5213 5215 1331
f 4473 5215 5213
f 1152 4472 5209
f 4472 27 5207
f 5209 5207 1329
f 4472 5207 5209
f 1331 5216 5214
f 5216 1329 5208
f 5214 5208 347
f 5216 5208 5214
f 1152 5209 5215
f 5209 1329 5216
f 5215 5216 1331
f 5209 5216 5215
f 349 5252 5240
f 5252 1341 5255
f 5240 5255 1338
f 5252 5255 5240
f 1341 5251 5253
f 5251 347 5212
f 5253 5212 1330
f 5251 5212 5253
f 1338 5241 5239
f 5241 1330 5211
f 5239 5211 95
f 5241 5211 5239
f 1341 5253 5255
f 5253 1330 5241
f 5255 5241 1338
f 5253 5241 5255
f 306 5213 5242
f 5213 1331 5245
f 5242 5245 1339
f 5213 5245 5242
f 1331 5214 5254
f 5214 347 5251
f 5254 5251 1341
f 5214 5251 5254
f 1339 5256 5243
f 5256 1341 5252
f 5243 5252 349
f 5256 5252 5243
f 1331 5254 5245
f 5254 1341 5256
f 5245 5256 1339
f 5254 5256 5245
f 91 5279 4855
f 5279 1347 5281
f 4855 5281 1246
f 5279 5281 4855
f 1347 5280 5291
f 5280 351 5288
f 5291 5288 1349
f 5280 5288 5291
f 1246 5289 4856
f 5289 1349 5287
f 4856 5287 328
f 5289 5287 4856
f 1347 5291 5281
f 5291 1349 5289
f 5281 5289 1246
f 5291 5289 5281
f 351 5284 5298
f 5284 1348 5301
f 5298 5301 1351
f 5284 5301 5298
f 1348 5283 5285
f 5283 95 5225
f 5285 5225 1334
f 5283 5225 5285
f 1351 5299 5297
f 5299 1334 5226
f 5297 5226 348
f 5299 5226 5297
f 1348 5285 5301
f 5285 1334 5299
f 5301 5299 1351
f 5285 5299 5301
f 328 5227 4854
f 5227 1335 5229
f 4854 5229 1245
f 5227 5229 4854
f 1335 5228 5230
f 5228 348 5222
f 5230 5222 1333
f 5228 5222 5230
f 1245 5223 4853
f 5223 1333 5221
f 4853 5221 28
f 5223 5221 4853
f 1335 5230 5229
f 5230 1333 5223
f 5229 5223 1245
f 5230 5223 5229
f 351 5298 5288
f 5298 1351 5302
f 5288 5302 1349
f 5298 5302 5288
f 1351 5297 5300
f 5297 348 5228
f 5300 5228 1335
f 5297 5228 5300
f 1349 5290 5287
f 5290 1335 5227
f 5287 5227 328
f 5290 5227 5287
f 1351 5300 5302
f 5300 1335 5290
f 5302 5290 1349
f 5300 5290 5302
f 86 5235 4874
f 5235 1337 5238
f 4874 5238 1251
f 5235 5238 4874
f 1337 5236 5250
f 5236 349 5248
f 5250 5248 1340
f 5236 5248 5250
f 1251 5249 4875
f 5249 1340 5247
f 4875 5247 330
f 5249 5247 4875
f 1337 5250 5238
f 5250 1340 5249
f 5238 5249 1251
f 5250 5249 5238
f 349 5240 5303
f 5240 1338 5305
f 5303 5305 1352
f 5240 5305 5303
f 1338 5239 5286
f 5239 95 5283
f 5286 5283 1348
f 5239 5283 5286
f 1352 5307 5304
f 5307 1348 5284
f 5304 5284 351
f 5307 5284 5304
f 1338 5286 5305
f 5286 1348 5307
f 5305 5307 1352
f 5286 5307 5305
f 330 5292 4878
f 5292 1350 5294
f 4878 5294 1252
f 5292 5294 4878
f 1350 5293 5296
f 5293 351 5280
f 5296 5280 1347
f 5293 5280 5296
f 1252 5282 4877
f 5282 1347 5279
f 4877 5279 91
f 5282 5279 4877
f 1350 5296 5294
f 5296 1347 5282
f 5294 5282 1252
f 5296 5282 5294
f 349 5303 5248
f 5303 1352 5306
f 5248 5306 1340
f 5303 5306 5248
f 1352 5304 5308
f 5304 351 5293
f 5308 5293 1350
f 5304 5293 5308
f 1340 5295 5247
f 5295 1350 5292
f 5247 5292 330
f 5295 5292 5247
f 1352 5308 5306
f 5308 1350 5295
f 5306 5295 1340
f 5308 5295 5306
f 27 4425 4594
f 4425 1139 4596
f 4594 4596 1183
f 4425 4596 4594
f 1139 4426 4601
f 4426 302 4599
f 4601 4599 1185
f 4426 4599 4601
f 1183 4602 4595
f 4602 1185 4600
f 4595 4600 314
f 4602 4600 4595
f 1139 4601 4596
f 4601 1185 4602
f 4596 4602 1183
f 4601 4602 4596
f 302 4428 4633
f 4428 1140 4635
f 4633 4635 1193
f 4428 4635 4633
f 1140 4427 4627
f 4427 85 4625
f 4627 4625 1191
f 4427 4625 4627
f 1193 4637 4634
f 4637 1191 4626
f 4634 4626 316
f 4637 4626 4634
f 1140 4627 4635
f 4627 1191 4637
f 4635 4637 1193
f 4627 4637 4635
f 314 4643 4598
f 4643 1195 4645
f 4598 4645 1184
f 4643 4645 4598
f 1195 4644 4647
f 4644 316 4630
f 4647 4630 1192
f 4644 4630 4647
f 1184 4631 4597
f 4631 1192 4629
f 4597 4629 88
f 4631 4629 4597
f 1195 4647 4645
f 4647 1192 4631
f 4645 4631 1184
f 4647 4631 4645
f 302 4633 4599
f 4633 1193 4636
f 4599 4636 1185
f 4633 4636 4599
f 1193 4634 4648
f 4634 316 4644
f 4648 4644 1195
f 4634 4644 4648
f 1185 4646 4600
f 4646 1195 4643
f 4600 4643 314
f 4646 4643 4600
f 1193 4648 4636
f 4648 1195 4646
f 4636 4646 1185
f 4648 4646 4636
f 85 4415 4449
f 4415 1136 4451
f 4449 4451 1146
f 4415 4451 4449
f 1136 4416 4459
f 4416 301 4457
f 4459 4457 1148
f 4416 4457 4459
f 1146 4461 4450
f 4461 1148 4458
f 4450 4458 304
f 4461 4458 4450
f 1136 4459 4451
f 4459 1148 4461
f 4451 4461 1146
f 4459 4461 4451
f 301 4412 4422
f 4412 1135 4424
f 4422 4424 1138
f 4412 4424 4422
f 1135 4411 4414
f 4411 7 4179
f 4414 4179 1067
f 4411 4179 4414
f 1138 4423 4421
f 4423 1067 4180
f 4421 4180 279
f 4423 4180 4421
f 1135 4414 4424
f 4414 1067 4423
f 4424 4423 1138
f 4414 4423 4424
f 304 4453 4447
f 4453 1147 4456
f 4447 4456 1145
f 4453 4456 4447
f 1147 4452 4454
f 4452 279 4182
f 4454 4182 1068
f 4452 4182 4454
f 1145 4448 4446
f 4448 1068 4181
f 4446 4181 77
f 4448 4181 4446
f 1147 4454 4456
f 4454 1068 4448
f 4456 4448 1145
f 4454 4448 4456
f 301 4422 4457
f 4422 1138 4460
f 4457 4460 1148
f 4422 4460 4457
f 1138 4421 4455
f 4421 279 4452
f 4455 4452 1147
f 4421 4452 4455
f 1148 4462 4458
f 4462 1147 4453
f 4458 4453 304
f 4462 4453 4458
f 1138 4455 4460
f 4455 1147 4462
f 4460 4462 1148
f 4455 4462 4460
f 88 4607 4588
f 4607 1187 4609
f 4588 4609 1181
f 4607 4609 4588
f 1187 4608 4623
f 4608 315 4620
f 4623 4620 1190
f 4608 4620 4623
f 1181 4621 4589
f 4621 1190 4619
f 4589 4619 313
f 4621 4619 4589
f 1187 4623 4609
f 4623 1190 4621
f 4609 4621 1181
f 4623 4621 4609
f 315 4604 4611
f 4604 1186 4614
f 4611 4614 1188
f 4604 4614 4611
f 1186 4603 4605
f 4603 77 4185
f 4605 4185 1070
f 4603 4185 4605
f 1188 4612 4610
f 4612 1070 4186
f 4610 4186 280
f 4612 4186 4610
f 1186 4605 4614
f 4605 1070 4612
f 4614 4612 1188
f 4605 4612 4614
f 313 4591 4586
f 4591 1182 4593
f 4586 4593 1180
f 4591 4593 4586
f 1182 4590 4592
f 4590 280 4184
f 4592 4184 1069
f 4590 4184 4592
f 1180 4587 4585
f 4587 1069 4183
f 4585 4183 24
f 4587 4183 4585
f 1182 4592 4593
f 4592 1069 4587
f 4593 4587 1180
f 4592 4587 4593
f 315 4611 4620
f 4611 1188 4624
f 4620 4624 1190
f 4611 4624 4620
f 1188 4610 4613
f 4610 280 4590
f 4613 4590 1182
f 4610 4590 4613
f 1190 4622 4619
f 4622 1182 4591
f 4619 4591 313
f 4622 4591 4619
f 1188 4613 4624
f 4613 1182 4622
f 4624 4622 1190
f 4613 4622 4624
f 85 4449 4625
f 4449 1146 4628
f 4625 4628 1191
f 4449 4628 4625
f 1146 4450 4640
f 4450 304 4638
f 4640 4638 1194
f 4450 4638 4640
f 1191 4642 4626
f 4642 1194 4639
f 4626 4639 316
f 4642 4639 4626
f 1146 4640 4628
f 4640 1194 4642
f 4628 4642 1191
f 4640 4642 4628
f 304 4447 4615
f 4447 1145 4617
f 4615 4617 1189
f 4447 4617 4615
f 1145 4446 4606
f 4446 77 4603
f 4606 4603 1186
f 4446 4603 4606
f 1189 4618 4616
f 4618 1186 4604
f 4616 4604 315
f 4618 4604 4616
f 1145 4606 4617
f 4606 1186 4618
f 4617 4618 1189
f 4606 4618 4617
f 316 4650 4630
f 4650 1196 4653
f 4630 4653 1192
f 4650 4653 4630
f 1196 4649 4651
f 4649 315 4608
f 4651 4608 1187
f 4649 4608 4651
f 1192 4632 4629
f 4632 1187 4607
f 4629 4607 88
f 4632 4607 4629
f 1196 4651 4653
f 4651 1187 4632
f 4653 4632 1192
f 4651 4632 4653
f 304 4615 4638
f 4615 1189 4641
f 4638 4641 1194
f 4615 4641 4638
f 1189 4616 4652
f 4616 315 4649
f 4652 4649 1196
f 4616 4649 4652
f 1194 4654 4639
f 4654 1196 4650
f 4639 4650 316
f 4654 4650 4639
f 1189 4652 4641
f 4652 1196 4654
f 4641 4654 1194
f 4652 4654 4641
f 28 4997 4801
f 4997 1281 4999
f 4801 4999 1231
f 4997 4999 4801
f 1281 4998 5005
f 4998 337 5003
f 5005 5003 1283
f 4998 5003 5005
f 1231 5004 4802
f 5004 1283 5002
f 4802 5002 324
f 5004 5002 4802
f 1281 5005 4999
f 5005 1283 5004
f 4999 5004 1231
f 5005 5004 4999
f 337 5001 5063
f 5001 1282 5065
f 5063 5065 1297
f 5001 5065 5063
f 1282 5000 5051
f 5000 93 5049
f 5051 5049 1294
f 5000 5049 5051
f 1297 5067 5064
f 5067 1294 5050
f 5064 5050 340
f 5067 5050 5064
f 1282 5051 5065
f 5051 1294 5067
f 5065 5067 1297
f 5051 5067 5065
f 324 5053 4804
f 5053 1295 5055
f 4804 5055 1232
f 5053 5055 4804
f 1295 5054 5057
f 5054 340 5046
f 5057 5046 1293
f 5054 5046 5057
f 1232 5047 4803
f 5047 1293 5045
f 4803 5045 90
f 5047 5045 4803
f 1295 5057 5055
f 5057 1293 5047
f 5055 5047 1232
f 5057 5047 5055
f 337 5063 5003
f 5063 1297 5066
f 5003 5066 1283
f 5063 5066 5003
f 1297 5064 5068
f 5064 340 5054
f 5068 5054 1295
f 5064 5054 5068
f 1283 5056 5002
f 5056 1295 5053
f 5002 5053 324
f 5056 5053 5002
f 1297 5068 5066
f 5068 1295 5056
f 5066 5056 1283
f 5068 5056 5066
f 93 4987 5010
f 4987 1278 5012
f 5010 5012 1285
f 4987 5012 5010
f 1278 4988 5024
f 4988 336 5022
f 5024 5022 1288
f 4988 5022 5024
f 1285 5026 5011
f 5026 1288 5023
f 5011 5023 338
f 5026 5023 5011
f 1278 5024 5012
f 5024 1288 5026
f 5012 5026 1285
f 5024 5026 5012
f 336 4984 4990
f 4984 1277 4992
f 4990 4992 1279
f 4984 4992 4990
f 1277 4983 4985
f 4983 24 4191
f 4985 4191 1073
f 4983 4191 4985
f 1279 4991 4989
f 4991 1073 4192
f 4989 4192 282
f 4991 4192 4989
f 1277 4985 4992
f 4985 1073 4991
f 4992 4991 1279
f 4985 4991 4992
f 338 5014 5007
f 5014 1286 5017
f 5007 5017 1284
f 5014 5017 5007
f 1286 5013 5015
f 5013 282 4194
f 5015 4194 1074
f 5013 4194 5015
f 1284 5008 5006
f 5008 1074 4193
f 5006 4193 78
f 5008 4193 5006
f 1286 5015 5017
f 5015 1074 5008
f 5017 5008 1284
f 5015 5008 5017
f 336 4990 5022
f 4990 1279 5025
f 5022 5025 1288
f 4990 5025 5022
f 1279 4989 5016
f 4989 282 5013
f 5016 5013 1286
f 4989 5013 5016
f 1288 5027 5023
f 5027 1286 5014
f 5023 5014 338
f 5027 5014 5023
f 1279 5016 5025
f 5016 1286 5027
f 5025 5027 1288
f 5016 5027 5025
f 90 4825 4791
f 4825 1238 4827
f 4791 4827 1228
f 4825 4827 4791
f 1238 4826 4837
f 4826 326 4834
f 4837 4834 1240
f 4826 4834 4837
f 1228 4835 4792
f 4835 1240 4833
f 4792 4833 323
f 4835 4833 4792
f 1238 4837 4827
f 4837 1240 4835
f 4827 4835 1228
f 4837 4835 4827
f 326 4823 4829
f 4823 1237 4832
f 4829 4832 1239
f 4823 4832 4829
f 1237 4822 4824
f 4822 78 4189
f 4824 4189 1072
f 4822 4189 4824
f 1239 4830 4828
f 4830 1072 4190
f 4828 4190 281
f 4830 4190 4828
f 1237 4824 4832
f 4824 1072 4830
f 4832 4830 1239
f 4824 4830 4832
f 323 4798 4788
f 4798 1230 4800
f 4788 4800 1227
f 4798 4800 4788
f 1230 4797 4799
f 4797 281 4188
f 4799 4188 1071
f 4797 4188 4799
f 1227 4790 4787
f 4790 1071 4187
f 4787 4187 8
f 4790 4187 4787
f 1230 4799 4800
f 4799 1071 4790
f 4800 4790 1227
f 4799 4790 4800
f 326 4829 4834
f 4829 1239 4838
f 4834 4838 1240
f 4829 4838 4834
f 1239 4828 4831
f 4828 281 4797
f 4831 4797 1230
f 4828 4797 4831
f 1240 4836 4833
f 4836 1230 4798
f 4833 4798 323
f 4836 4798 4833
f 1239 4831 4838
f 4831 1230 4836
f 4838 4836 1240
f 4831 4836 4838
f 93 5010 5049
f 5010 1285 5052
f 5049 5052 1294
f 5010 5052 5049
f 1285 5011 5071
f 5011 338 5069
f 5071 5069 1298
f 5011 5069 5071
f 1294 5073 5050
f 5073 1298 5070
f 5050 5070 340
f 5073 5070 5050
f 1285 5071 5052
f 5071 1298 5073
f 5052 5073 1294
f 5071 5073 5052
f 338 5007 5019
f 5007 1284 5021
f 5019 5021 1287
f 5007 5021 5019
f 1284 5006 5009
f 5006 78 4822
f 5009 4822 1237
f 5006 4822 5009
f 1287 5020 5018
f 5020 1237 4823
f 5018 4823 326
f 5020 4823 5018
f 1284 5009 5021
f 5009 1237 5020
f 5021 5020 1287
f 5009 5020 5021
f 340 5059 5046
f 5059 1296 5062
f 5046 5062 1293
f 5059 5062 5046
f 1296 5058 5060
f 5058 326 4826
f 5060 4826 1238
f 5058 4826 5060
f 1293 5048 5045
f 5048 1238 4825
f 5045 4825 90
f 5048 4825 5045
f 1296 5060 5062
f 5060 1238 5048
f 5062 5048 1293
f 5060 5048 5062
f 338 5019 5069
f 5019 1287 5072
f 5069 5072 1298
f 5019 5072 5069
f 1287 5018 5061
f 5018 326 5058
f 5061 5058 1296
f 5018 5058 5061
f 1298 5074 5070
f 5074 1296 5059
f 5070 5059 340
f 5074 5059 5070
f 1287 5061 5072
f 5061 1296 5074
f 5072 5074 1298
f 5061 5074 5072
f 27 4594 5207
f 4594 1183 5210
f 5207 5210 1329
f 4594 5210 5207
f 1183 4595 5219
f 4595 314 5217
f 5219 5217 1332
f 4595 5217 5219
f 1329 5220 5208
f 5220 1332 5218
f 5208 5218 347
f 5220 5218 5208
f 1183 5219 5210
f 5219 1332 5220
f 5210 5220 1329
f 5219 5220 5210
f 314 4598 5264
f 4598 1184 5266
f 5264 5266 1344
f 4598 5266 5264
f 1184 4597 5259
f 4597 88 5257
f 5259 5257 1342
f 4597 5257 5259
f 1344 5268 5265
f 5268 1342 5258
f 5265 5258 350
f 5268 5258 5265
f 1184 5259 5266
f 5259 1342 5268
f 5266 5268 1344
f 5259 5268 5266
f 347 5273 5212
f 5273 1346 5275
f 5212 5275 1330
f 5273 5275 5212
f 1346 5274 5277
f 5274 350 5262
f 5277 5262 1343
f 5274 5262 5277
f 1330 5263 5211
f 5263 1343 5261
f 5211 5261 95
f 5263 5261 5211
f 1346 5277 5275
f 5277 1343 5263
f 5275 5263 1330
f 5277 5263 5275
f 314 5264 5217
f 5264 1344 5267
f 5217 5267 1332
f 5264 5267 5217
f 1344 5265 5278
f 5265 350 5274
f 5278 5274 1346
f 5265 5274 5278
f 1332 5276 5218
f 5276 1346 5273
f 5218 5273 347
f 5276 5273 5218
f 1344 5278 5267
f 5278 1346 5276
f 5267 5276 1332
f 5278 5276 5267
f 88 4588 5028
f 4588 1181 5030
f 5028 5030 1289
f 4588 5030 5028
f 1181 4589 5036
f 4589 313 5034
f 5036 5034 1291
f 4589 5034 5036
f 1289 5038 5029
f 5038 1291 5035
f 5029 5035 339
f 5038 5035 5029
f 1181 5036 5030
f 5036 1291 5038
f 5030 5038 1289
f 5036 5038 5030
f 313 4586 4993
f 4586 1180 4995
f 4993 4995 1280
f 4586 4995 4993
f 1180 4585 4986
f 4585 24 4983
f 4986 4983 1277
f 4585 4983 4986
f 1280 4996 4994
f 4996 1277 4984
f 4994 4984 336
f 4996 4984 4994
f 1180 4986 4995
f 4986 1277 4996
f 4995 4996 1280
f 4986 4996 4995
f 339 5040 5032
f 5040 1292 5043
f 5032 5043 1290
f 5040 5043 5032
f 1292 5039 5041
f 5039 336 4988
f 5041 4988 1278
f 5039 4988 5041
f 1290 5033 5031
f 5033 1278 4987
f 5031 4987 93
f 5033 4987 5031
f 1292 5041 5043
f 5041 1278 5033
f 5043 5033 1290
f 5041 5033 5043
f 313 4993 5034
f 4993 1280 5037
f 5034 5037 1291
f 4993 5037 5034
f 1280 4994 5042
f 4994 336 5039
f 5042 5039 1292
f 4994 5039 5042
f 1291 5044 5035
f 5044 1292 5040
f 5035 5040 339
f 5044 5040 5035
f 1280 5042 5037
f 5042 1292 5044
f 5037 5044 1291
f 5042 5044 5037
f 95 5313 5225
f 5313 1354 5315
f 5225 5315 1334
f 5313 5315 5225
f 1354 5314 5331
f 5314 352 5328
f 5331 5328 1357
f 5314 5328 5331
f 1334 5329 5226
f 5329 1357 5327
f 5226 5327 348
f 5329 5327 5226
f 1354 5331 5315
f 5331 1357 5329
f 5315 5329 1334
f 5331 5329 5315
f 352 5310 5318
f 5310 1353 5321
f 5318 5321 1355
f 5310 5321 5318
f 1353 5309 5311
f 5309 93 5000
f 5311 5000 1282
f 5309 5000 5311
f 1355 5319 5317
f 5319 1282 5001
f 5317 5001 337
f 5319 5001 5317
f 1353 5311 5321
f 5311 1282 5319
f 5321 5319 1355
f 5311 5319 5321
f 348 5232 5222
f 5232 1336 5234
f 5222 5234 1333
f 5232 5234 5222
f 1336 5231 5233
f 5231 337 4998
f 5233 4998 1281
f 5231 4998 5233
f 1333 5224 5221
f 5224 1281 4997
f 5221 4997 28
f 5224 4997 5221
f 1336 5233 5234
f 5233 1281 5224
f 5234 5224 1333
f 5233 5224 5234
f 352 5318 5328
f 5318 1355 5332
f 5328 5332 1357
f 5318 5332 5328
f 1355 5317 5320
f 5317 337 5231
f 5320 5231 1336
f 5317 5231 5320
f 1357 5330 5327
f 5330 1336 5232
f 5327 5232 348
f 5330 5232 5327
f 1355 5320 5332
f 5320 1336 5330
f 5332 5330 1357
f 5320 5330 5332
f 88 5028 5257
f 5028 1289 5260
f 5257 5260 1342
f 5028 5260 5257
f 1289 5029 5271
f 5029 339 5269
f 5271 5269 1345
f 5029 5269 5271
f 1342 5272 5258
f 5272 1345 5270
f 5258 5270 350
f 5272 5270 5258
f 1289 5271 5260
f 5271 1345 5272
f 5260 5272 1342
f 5271 5272 5260
f 339 5032 5322
f 5032 1290 5324
f 5322 5324 1356
f 5032 5324 5322
f 1290 5031 5312
f 5031 93 5309
f 5312 5309 1353
f 5031 5309 5312
f 1356 5326 5323
f 5326 1353 5310
f 5323 5310 352
f 5326 5310 5323
f 1290 5312 5324
f 5312 1353 5326
f 5324 5326 1356
f 5312 5326 5324
f 350 5333 5262
f 5333 1358 5335
f 5262 5335 1343
f 5333 5335 5262
f 1358 5334 5337
f 5334 352 5314
f 5337 5314 1354
f 5334 5314 5337
f 1343 5316 5261
f 5316 1354 5313
f 5261 5313 95
f 5316 5313 5261
f 1358 5337 5335
f 5337 1354 5316
f 5335 5316 1343
f 5337 5316 5335
f 339 5322 5269
f 5322 1356 5325
f 5269 5325 1345
f 5322 5325 5269
f 1356 5323 5338
f 5323 352 5334
f 5338 5334 1358
f 5323 5334 5338
f 1345 5336 5270
f 5336 1358 5333
f 5270 5333 350
f 5336 5333 5270
f 1356 5338 5325
f 5338 1358 5336
f 5325 5336 1345
f 5338 5336 5325
f 10 6719 5391
f 6719 1701 6721
f 5391 6721 1373
f 6719 6721 5391
f 1701 6720 6728
f 6720 437 6726
f 6728 6726 1703
f 6720 6726 6728
f 1373 6727 5392
f 6727 1703 6725
f 5392 6725 357
f 6727 6725 5392
f 1701 6728 6721
f 6728 1703 6727
f 6721 6727 1373
f 6728 6727 6721
f 437 6724 6748
f 6724 1702 6750
f 6748 6750 1710
f 6724 6750 6748
f 1702 6723 6742
f 6723 116 6740
f 6742 6740 1708
f 6723 6740 6742
f 1710 6752 6749
f 6752 1708 6741
f 6749 6741 439
f 6752 6741 6749
f 1702 6742 6750
f 6742 1708 6752
f 6750 6752 1710
f 6742 6752 6750
f 357 6743 5394
f 6743 1709 6745
f 5394 6745 1374
f 6743 6745 5394
f 1709 6744 6747
f 6744 439 6738
f 6747 6738 1707
f 6744 6738 6747
f 1374 6739 5393
f 6739 1707 6737
f 5393 6737 97
f 6739 6737 5393
f 1709 6747 6745
f 6747 1707 6739
f 6745 6739 1374
f 6747 6739 6745
f 437 6748 6726
f 6748 1710 6751
f 6726 6751 1703
f 6748 6751 6726
f 1710 6749 6753
f 6749 439 6744
f 6753 6744 1709
f 6749 6744 6753
f 1703 6746 6725
f 6746 1709 6743
f 6725 6743 357
f 6746 6743 6725
f 1710 6753 6751
f 6753 1709 6746
f 6751 6746 1703
f 6753 6746 6751
f 116 6735 7027
f 6735 1706 7029
f 7027 7029 1777
f 6735 7029 7027
f 1706 6736 7037
f 6736 438 7035
f 7037 7035 1779
f 6736 7035 7037
f 1777 7039 7028
f 7039 1779 7036
f 7028 7036 455
f 7039 7036 7028
f 1706 7037 7029
f 7037 1779 7039
f 7029 7039 1777
f 7037 7039 7029
f 438 6734 6975
f 6734 1705 6977
f 6975 6977 1765
f 6734 6977 6975
f 1705 6733 6971
f 6733 33 6969
f 6971 6969 1763
f 6733 6969 6971
f 1765 6978 6976
f 6978 1763 6970
f 6976 6970 452
f 6978 6970 6976
f 1705 6971 6977
f 6971 1763 6978
f 6977 6978 1765
f 6971 6978 6977
f 455 7046 7032
f 7046 1781 7049
f 7032 7049 1778
f 7046 7049 7032
f 1781 7045 7047
f 7045 452 6974
f 7047 6974 1764
f 7045 6974 7047
f 1778 7033 7031
f 7033 1764 6973
f 7031 6973 119
f 7033 6973 7031
f 1781 7047 7049
f 7047 1764 7033
f 7049 7033 1778
f 7047 7033 7049
f 438 6975 7035
f 6975 1765 7038
f 7035 7038 1779
f 6975 7038 7035
f 1765 6976 7048
f 6976 452 7045
f 7048 7045 1781
f 6976 7045 7048
f 1779 7050 7036
f 7050 1781 7046
f 7036 7046 455
f 7050 7046 7036
f 1765 7048 7038
f 7048 1781 7050
f 7038 7050 1779
f 7048 7050 7038
f 97 6983 5397
f 6983 1767 6985
f 5397 6985 1376
f 6983 6985 5397
f 1767 6984 6994
f 6984 453 6991
f 6994 6991 1769
f 6984 6991 6994
f 1376 6992 5398
f 6992 1769 6990
f 5398 6990 358
f 6992 6990 5398
f 1767 6994 6985
f 6994 1769 6992
f 6985 6992 1376
f 6994 6992 6985
f 453 6988 7000
f 6988 1768 7003
f 7000 7003 1771
f 6988 7003 7000
f 1768 6987 6989
f 6987 119 6959
f 6989 6959 1760
f 6987 6959 6989
f 1771 7001 6999
f 7001 1760 6960
f 6999 6960 451
f 7001 6960 6999
f 1768 6989 7003
f 6989 1760 7001
f 7003 7001 1771
f 6989 7001 7003
f 358 6961 5396
f 6961 1761 6963
f 5396 6963 1375
f 6961 6963 5396
f 1761 6962 6964
f 6962 451 6956
f 6964 6956 1759
f 6962 6956 6964
f 1375 6957 5395
f 6957 1759 6955
f 5395 6955 29
f 6957 6955 5395
f 1761 6964 6963
f 6964 1759 6957
f 6963 6957 1375
f 6964 6957 6963
f 453 7000 6991
f 7000 1771 7004
f 6991 7004 1769
f 7000 7004 6991
f 1771 6999 7002
f 6999 451 6962
f 7002 6962 1761
f 6999 6962 7002
f 1769 6993 6990
f 6993 1761 6961
f 6990 6961 358
f 6993 6961 6990
f 1771 7002 7004
f 7002 1761 6993
f 7004 6993 1769
f 7002 6993 7004
f 116 7027 6740
f 7027 1777 7030
f 6740 7030 1708
f 7027 7030 6740
f 1777 7028 7044
f 7028 455 7041
f 7044 7041 1780
f 7028 7041 7044
f 1708 7042 6741
f 7042 1780 7040
f 6741 7040 439
f 7042 7040 6741
f 1777 7044 7030
f 7044 1780 7042
f 7030 7042 1708
f 7044 7042 7030
f 455 7032 7052
f 7032 1778 7055
f 7052 7055 1782
f 7032 7055 7052
f 1778 7031 7034
f 7031 119 6987
f 7034 6987 1768
f 7031 6987 7034
f 1782 7053 7051
f 7053 1768 6988
f 7051 6988 453
f 7053 6988 7051
f 1778 7034 7055
f 7034 1768 7053
f 7055 7053 1782
f 7034 7053 7055
f 439 6995 6738
f 6995 1770 6997
f 6738 6997 1707
f 6995 6997 6738
f 1770 6996 6998
f 6996 453 6984
f 6998 6984 1767
f 6996 6984 6998
f 1707 6986 6737
f 6986 1767 6983
f 6737 6983 97
f 6986 6983 6737
f 1770 6998 6997
f 6998 1767 6986
f 6997 6986 1707
f 6998 6986 6997
f 455 7052 7041
f 7052 1782 7056
f 7041 7056 1780
f 7052 7056 7041
f 1782 7051 7054
f 7051 453 6996
f 7054 6996 1770
f 7051 6996 7054
f 1780 7043 7040
f 7043 1770 6995
f 7040 6995 439
f 7043 6995 7040
f 1782 7054 7056
f 7054 1770 7043
f 7056 7043 1780
f 7054 7043 7056
f 33 6681 6785
f 6681 1691 6787
f 6785 6787 1719
f 6681 6787 6785
f 1691 6682 6792
f 6682 434 6790
f 6792 6790 1721
f 6682 6790 6792
f 1719 6793 6786
f 6793 1721 6791
f 6786 6791 442
f 6793 6791 6786
f 1691 6792 6787
f 6792 1721 6793
f 6787 6793 1719
f 6792 6793 6787
f 434 6684 6841
f 6684 1692 6843
f 6841 6843 1733
f 6684 6843 6841
f 1692 6683 6835
f 6683 115 6833
f 6835 6833 1731
f 6683 6833 6835
f 1733 6845 6842
f 6845 1731 6834
f 6842 6834 445
f 6845 6834 6842
f 1692 6835 6843
f 6835 1731 6845
f 6843 6845 1733
f 6835 6845 6843
f 442 6851 6789
f 6851 1735 6853
f 6789 6853 1720
f 6851 6853 6789
f 1735 6852 6855
f 6852 445 6838
f 6855 6838 1732
f 6852 6838 6855
f 1720 6839 6788
f 6839 1732 6837
f 6788 6837 117
f 6839 6837 6788
f 1735 6855 6853
f 6855 1732 6839
f 6853 6839 1720
f 6855 6839 6853
f 434 6841 6790
f 6841 1733 6844
f 6790 6844 1721
f 6841 6844 6790
f 1733 6842 6856
f 6842 445 6852
f 6856 6852 1735
f 6842 6852 6856
f 1721 6854 6791
f 6854 1735 6851
f 6791 6851 442
f 6854 6851 6791
f 1733 6856 6844
f 6856 1735 6854
f 6844 6854 1721
f 6856 6854 6844
f 115 6671 6688
f 6671 1688 6690
f 6688 6690 1694
f 6671 6690 6688
f 1688 6672 6698
f 6672 433 6696
f 6698 6696 1696
f 6672 6696 6698
f 1694 6700 6689
f 6700 1696 6697
f 6689 6697 435
f 6700 6697 6689
f 1688 6698 6690
f 6698 1696 6700
f 6690 6700 1694
f 6698 6700 6690
f 433 6668 6674
f 6668 1687 6676
f 6674 6676 1689
f 6668 6676 6674
f 1687 6667 6669
f 6667 9 4225
f 6669 4225 1084
f 6667 4225 6669
f 1689 6675 6673
f 6675 1084 4226
f 6673 4226 286
f 6675 4226 6673
f 1687 6669 6676
f 6669 1084 6675
f 6676 6675 1689
f 6669 6675 6676
f 435 6692 6686
f 6692 1695 6695
f 6686 6695 1693
f 6692 6695 6686
f 1695 6691 6693
f 6691 286 4228
f 6693 4228 1085
f 6691 4228 6693
f 1693 6687 6685
f 6687 1085 4227
f 6685 4227 80
f 6687 4227 6685
f 1695 6693 6695
f 6693 1085 6687
f 6695 6687 1693
f 6693 6687 6695
f 433 6674 6696
f 6674 1689 6699
f 6696 6699 1696
f 6674 6699 6696
f 1689 6673 6694
f 6673 286 6691
f 6694 6691 1695
f 6673 6691 6694
f 1696 6701 6697
f 6701 1695 6692
f 6697 6692 435
f 6701 6692 6697
f 1689 6694 6699
f 6694 1695 6701
f 6699 6701 1696
f 6694 6701 6699
f 117 6798 6775
f 6798 1723 6800
f 6775 6800 1716
f 6798 6800 6775
f 1723 6799 6814
f 6799 443 6811
f 6814 6811 1726
f 6799 6811 6814
f 1716 6812 6776
f 6812 1726 6810
f 6776 6810 441
f 6812 6810 6776
f 1723 6814 6800
f 6814 1726 6812
f 6800 6812 1716
f 6814 6812 6800
f 443 6795 6802
f 6795 1722 6805
f 6802 6805 1724
f 6795 6805 6802
f 1722 6794 6796
f 6794 80 4231
f 6796 4231 1087
f 6794 4231 6796
f 1724 6803 6801
f 6803 1087 4232
f 6801 4232 287
f 6803 4232 6801
f 1722 6796 6805
f 6796 1087 6803
f 6805 6803 1724
f 6796 6803 6805
f 441 6778 6772
f 6778 1717 6780
f 6772 6780 1715
f 6778 6780 6772
f 1717 6777 6779
f 6777 287 4230
f 6779 4230 1086
f 6777 4230 6779
f 1715 6773 6771
f 6773 1086 4229
f 6771 4229 25
f 6773 4229 6771
f 1717 6779 6780
f 6779 1086 6773
f 6780 6773 1715
f 6779 6773 6780
f 443 6802 6811
f 6802 1724 6815
f 6811 6815 1726
f 6802 6815 6811
f 1724 6801 6804
f 6801 287 6777
f 6804 6777 1717
f 6801 6777 6804
f 1726 6813 6810
f 6813 1717 6778
f 6810 6778 441
f 6813 6778 6810
f 1724 6804 6815
f 6804 1717 6813
f 6815 6813 1726
f 6804 6813 6815
f 115 6688 6833
f 6688 1694 6836
f 6833 6836 1731
f 6688 6836 6833
f 1694 6689 6848
f 6689 435 6846
f 6848 6846 1734
f 6689 6846 6848
f 1731 6850 6834
f 6850 1734 6847
f 6834 6847 445
f 6850 6847 6834
f 1694 6848 6836
f 6848 1734 6850
f 6836 6850 1731
f 6848 6850 6836
f 435 6686 6806
f 6686 1693 6808
f 6806 6808 1725
f 6686 6808 6806
f 1693 6685 6797
f 6685 80 6794
f 6797 6794 1722
f 6685 6794 6797
f 1725 6809 6807
f 6809 1722 6795
f 6807 6795 443
f 6809 6795 6807
f 1693 6797 6808
f 6797 1722 6809
f 6808 6809 1725
f 6797 6809 6808
f 445 6858 6838
f 6858 1736 6861
f 6838 6861 1732
f 6858 6861 6838
f 1736 6857 6859
f 6857 443 6799
f 6859 6799 1723
f 6857 6799 6859
f 1732 6840 6837
f 6840 1723 6798
f 6837 6798 117
f 6840 6798 6837
f 1736 6859 6861
f 6859 1723 6840
f 6861 6840 1732
f 6859 6840 6861
f 435 6806 6846
f 6806 1725 6849
f 6846 6849 1734
f 6806 6849 6846
f 1725 6807 6860
f 6807 443 6857
f 6860 6857 1736
f 6807 6857 6860
f 1734 6862 6847
f 6862 1736 6858
f 6847 6858 445
f 6862 6858 6847
f 1725 6860 6849
f 6860 1736 6862
f 6849 6862 1734
f 6860 6862 6849
f 29 5478 5353
f 5478 1397 5480
f 5353 5480 1363
f 5478 5480 5353
f 1397 5479 5486
f 5479 364 5484
f 5486 5484 1399
f 5479 5484 5486
f 1363 5485 5354
f 5485 1399 5483
f 5354 5483 354
f 5485 5483 5354
f 1397 5486 5480
f 5486 1399 5485
f 5480 5485 1363
f 5486 5485 5480
f 364 5482 5527
f 5482 1398 5529
f 5527 5529 1409
f 5482 5529 5527
f 1398 5481 5515
f 5481 99 5513
f 5515 5513 1406
f 5481 5513 5515
f 1409 5531 5528
f 5531 1406 5514
f 5528 5514 366
f 5531 5514 5528
f 1398 5515 5529
f 5515 1406 5531
f 5529 5531 1409
f 5515 5531 5529
f 354 5517 5356
f 5517 1407 5519
f 5356 5519 1364
f 5517 5519 5356
f 1407 5518 5521
f 5518 366 5510
f 5521 5510 1405
f 5518 5510 5521
f 1364 5511 5355
f 5511 1405 5509
f 5355 5509 96
f 5511 5509 5355
f 1407 5521 5519
f 5521 1405 5511
f 5519 5511 1364
f 5521 5511 5519
f 364 5527 5484
f 5527 1409 5530
f 5484 5530 1399
f 5527 5530 5484
f 1409 5528 5532
f 5528 366 5518
f 5532 5518 1407
f 5528 5518 5532
f 1399 5520 5483
f 5520 1407 5517
f 5483 5517 354
f 5520 5517 5483
f 1409 5532 5530
f 5532 1407 5520
f 5530 5520 1399
f 5532 5520 5530
f 99 5472 5491
f 5472 1395 5493
f 5491 5493 1401
f 5472 5493 5491
f 1395 5473 5505
f 5473 363 5503
f 5505 5503 1404
f 5473 5503 5505
f 1401 5507 5492
f 5507 1404 5504
f 5492 5504 365
f 5507 5504 5492
f 1395 5505 5493
f 5505 1404 5507
f 5493 5507 1401
f 5505 5507 5493
f 363 5470 5475
f 5470 1394 5477
f 5475 5477 1396
f 5470 5477 5475
f 1394 5469 5471
f 5469 25 4204
f 5471 4204 1078
f 5469 4204 5471
f 1396 5476 5474
f 5476 1078 4205
f 5474 4205 284
f 5476 4205 5474
f 1394 5471 5477
f 5471 1078 5476
f 5477 5476 1396
f 5471 5476 5477
f 365 5495 5488
f 5495 1402 5498
f 5488 5498 1400
f 5495 5498 5488
f 1402 5494 5496
f 5494 284 4207
f 5496 4207 1079
f 5494 4207 5496
f 1400 5489 5487
f 5489 1079 4206
f 5487 4206 79
f 5489 4206 5487
f 1402 5496 5498
f 5496 1079 5489
f 5498 5489 1400
f 5496 5489 5498
f 363 5475 5503
f 5475 1396 5506
f 5503 5506 1404
f 5475 5506 5503
f 1396 5474 5497
f 5474 284 5494
f 5497 5494 1402
f 5474 5494 5497
f 1404 5508 5504
f 5508 1402 5495
f 5504 5495 365
f 5508 5495 5504
f 1396 5497 5506
f 5497 1402 5508
f 5506 5508 1404
f 5497 5508 5506
f 96 5377 5343
f 5377 1370 5379
f 5343 5379 1360
f 5377 5379 5343
f 1370 5378 5389
f 5378 356 5386
f 5389 5386 1372
f 5378 5386 5389
f 1360 5387 5344
f 5387 1372 5385
f 5344 5385 353
f 5387 5385 5344
f 1370 5389 5379
f 5389 1372 5387
f 5379 5387 1360
f 5389 5387 5379
f 356 5375 5381
f 5375 1369 5384
f 5381 5384 1371
f 5375 5384 5381
f 1369 5374 5376
f 5374 79 4198
f 5376 4198 1076
f 5374 4198 5376
f 1371 5382 5380
f 5382 1076 4199
f 5380 4199 283
f 5382 4199 5380
f 1369 5376 5384
f 5376 1076 5382
f 5384 5382 1371
f 5376 5382 5384
f 353 5350 5340
f 5350 1362 5352
f 5340 5352 1359
f 5350 5352 5340
f 1362 5349 5351
f 5349 283 4196
f 5351 4196 1075
f 5349 4196 5351
f 1359 5342 5339
f 5342 1075 4195
f 5339 4195 2
f 5342 4195 5339
f 1362 5351 5352
f 5351 1075 5342
f 5352 5342 1359
f 5351 5342 5352
f 356 5381 5386
f 5381 1371 5390
f 5386 5390 1372
f 5381 5390 5386
f 1371 5380 5383
f 5380 283 5349
f 5383 5349 1362
f 5380 5349 5383
f 1372 5388 5385
f 5388 1362 5350
f 5385 5350 353
f 5388 5350 5385
f 1371 5383 5390
f 5383 1362 5388
f 5390 5388 1372
f 5383 5388 5390
f 99 5491 5513
f 5491 1401 5516
f 5513 5516 1406
f 5491 5516 5513
f 1401 5492 5535
f 5492 365 5533
f 5535 5533 1410
f 5492 5533 5535
f 1406 5537 5514
f 5537 1410 5534
f 5514 5534 366
f 5537 5534 5514
f 1401 5535 5516
f 5535 1410 5537
f 5516 5537 1406
f 5535 5537 5516
f 365 5488 5500
f 5488 1400 5502
f 5500 5502 1403
f 5488 5502 5500
f 1400 5487 5490
f 5487 79 5374
f 5490 5374 1369
f 5487 5374 5490
f 1403 5501 5499
f 5501 1369 5375
f 5499 5375 356
f 5501 5375 5499
f 1400 5490 5502
f 5490 1369 5501
f 5502 5501 1403
f 5490 5501 5502
f 366 5523 5510
f 5523 1408 5526
f 5510 5526 1405
f 5523 5526 5510
f 1408 5522 5524
f 5522 356 5378
f 5524 5378 1370
f 5522 5378 5524
f 1405 5512 5509
f 5512 1370 5377
f 5509 5377 96
f 5512 5377 5509
f 1408 5524 5526
f 5524 1370 5512
f 5526 5512 1405
f 5524 5512 5526
f 365 5500 5533
f 5500 1403 5536
f 5533 5536 1410
f 5500 5536 5533
f 1403 5499 5525
f 5499 356 5522
f 5525 5522 1408
f 5499 5522 5525
f 1410 5538 5534
f 5538 1408 5523
f 5534 5523 366
f 5538 5523 5534
f 1403 5525 5536
f 5525 1408 5538
f 5536 5538 1410
f 5525 5538 5536
f 33 6785 6969
f 6785 1719 6972
f 6969 6972 1763
f 6785 6972 6969
f 1719 6786 6981
f 6786 442 6979
f 6981 6979 1766
f 6786 6979 6981
f 1763 6982 6970
f 6982 1766 6980
f 6970 6980 452
f 6982 6980 6970
f 1719 6981 6972
f 6981 1766 6982
f 6972 6982 1763
f 6981 6982 6972
f 442 6789 7065
f 6789 1720 7067
f 7065 7067 1785
f 6789 7067 7065
f 1720 6788 7059
f 6788 117 7057
f 7059 7057 1783
f 6788 7057 7059
f 1785 7069 7066
f 7069 1783 7058
f 7066 7058 456
f 7069 7058 7066
f 1720 7059 7067
f 7059 1783 7069
f 7067 7069 1785
f 7059 7069 7067
f 452 7075 6974
f 7075 1787 7077
f 6974 7077 1764
f 7075 7077 6974
f 1787 7076 7079
f 7076 456 7062
f 7079 7062 1784
f 7076 7062 7079
f 1764 7063 6973
f 7063 1784 7061
f 6973 7061 119
f 7063 7061 6973
f 1787 7079 7077
f 7079 1784 7063
f 7077 7063 1764
f 7079 7063 7077
f 442 7065 6979
f 7065 1785 7068
f 6979 7068 1766
f 7065 7068 6979
f 1785 7066 7080
f 7066 456 7076
f 7080 7076 1787
f 7066 7076 7080
f 1766 7078 6980
f 7078 1787 7075
f 6980 7075 452
f 7078 7075 6980
f 1785 7080 7068
f 7080 1787 7078
f 7068 7078 1766
f 7080 7078 7068
f 117 6775 6819
f 6775 1716 6821
f 6819 6821 1728
f 6775 6821 6819
f 1716 6776 6829
f 6776 441 6827
f 6829 6827 1730
f 6776 6827 6829
f 1728 6831 6820
f 6831 1730 6828
f 6820 6828 444
f 6831 6828 6820
f 1716 6829 6821
f 6829 1730 6831
f 6821 6831 1728
f 6829 6831 6821
f 441 6772 6782
f 6772 1715 6784
f 6782 6784 1718
f 6772 6784 6782
f 1715 6771 6774
f 6771 25 5469
f 6774 5469 1394
f 6771 5469 6774
f 1718 6783 6781
f 6783 1394 5470
f 6781 5470 363
f 6783 5470 6781
f 1715 6774 6784
f 6774 1394 6783
f 6784 6783 1718
f 6774 6783 6784
f 444 6823 6817
f 6823 1729 6826
f 6817 6826 1727
f 6823 6826 6817
f 1729 6822 6824
f 6822 363 5473
f 6824 5473 1395
f 6822 5473 6824
f 1727 6818 6816
f 6818 1395 5472
f 6816 5472 99
f 6818 5472 6816
f 1729 6824 6826
f 6824 1395 6818
f 6826 6818 1727
f 6824 6818 6826
f 441 6782 6827
f 6782 1718 6830
f 6827 6830 1730
f 6782 6830 6827
f 1718 6781 6825
f 6781 363 6822
f 6825 6822 1729
f 6781 6822 6825
f 1730 6832 6828
f 6832 1729 6823
f 6828 6823 444
f 6832 6823 6828
f 1718 6825 6830
f 6825 1729 6832
f 6830 6832 1730
f 6825 6832 6830
f 119 7009 6959
f 7009 1773 7011
f 6959 7011 1760
f 7009 7011 6959
f 1773 7010 7025
f 7010 454 7022
f 7025 7022 1776
f 7010 7022 7025
f 1760 7023 6960
f 7023 1776 7021
f 6960 7021 451
f 7023 7021 6960
f 1773 7025 7011
f 7025 1776 7023
f 7011 7023 1760
f 7025 7023 7011
f 454 7006 7013
f 7006 1772 7016
f 7013 7016 1774
f 7006 7016 7013
f 1772 7005 7007
f 7005 99 5481
f 7007 5481 1398
f 7005 5481 7007
f 1774 7014 7012
f 7014 1398 5482
f 7012 5482 364
f 7014 5482 7012
f 1772 7007 7016
f 7007 1398 7014
f 7016 7014 1774
f 7007 7014 7016
f 451 6966 6956
f 6966 1762 6968
f 6956 6968 1759
f 6966 6968 6956
f 1762 6965 6967
f 6965 364 5479
f 6967 5479 1397
f 6965 5479 6967
f 1759 6958 6955
f 6958 1397 5478
f 6955 5478 29
f 6958 5478 6955
f 1762 6967 6968
f 6967 1397 6958
f 6968 6958 1759
f 6967 6958 6968
f 454 7013 7022
f 7013 1774 7026
f 7022 7026 1776
f 7013 7026 7022
f 1774 7012 7015
f 7012 364 6965
f 7015 6965 1762
f 7012 6965 7015
f 1776 7024 7021
f 7024 1762 6966
f 7021 6966 451
f 7024 6966 7021
f 1774 7015 7026
f 7015 1762 7024
f 7026 7024 1776
f 7015 7024 7026
f 117 6819 7057
f 6819 1728 7060
f 7057 7060 1783
f 6819 7060 7057
f 1728 6820 7072
f 6820 444 7070
f 7072 7070 1786
f 6820 7070 7072
f 1783 7074 7058
f 7074 1786 7071
f 7058 7071 456
f 7074 7071 7058
f 1728 7072 7060
f 7072 1786 7074
f 7060 7074 1783
f 7072 7074 7060
f 444 6817 7017
f 6817 1727 7019
f 7017 7019 1775
f 6817 7019 7017
f 1727 6816 7008
f 6816 99 7005
f 7008 7005 1772
f 6816 7005 7008
f 1775 7020 7018
f 7020 1772 7006
f 7018 7006 454
f 7020 7006 7018
f 1727 7008 7019
f 7008 1772 7020
f 7019 7020 1775
f 7008 7020 7019
f 456 7082 7062
f 7082 1788 7085
f 7062 7085 1784
f 7082 7085 7062
f 1788 7081 7083
f 7081 454 7010
f 7083 7010 1773
f 7081 7010 7083
f 1784 7064 7061
f 7064 1773 7009
f 7061 7009 119
f 7064 7009 7061
f 1788 7083 7085
f 7083 1773 7064
f 7085 7064 1784
f 7083 7064 7085
f 444 7017 7070
f 7017 1775 7073
f 7070 7073 1786
f 7017 7073 7070
f 1775 7018 7084
f 7018 454 7081
f 7084 7081 1788
f 7018 7081 7084
f 1786 7086 7071
f 7086 1788 7082
f 7071 7082 456
f 7086 7082 7071
f 1775 7084 7073
f 7084 1788 7086
f 7073 7086 1786
f 7084 7086 7073

