# https://github.com/mikedh/trimesh
v -0.50000000 -0.50000000 -0.30000000
v 0.50000000 -0.50000000 -0.30000000
v 0.50000000 -0.15000000 -0.30000000
v -0.15000000 -0.15000000 -0.30000000
v -0.15000000 0.50000000 -0.30000000
v -0.50000000 0.50000000 -0.30000000
v -0.50000000 -0.50000000 0.30000000
v 0.50000000 -0.50000000 0.30000000
v 0.50000000 -0.15000000 0.30000000
v -0.15000000 -0.15000000 0.30000000
v -0.15000000 0.50000000 0.30000000
v -0.50000000 0.50000000 0.30000000
v 0.00000000 -0.50000000 -0.30000000
v 0.00000000 -0.32500000 -0.30000000
v 0.50000000 -0.32500000 -0.30000000
v -0.32500000 -0.32500000 -0.30000000
v 0.17500000 -0.15000000 -0.30000000
v -0.32500000 0.00000000 -0.30000000
v -0.15000000 0.17500000 -0.30000000
v -0.50000000 0.00000000 -0.30000000
v -0.32500000 0.50000000 -0.30000000
v -0.50000000 -0.50000000 0.00000000
v -0.50000000 0.00000000 0.00000000
v 0.00000000 -0.50000000 0.00000000
v 0.50000000 -0.50000000 0.00000000
v 0.00000000 -0.50000000 0.30000000
v 0.50000000 -0.32500000 0.00000000
v 0.50000000 -0.15000000 0.00000000
v 0.00000000 -0.32500000 0.30000000
v 0.50000000 -0.32500000 0.30000000
v 0.17500000 -0.15000000 0.00000000
v -0.15000000 -0.15000000 0.00000000
v -0.32500000 -0.32500000 0.30000000
v 0.17500000 -0.15000000 0.30000000
v -0.15000000 0.17500000 0.00000000
v -0.15000000 0.50000000 0.00000000
v -0.32500000 0.00000000 0.30000000
v -0.15000000 0.17500000 0.30000000
v -0.32500000 0.50000000 0.00000000
v -0.50000000 0.50000000 0.00000000
v -0.50000000 0.00000000 0.30000000
v -0.32500000 0.50000000 0.30000000
v -0.25000000 -0.50000000 -0.30000000
v 0.25000000 -0.50000000 -0.30000000
v -0.25000000 -0.41250000 -0.30000000
v 0.25000000 -0.23750000 -0.30000000
v 0.00000000 -0.41250000 -0.30000000
v 0.50000000 -0.41250000 -0.30000000
v 0.50000000 -0.23750000 -0.30000000
v 0.25000000 -0.41250000 -0.30000000
v 0.25000000 -0.32500000 -0.30000000
v -0.41250000 -0.41250000 -0.30000000
v -0.23750000 -0.23750000 -0.30000000
v -0.16250000 -0.32500000 -0.30000000
v 0.33750000 -0.15000000 -0.30000000
v 0.01250000 -0.15000000 -0.30000000
v 0.08750000 -0.23750000 -0.30000000
v -0.07500000 -0.23750000 -0.30000000
v -0.41250000 -0.25000000 -0.30000000
v -0.23750000 0.25000000 -0.30000000
v -0.32500000 -0.16250000 -0.30000000
v -0.15000000 0.01250000 -0.30000000
v -0.15000000 0.33750000 -0.30000000
v -0.23750000 -0.07500000 -0.30000000
v -0.23750000 0.08750000 -0.30000000
v -0.50000000 -0.25000000 -0.30000000
v -0.50000000 0.25000000 -0.30000000
v -0.41250000 0.00000000 -0.30000000
v -0.23750000 0.50000000 -0.30000000
v -0.41250000 0.50000000 -0.30000000
v -0.32500000 0.25000000 -0.30000000
v -0.41250000 0.25000000 -0.30000000
v -0.50000000 -0.50000000 -0.15000000
v -0.50000000 -0.50000000 0.15000000
v -0.50000000 -0.25000000 -0.15000000
v -0.50000000 0.25000000 -0.15000000
v -0.50000000 -0.25000000 0.15000000
v -0.50000000 0.00000000 -0.15000000
v -0.50000000 -0.25000000 0.00000000
v -0.25000000 -0.50000000 -0.15000000
v 0.25000000 -0.50000000 0.15000000
v 0.00000000 -0.50000000 -0.15000000
v -0.25000000 -0.50000000 0.00000000
v 0.50000000 -0.50000000 -0.15000000
v 0.50000000 -0.50000000 0.15000000
v 0.25000000 -0.50000000 -0.15000000
v 0.25000000 -0.50000000 0.00000000
v -0.25000000 -0.50000000 0.30000000
v 0.25000000 -0.50000000 0.30000000
v -0.25000000 -0.50000000 0.15000000
v 0.00000000 -0.50000000 0.15000000
v 0.50000000 -0.41250000 -0.15000000
v 0.50000000 -0.23750000 0.15000000
v 0.50000000 -0.32500000 -0.15000000
v 0.50000000 -0.41250000 0.00000000
v 0.50000000 -0.15000000 -0.15000000
v 0.50000000 -0.15000000 0.15000000
v 0.50000000 -0.23750000 -0.15000000
v 0.50000000 -0.23750000 0.00000000
v -0.25000000 -0.41250000 0.30000000
v 0.25000000 -0.23750000 0.30000000
v 0.00000000 -0.41250000 0.30000000
v 0.50000000 -0.41250000 0.30000000
v 0.50000000 -0.23750000 0.30000000
v 0.50000000 -0.41250000 0.15000000
v 0.25000000 -0.41250000 0.30000000
v 0.50000000 -0.32500000 0.15000000
v 0.25000000 -0.32500000 0.30000000
v 0.33750000 -0.15000000 -0.15000000
v 0.01250000 -0.15000000 0.15000000
v 0.17500000 -0.15000000 -0.15000000
v 0.33750000 -0.15000000 0.00000000
v -0.15000000 -0.15000000 -0.15000000
v -0.15000000 -0.15000000 0.15000000
v 0.01250000 -0.15000000 -0.15000000
v 0.01250000 -0.15000000 0.00000000
v -0.41250000 -0.41250000 0.30000000
v -0.23750000 -0.23750000 0.30000000
v -0.16250000 -0.32500000 0.30000000
v 0.33750000 -0.15000000 0.30000000
v 0.01250000 -0.15000000 0.30000000
v 0.33750000 -0.15000000 0.15000000
v 0.08750000 -0.23750000 0.30000000
v 0.17500000 -0.15000000 0.15000000
v -0.07500000 -0.23750000 0.30000000
v -0.15000000 0.01250000 -0.15000000
v -0.15000000 0.33750000 0.15000000
v -0.15000000 0.17500000 -0.15000000
v -0.15000000 0.01250000 0.00000000
v -0.15000000 0.50000000 -0.15000000
v -0.15000000 0.50000000 0.15000000
v -0.15000000 0.33750000 -0.15000000
v -0.15000000 0.33750000 0.00000000
v -0.41250000 -0.25000000 0.30000000
v -0.23750000 0.25000000 0.30000000
v -0.32500000 -0.16250000 0.30000000
v -0.15000000 0.01250000 0.30000000
v -0.15000000 0.33750000 0.30000000
v -0.15000000 0.01250000 0.15000000
v -0.23750000 -0.07500000 0.30000000
v -0.15000000 0.17500000 0.15000000
v -0.23750000 0.08750000 0.30000000
v -0.23750000 0.50000000 -0.15000000
v -0.41250000 0.50000000 0.15000000
v -0.32500000 0.50000000 -0.15000000
v -0.23750000 0.50000000 0.00000000
v -0.50000000 0.50000000 -0.15000000
v -0.50000000 0.50000000 0.15000000
v -0.41250000 0.50000000 -0.15000000
v -0.50000000 0.25000000 0.00000000
v -0.41250000 0.50000000 0.00000000
v -0.50000000 -0.25000000 0.30000000
v -0.50000000 0.25000000 0.30000000
v -0.50000000 0.00000000 0.15000000
v -0.41250000 0.00000000 0.30000000
v -0.50000000 0.25000000 0.15000000
v -0.23750000 0.50000000 0.30000000
v -0.41250000 0.50000000 0.30000000
v -0.23750000 0.50000000 0.15000000
v -0.32500000 0.25000000 0.30000000
v -0.32500000 0.50000000 0.15000000
v -0.41250000 0.25000000 0.30000000
v -0.37500000 -0.50000000 -0.30000000
v -0.12500000 -0.50000000 -0.30000000
v 0.37500000 -0.50000000 -0.30000000
v 0.12500000 -0.50000000 -0.30000000
v -0.37500000 -0.45625000 -0.30000000
v -0.12500000 -0.36875000 -0.30000000
v -0.25000000 -0.45625000 -0.30000000
v 0.37500000 -0.19375000 -0.30000000
v 0.12500000 -0.28125000 -0.30000000
v 0.00000000 -0.45625000 -0.30000000
v 0.00000000 -0.36875000 -0.30000000
v -0.12500000 -0.45625000 -0.30000000
v -0.12500000 -0.41250000 -0.30000000
v 0.50000000 -0.45625000 -0.30000000
v 0.50000000 -0.36875000 -0.30000000
v 0.37500000 -0.45625000 -0.30000000
v 0.50000000 -0.19375000 -0.30000000
v 0.50000000 -0.28125000 -0.30000000
v 0.37500000 -0.23750000 -0.30000000
v 0.12500000 -0.45625000 -0.30000000
v 0.37500000 -0.36875000 -0.30000000
v 0.25000000 -0.45625000 -0.30000000
v 0.12500000 -0.41250000 -0.30000000
v 0.37500000 -0.41250000 -0.30000000
v 0.12500000 -0.32500000 -0.30000000
v 0.37500000 -0.32500000 -0.30000000
v 0.25000000 -0.28125000 -0.30000000
v 0.12500000 -0.36875000 -0.30000000
v 0.37500000 -0.28125000 -0.30000000
v 0.25000000 -0.36875000 -0.30000000
v -0.45625000 -0.45625000 -0.30000000
v -0.36875000 -0.36875000 -0.30000000
v -0.33125000 -0.41250000 -0.30000000
v -0.19375000 -0.19375000 -0.30000000
v -0.28125000 -0.28125000 -0.30000000
v -0.08125000 -0.32500000 -0.30000000
v -0.24375000 -0.32500000 -0.30000000
v -0.20625000 -0.36875000 -0.30000000
v -0.28750000 -0.36875000 -0.30000000
v 0.41875000 -0.15000000 -0.30000000
v 0.25625000 -0.15000000 -0.30000000
v 0.29375000 -0.19375000 -0.30000000
v -0.06875000 -0.15000000 -0.30000000
v 0.09375000 -0.15000000 -0.30000000
v -0.11250000 -0.19375000 -0.30000000
v 0.04375000 -0.28125000 -0.30000000
v 0.13125000 -0.19375000 -0.30000000
v 0.16875000 -0.23750000 -0.30000000
v -0.03750000 -0.28125000 -0.30000000
v 0.21250000 -0.19375000 -0.30000000
v -0.20000000 -0.28125000 -0.30000000
v 0.05000000 -0.19375000 -0.30000000
v -0.15625000 -0.23750000 -0.30000000
v -0.11875000 -0.28125000 -0.30000000
v -0.03125000 -0.19375000 -0.30000000
v 0.00625000 -0.23750000 -0.30000000
v -0.45625000 -0.37500000 -0.30000000
v -0.36875000 -0.12500000 -0.30000000
v -0.41250000 -0.33125000 -0.30000000
v -0.19375000 0.37500000 -0.30000000
v -0.28125000 0.12500000 -0.30000000
v -0.32500000 -0.24375000 -0.30000000
v -0.32500000 -0.08125000 -0.30000000
v -0.36875000 -0.28750000 -0.30000000
v -0.36875000 -0.20625000 -0.30000000
v -0.15000000 -0.06875000 -0.30000000
v -0.15000000 0.09375000 -0.30000000
v -0.19375000 -0.11250000 -0.30000000
v -0.15000000 0.41875000 -0.30000000
v -0.15000000 0.25625000 -0.30000000
v -0.19375000 0.29375000 -0.30000000
v -0.28125000 -0.20000000 -0.30000000
v -0.19375000 0.05000000 -0.30000000
v -0.23750000 -0.15625000 -0.30000000
v -0.28125000 -0.11875000 -0.30000000
v -0.19375000 -0.03125000 -0.30000000
v -0.28125000 0.04375000 -0.30000000
v -0.19375000 0.13125000 -0.30000000
v -0.23750000 0.16875000 -0.30000000
v -0.28125000 -0.03750000 -0.30000000
v -0.19375000 0.21250000 -0.30000000
v -0.23750000 0.00625000 -0.30000000
v -0.50000000 -0.37500000 -0.30000000
v -0.50000000 -0.12500000 -0.30000000
v -0.45625000 -0.25000000 -0.30000000
v -0.50000000 0.37500000 -0.30000000
v -0.50000000 0.12500000 -0.30000000
v -0.36875000 0.00000000 -0.30000000
v -0.45625000 0.00000000 -0.30000000
v -0.41250000 -0.12500000 -0.30000000
v -0.45625000 -0.12500000 -0.30000000
v -0.19375000 0.50000000 -0.30000000
v -0.28125000 0.50000000 -0.30000000
v -0.23750000 0.37500000 -0.30000000
v -0.45625000 0.50000000 -0.30000000
v -0.36875000 0.50000000 -0.30000000
v -0.45625000 0.37500000 -0.30000000
v -0.32500000 0.12500000 -0.30000000
v -0.32500000 0.37500000 -0.30000000
v -0.28125000 0.25000000 -0.30000000
v -0.36875000 0.12500000 -0.30000000
v -0.28125000 0.37500000 -0.30000000
v -0.45625000 0.12500000 -0.30000000
v -0.36875000 0.37500000 -0.30000000
v -0.45625000 0.25000000 -0.30000000
v -0.41250000 0.12500000 -0.30000000
v -0.41250000 0.37500000 -0.30000000
v -0.36875000 0.25000000 -0.30000000
v -0.50000000 -0.50000000 -0.22500000
v -0.50000000 -0.50000000 -0.07500000
v -0.50000000 -0.37500000 -0.22500000
v -0.50000000 -0.50000000 0.22500000
v -0.50000000 -0.50000000 0.07500000
v -0.50000000 -0.12500000 -0.22500000
v -0.50000000 -0.37500000 -0.07500000
v -0.50000000 -0.25000000 -0.22500000
v -0.50000000 -0.37500000 -0.15000000
v -0.50000000 0.37500000 -0.22500000
v -0.50000000 0.12500000 -0.07500000
v -0.50000000 0.25000000 -0.22500000
v -0.50000000 -0.37500000 0.22500000
v -0.50000000 -0.12500000 0.07500000
v -0.50000000 -0.37500000 0.15000000
v -0.50000000 0.00000000 -0.22500000
v -0.50000000 0.00000000 -0.07500000
v -0.50000000 0.12500000 -0.22500000
v -0.50000000 -0.12500000 -0.15000000
v -0.50000000 0.12500000 -0.15000000
v -0.50000000 -0.37500000 0.00000000
v -0.50000000 -0.12500000 0.00000000
v -0.50000000 -0.37500000 0.07500000
v -0.50000000 -0.25000000 -0.07500000
v -0.50000000 -0.25000000 0.07500000
v -0.50000000 -0.12500000 -0.07500000
v -0.37500000 -0.50000000 -0.22500000
v -0.12500000 -0.50000000 -0.07500000
v -0.25000000 -0.50000000 -0.22500000
v -0.37500000 -0.50000000 -0.15000000
v 0.37500000 -0.50000000 0.22500000
v 0.12500000 -0.50000000 0.07500000
v 0.00000000 -0.50000000 -0.22500000
v 0.00000000 -0.50000000 -0.07500000
v -0.12500000 -0.50000000 -0.22500000
v -0.12500000 -0.50000000 -0.15000000
v -0.37500000 -0.50000000 0.00000000
v -0.12500000 -0.50000000 0.00000000
v -0.37500000 -0.50000000 -0.07500000
v -0.25000000 -0.50000000 -0.07500000
v 0.50000000 -0.50000000 -0.22500000
v 0.50000000 -0.50000000 -0.07500000
v 0.37500000 -0.50000000 -0.22500000
v 0.50000000 -0.50000000 0.22500000
v 0.50000000 -0.50000000 0.07500000
v 0.37500000 -0.50000000 0.15000000
v 0.12500000 -0.50000000 -0.22500000
v 0.37500000 -0.50000000 -0.07500000
v 0.25000000 -0.50000000 -0.22500000
v 0.12500000 -0.50000000 -0.15000000
v 0.37500000 -0.50000000 -0.15000000
v 0.12500000 -0.50000000 0.00000000
v 0.37500000 -0.50000000 0.00000000
v 0.25000000 -0.50000000 0.07500000
v 0.12500000 -0.50000000 -0.07500000
v 0.37500000 -0.50000000 0.07500000
v 0.25000000 -0.50000000 -0.07500000
v -0.37500000 -0.50000000 0.30000000
v -0.12500000 -0.50000000 0.30000000
v -0.37500000 -0.50000000 0.22500000
v 0.37500000 -0.50000000 0.30000000
v 0.12500000 -0.50000000 0.30000000
v 0.25000000 -0.50000000 0.22500000
v -0.37500000 -0.50000000 0.07500000
v -0.12500000 -0.50000000 0.22500000
v -0.37500000 -0.50000000 0.15000000
v -0.25000000 -0.50000000 0.07500000
v -0.25000000 -0.50000000 0.22500000
v 0.00000000 -0.50000000 0.07500000
v 0.00000000 -0.50000000 0.22500000
v 0.12500000 -0.50000000 0.15000000
v -0.12500000 -0.50000000 0.07500000
v 0.12500000 -0.50000000 0.22500000
v -0.12500000 -0.50000000 0.15000000
v 0.50000000 -0.45625000 -0.22500000
v 0.50000000 -0.36875000 -0.07500000
v 0.50000000 -0.41250000 -0.22500000
v 0.50000000 -0.45625000 -0.15000000
v 0.50000000 -0.19375000 0.22500000
v 0.50000000 -0.28125000 0.07500000
v 0.50000000 -0.32500000 -0.22500000
v 0.50000000 -0.32500000 -0.07500000
v 0.50000000 -0.36875000 -0.22500000
v 0.50000000 -0.36875000 -0.15000000
v 0.50000000 -0.45625000 0.00000000
v 0.50000000 -0.36875000 0.00000000
v 0.50000000 -0.45625000 -0.07500000
v 0.50000000 -0.41250000 -0.07500000
v 0.50000000 -0.15000000 -0.22500000
v 0.50000000 -0.15000000 -0.07500000
v 0.50000000 -0.19375000 -0.22500000
v 0.50000000 -0.15000000 0.22500000
v 0.50000000 -0.15000000 0.07500000
v 0.50000000 -0.19375000 0.15000000
v 0.50000000 -0.28125000 -0.22500000
v 0.50000000 -0.19375000 -0.07500000
v 0.50000000 -0.23750000 -0.22500000
v 0.50000000 -0.28125000 -0.15000000
v 0.50000000 -0.19375000 -0.15000000
v 0.50000000 -0.28125000 0.00000000
v 0.50000000 -0.19375000 0.00000000
v 0.50000000 -0.23750000 0.07500000
v 0.50000000 -0.28125000 -0.07500000
v 0.50000000 -0.19375000 0.07500000
v 0.50000000 -0.23750000 -0.07500000
v -0.37500000 -0.45625000 0.30000000
v -0.12500000 -0.36875000 0.30000000
v -0.25000000 -0.45625000 0.30000000
v 0.37500000 -0.19375000 0.30000000
v 0.12500000 -0.28125000 0.30000000
v 0.00000000 -0.45625000 0.30000000
v 0.00000000 -0.36875000 0.30000000
v -0.12500000 -0.45625000 0.30000000
v -0.12500000 -0.41250000 0.30000000
v 0.50000000 -0.45625000 0.30000000
v 0.50000000 -0.36875000 0.30000000
v 0.50000000 -0.45625000 0.22500000
v 0.37500000 -0.45625000 0.30000000
v 0.50000000 -0.19375000 0.30000000
v 0.50000000 -0.28125000 0.30000000
v 0.50000000 -0.23750000 0.22500000
v 0.37500000 -0.23750000 0.30000000
v 0.50000000 -0.45625000 0.07500000
v 0.50000000 -0.36875000 0.22500000
v 0.50000000 -0.45625000 0.15000000
v 0.50000000 -0.41250000 0.07500000
v 0.50000000 -0.41250000 0.22500000
v 0.12500000 -0.45625000 0.30000000
v 0.37500000 -0.36875000 0.30000000
v 0.25000000 -0.45625000 0.30000000
v 0.12500000 -0.41250000 0.30000000
v 0.37500000 -0.41250000 0.30000000
v 0.50000000 -0.32500000 0.07500000
v 0.50000000 -0.32500000 0.22500000
v 0.50000000 -0.28125000 0.15000000
v 0.50000000 -0.36875000 0.07500000
v 0.50000000 -0.28125000 0.22500000
v 0.50000000 -0.36875000 0.15000000
v 0.12500000 -0.32500000 0.30000000
v 0.37500000 -0.32500000 0.30000000
v 0.25000000 -0.28125000 0.30000000
v 0.12500000 -0.36875000 0.30000000
v 0.37500000 -0.28125000 0.30000000
v 0.25000000 -0.36875000 0.30000000
v 0.41875000 -0.15000000 -0.22500000
v 0.25625000 -0.15000000 -0.07500000
v 0.33750000 -0.15000000 -0.22500000
v 0.41875000 -0.15000000 -0.15000000
v -0.06875000 -0.15000000 0.22500000
v 0.09375000 -0.15000000 0.07500000
v 0.17500000 -0.15000000 -0.22500000
v 0.17500000 -0.15000000 -0.07500000
v 0.25625000 -0.15000000 -0.22500000
v 0.25625000 -0.15000000 -0.15000000
v 0.41875000 -0.15000000 0.00000000
v 0.25625000 -0.15000000 0.00000000
v 0.41875000 -0.15000000 -0.07500000
v 0.33750000 -0.15000000 -0.07500000
v -0.15000000 -0.15000000 -0.22500000
v -0.15000000 -0.15000000 -0.07500000
v -0.06875000 -0.15000000 -0.22500000
v -0.15000000 -0.15000000 0.22500000
v -0.15000000 -0.15000000 0.07500000
v -0.06875000 -0.15000000 0.15000000
v 0.09375000 -0.15000000 -0.22500000
v -0.06875000 -0.15000000 -0.07500000
v 0.01250000 -0.15000000 -0.22500000
v 0.09375000 -0.15000000 -0.15000000
v -0.06875000 -0.15000000 -0.15000000
v 0.09375000 -0.15000000 0.00000000
v -0.06875000 -0.15000000 0.00000000
v 0.01250000 -0.15000000 0.07500000
v 0.09375000 -0.15000000 -0.07500000
v -0.06875000 -0.15000000 0.07500000
v 0.01250000 -0.15000000 -0.07500000
v -0.45625000 -0.45625000 0.30000000
v -0.36875000 -0.36875000 0.30000000
v -0.33125000 -0.41250000 0.30000000
v -0.19375000 -0.19375000 0.30000000
v -0.28125000 -0.28125000 0.30000000
v -0.08125000 -0.32500000 0.30000000
v -0.24375000 -0.32500000 0.30000000
v -0.20625000 -0.36875000 0.30000000
v -0.28750000 -0.36875000 0.30000000
v 0.41875000 -0.15000000 0.30000000
v 0.25625000 -0.15000000 0.30000000
v 0.41875000 -0.15000000 0.22500000
v 0.29375000 -0.19375000 0.30000000
v -0.06875000 -0.15000000 0.30000000
v 0.09375000 -0.15000000 0.30000000
v 0.01250000 -0.15000000 0.22500000
v -0.11250000 -0.19375000 0.30000000
v 0.41875000 -0.15000000 0.07500000
v 0.25625000 -0.15000000 0.22500000
v 0.41875000 -0.15000000 0.15000000
v 0.33750000 -0.15000000 0.07500000
v 0.33750000 -0.15000000 0.22500000
v 0.04375000 -0.28125000 0.30000000
v 0.13125000 -0.19375000 0.30000000
v 0.16875000 -0.23750000 0.30000000
v -0.03750000 -0.28125000 0.30000000
v 0.21250000 -0.19375000 0.30000000
v 0.17500000 -0.15000000 0.07500000
v 0.17500000 -0.15000000 0.22500000
v 0.09375000 -0.15000000 0.15000000
v 0.25625000 -0.15000000 0.07500000
v 0.09375000 -0.15000000 0.22500000
v 0.25625000 -0.15000000 0.15000000
v -0.20000000 -0.28125000 0.30000000
v 0.05000000 -0.19375000 0.30000000
v -0.15625000 -0.23750000 0.30000000
v -0.11875000 -0.28125000 0.30000000
v -0.03125000 -0.19375000 0.30000000
v 0.00625000 -0.23750000 0.30000000
v -0.15000000 -0.06875000 -0.22500000
v -0.15000000 0.09375000 -0.07500000
v -0.15000000 0.01250000 -0.22500000
v -0.15000000 -0.06875000 -0.15000000
v -0.15000000 0.41875000 0.22500000
v -0.15000000 0.25625000 0.07500000
v -0.15000000 0.17500000 -0.22500000
v -0.15000000 0.17500000 -0.07500000
v -0.15000000 0.09375000 -0.22500000
v -0.15000000 0.09375000 -0.15000000
v -0.15000000 -0.06875000 0.00000000
v -0.15000000 0.09375000 0.00000000
v -0.15000000 -0.06875000 -0.07500000
v -0.15000000 0.01250000 -0.07500000
v -0.15000000 0.50000000 -0.22500000
v -0.15000000 0.50000000 -0.07500000
v -0.15000000 0.41875000 -0.22500000
v -0.15000000 0.50000000 0.22500000
v -0.15000000 0.50000000 0.07500000
v -0.15000000 0.41875000 0.15000000
v -0.15000000 0.25625000 -0.22500000
v -0.15000000 0.41875000 -0.07500000
v -0.15000000 0.33750000 -0.22500000
v -0.15000000 0.25625000 -0.15000000
v -0.15000000 0.41875000 -0.15000000
v -0.15000000 0.25625000 0.00000000
v -0.15000000 0.41875000 0.00000000
v -0.15000000 0.33750000 0.07500000
v -0.15000000 0.25625000 -0.07500000
v -0.15000000 0.41875000 0.07500000
v -0.15000000 0.33750000 -0.07500000
v -0.45625000 -0.37500000 0.30000000
v -0.36875000 -0.12500000 0.30000000
v -0.41250000 -0.33125000 0.30000000
v -0.19375000 0.37500000 0.30000000
v -0.28125000 0.12500000 0.30000000
v -0.32500000 -0.24375000 0.30000000
v -0.32500000 -0.08125000 0.30000000
v -0.36875000 -0.28750000 0.30000000
v -0.36875000 -0.20625000 0.30000000
v -0.15000000 -0.06875000 0.30000000
v -0.15000000 0.09375000 0.30000000
v -0.15000000 -0.06875000 0.22500000
v -0.19375000 -0.11250000 0.30000000
v -0.15000000 0.41875000 0.30000000
v -0.15000000 0.25625000 0.30000000
v -0.15000000 0.33750000 0.22500000
v -0.19375000 0.29375000 0.30000000
v -0.15000000 -0.06875000 0.07500000
v -0.15000000 0.09375000 0.22500000
v -0.15000000 -0.06875000 0.15000000
v -0.15000000 0.01250000 0.07500000
v -0.15000000 0.01250000 0.22500000
v -0.28125000 -0.20000000 0.30000000
v -0.19375000 0.05000000 0.30000000
v -0.23750000 -0.15625000 0.30000000
v -0.28125000 -0.11875000 0.30000000
v -0.19375000 -0.03125000 0.30000000
v -0.15000000 0.17500000 0.07500000
v -0.15000000 0.17500000 0.22500000
v -0.15000000 0.25625000 0.15000000
v -0.15000000 0.09375000 0.07500000
v -0.15000000 0.25625000 0.22500000
v -0.15000000 0.09375000 0.15000000
v -0.28125000 0.04375000 0.30000000
v -0.19375000 0.13125000 0.30000000
v -0.23750000 0.16875000 0.30000000
v -0.28125000 -0.03750000 0.30000000
v -0.19375000 0.21250000 0.30000000
v -0.23750000 0.00625000 0.30000000
v -0.19375000 0.50000000 -0.22500000
v -0.28125000 0.50000000 -0.07500000
v -0.23750000 0.50000000 -0.22500000
v -0.19375000 0.50000000 -0.15000000
v -0.45625000 0.50000000 0.22500000
v -0.36875000 0.50000000 0.07500000
v -0.32500000 0.50000000 -0.22500000
v -0.32500000 0.50000000 -0.07500000
v -0.28125000 0.50000000 -0.22500000
v -0.28125000 0.50000000 -0.15000000
v -0.19375000 0.50000000 0.00000000
v -0.28125000 0.50000000 0.00000000
v -0.19375000 0.50000000 -0.07500000
v -0.23750000 0.50000000 -0.07500000
v -0.50000000 0.50000000 -0.22500000
v -0.50000000 0.50000000 -0.07500000
v -0.45625000 0.50000000 -0.22500000
v -0.50000000 0.37500000 -0.15000000
v -0.50000000 0.50000000 0.22500000
v -0.50000000 0.50000000 0.07500000
v -0.45625000 0.50000000 0.15000000
v -0.36875000 0.50000000 -0.22500000
v -0.45625000 0.50000000 -0.07500000
v -0.41250000 0.50000000 -0.22500000
v -0.36875000 0.50000000 -0.15000000
v -0.45625000 0.50000000 -0.15000000
v -0.50000000 0.12500000 0.00000000
v -0.50000000 0.37500000 0.00000000
v -0.50000000 0.25000000 -0.07500000
v -0.50000000 0.37500000 -0.07500000
v -0.36875000 0.50000000 0.00000000
v -0.45625000 0.50000000 0.00000000
v -0.41250000 0.50000000 0.07500000
v -0.36875000 0.50000000 -0.07500000
v -0.45625000 0.50000000 0.07500000
v -0.41250000 0.50000000 -0.07500000
v -0.50000000 -0.37500000 0.30000000
v -0.50000000 -0.12500000 0.30000000
v -0.50000000 -0.25000000 0.22500000
v -0.45625000 -0.25000000 0.30000000
v -0.50000000 0.37500000 0.30000000
v -0.50000000 0.12500000 0.30000000
v -0.50000000 0.37500000 0.22500000
v -0.50000000 0.00000000 0.07500000
v -0.50000000 0.00000000 0.22500000
v -0.50000000 -0.12500000 0.15000000
v -0.50000000 0.12500000 0.07500000
v -0.50000000 -0.12500000 0.22500000
v -0.36875000 0.00000000 0.30000000
v -0.45625000 0.00000000 0.30000000
v -0.41250000 -0.12500000 0.30000000
v -0.45625000 -0.12500000 0.30000000
v -0.50000000 0.37500000 0.07500000
v -0.50000000 0.12500000 0.22500000
v -0.50000000 0.37500000 0.15000000
v -0.50000000 0.25000000 0.07500000
v -0.50000000 0.25000000 0.22500000
v -0.50000000 0.12500000 0.15000000
v -0.19375000 0.50000000 0.30000000
v -0.28125000 0.50000000 0.30000000
v -0.19375000 0.50000000 0.22500000
v -0.23750000 0.37500000 0.30000000
v -0.45625000 0.50000000 0.30000000
v -0.36875000 0.50000000 0.30000000
v -0.41250000 0.50000000 0.22500000
v -0.45625000 0.37500000 0.30000000
v -0.19375000 0.50000000 0.07500000
v -0.28125000 0.50000000 0.22500000
v -0.19375000 0.50000000 0.15000000
v -0.23750000 0.50000000 0.07500000
v -0.23750000 0.50000000 0.22500000
v -0.32500000 0.12500000 0.30000000
v -0.32500000 0.37500000 0.30000000
v -0.28125000 0.25000000 0.30000000
v -0.36875000 0.12500000 0.30000000
v -0.28125000 0.37500000 0.30000000
v -0.32500000 0.50000000 0.07500000
v -0.32500000 0.50000000 0.22500000
v -0.36875000 0.50000000 0.15000000
v -0.28125000 0.50000000 0.07500000
v -0.36875000 0.50000000 0.22500000
v -0.28125000 0.50000000 0.15000000
v -0.45625000 0.12500000 0.30000000
v -0.36875000 0.37500000 0.30000000
v -0.45625000 0.25000000 0.30000000
v -0.41250000 0.12500000 0.30000000
v -0.41250000 0.37500000 0.30000000
v -0.36875000 0.25000000 0.30000000
v -0.43750000 -0.50000000 -0.30000000
v -0.31250000 -0.50000000 -0.30000000
v -0.06250000 -0.50000000 -0.30000000
v -0.18750000 -0.50000000 -0.30000000
v 0.43750000 -0.50000000 -0.30000000
v 0.31250000 -0.50000000 -0.30000000
v 0.06250000 -0.50000000 -0.30000000
v 0.18750000 -0.50000000 -0.30000000
v -0.43750000 -0.47812500 -0.30000000
v -0.31250000 -0.43437500 -0.30000000
v -0.37500000 -0.47812500 -0.30000000
v -0.06250000 -0.34687500 -0.30000000
v -0.18750000 -0.39062500 -0.30000000
v -0.25000000 -0.47812500 -0.30000000
v -0.25000000 -0.43437500 -0.30000000
v -0.31250000 -0.47812500 -0.30000000
v -0.31250000 -0.45625000 -0.30000000
v 0.43750000 -0.17187500 -0.30000000
v 0.31250000 -0.21562500 -0.30000000
v 0.06250000 -0.30312500 -0.30000000
v 0.18750000 -0.25937500 -0.30000000
v 0.00000000 -0.47812500 -0.30000000
v 0.00000000 -0.43437500 -0.30000000
v -0.06250000 -0.47812500 -0.30000000
v 0.00000000 -0.34687500 -0.30000000
v 0.00000000 -0.39062500 -0.30000000
v -0.06250000 -0.36875000 -0.30000000
v -0.18750000 -0.47812500 -0.30000000
v -0.06250000 -0.43437500 -0.30000000
v -0.12500000 -0.47812500 -0.30000000
v -0.18750000 -0.45625000 -0.30000000
v -0.06250000 -0.45625000 -0.30000000
v -0.18750000 -0.41250000 -0.30000000
v -0.06250000 -0.41250000 -0.30000000
v -0.12500000 -0.39062500 -0.30000000
v -0.18750000 -0.43437500 -0.30000000
v -0.06250000 -0.39062500 -0.30000000
v -0.12500000 -0.43437500 -0.30000000
v 0.50000000 -0.47812500 -0.30000000
v 0.50000000 -0.43437500 -0.30000000
v 0.43750000 -0.47812500 -0.30000000
v 0.50000000 -0.34687500 -0.30000000
v 0.50000000 -0.39062500 -0.30000000
v 0.31250000 -0.47812500 -0.30000000
v 0.43750000 -0.43437500 -0.30000000
v 0.37500000 -0.47812500 -0.30000000
v 0.43750000 -0.45625000 -0.30000000
v 0.50000000 -0.17187500 -0.30000000
v 0.50000000 -0.21562500 -0.30000000
v 0.43750000 -0.19375000 -0.30000000
v 0.50000000 -0.30312500 -0.30000000
v 0.50000000 -0.25937500 -0.30000000
v 0.31250000 -0.23750000 -0.30000000
v 0.43750000 -0.23750000 -0.30000000
v 0.37500000 -0.21562500 -0.30000000
v 0.43750000 -0.21562500 -0.30000000
v 0.06250000 -0.47812500 -0.30000000
v 0.18750000 -0.43437500 -0.30000000
v 0.12500000 -0.47812500 -0.30000000
v 0.06250000 -0.45625000 -0.30000000
v 0.43750000 -0.34687500 -0.30000000
v 0.31250000 -0.39062500 -0.30000000
v 0.43750000 -0.36875000 -0.30000000
v 0.25000000 -0.47812500 -0.30000000
v 0.25000000 -0.43437500 -0.30000000
v 0.18750000 -0.47812500 -0.30000000
v 0.31250000 -0.45625000 -0.30000000
v 0.18750000 -0.45625000 -0.30000000
v 0.06250000 -0.41250000 -0.30000000
v 0.18750000 -0.41250000 -0.30000000
v 0.06250000 -0.43437500 -0.30000000
v 0.12500000 -0.43437500 -0.30000000
v 0.43750000 -0.41250000 -0.30000000
v 0.31250000 -0.41250000 -0.30000000
v 0.43750000 -0.39062500 -0.30000000
v 0.37500000 -0.43437500 -0.30000000
v 0.37500000 -0.39062500 -0.30000000
v 0.31250000 -0.43437500 -0.30000000
v 0.06250000 -0.32500000 -0.30000000
v 0.18750000 -0.32500000 -0.30000000
v 0.12500000 -0.30312500 -0.30000000
v 0.06250000 -0.34687500 -0.30000000
v 0.43750000 -0.32500000 -0.30000000
v 0.31250000 -0.32500000 -0.30000000
v 0.43750000 -0.30312500 -0.30000000
v 0.37500000 -0.34687500 -0.30000000
v 0.25000000 -0.25937500 -0.30000000
v 0.25000000 -0.30312500 -0.30000000
v 0.18750000 -0.28125000 -0.30000000
v 0.31250000 -0.25937500 -0.30000000
v 0.18750000 -0.30312500 -0.30000000
v 0.06250000 -0.39062500 -0.30000000
v 0.18750000 -0.34687500 -0.30000000
v 0.06250000 -0.36875000 -0.30000000
v 0.12500000 -0.39062500 -0.30000000
v 0.12500000 -0.34687500 -0.30000000
v 0.43750000 -0.25937500 -0.30000000
v 0.31250000 -0.30312500 -0.30000000
v 0.43750000 -0.28125000 -0.30000000
v 0.37500000 -0.25937500 -0.30000000
v 0.37500000 -0.30312500 -0.30000000
v 0.31250000 -0.28125000 -0.30000000
v 0.25000000 -0.39062500 -0.30000000
v 0.25000000 -0.34687500 -0.30000000
v 0.31250000 -0.36875000 -0.30000000
v 0.18750000 -0.39062500 -0.30000000
v 0.31250000 -0.34687500 -0.30000000
v 0.18750000 -0.36875000 -0.30000000
v -0.47812500 -0.47812500 -0.30000000
v -0.43437500 -0.43437500 -0.30000000
v -0.41562500 -0.45625000 -0.30000000
v -0.34687500 -0.34687500 -0.30000000
v -0.39062500 -0.39062500 -0.30000000
v -0.29062500 -0.41250000 -0.30000000
v -0.37187500 -0.41250000 -0.30000000
v -0.35312500 -0.43437500 -0.30000000
v -0.39375000 -0.43437500 -0.30000000
v -0.17187500 -0.17187500 -0.30000000
v -0.21562500 -0.21562500 -0.30000000
v -0.30312500 -0.30312500 -0.30000000
v -0.25937500 -0.25937500 -0.30000000
v -0.04062500 -0.32500000 -0.30000000
v -0.12187500 -0.32500000 -0.30000000
v -0.10312500 -0.34687500 -0.30000000
v -0.28437500 -0.32500000 -0.30000000
v -0.20312500 -0.32500000 -0.30000000
v -0.30625000 -0.34687500 -0.30000000
v -0.22812500 -0.39062500 -0.30000000
v -0.18437500 -0.34687500 -0.30000000
v -0.16562500 -0.36875000 -0.30000000
v -0.26875000 -0.39062500 -0.30000000
v -0.14375000 -0.34687500 -0.30000000
v -0.35000000 -0.39062500 -0.30000000
v -0.22500000 -0.34687500 -0.30000000
v -0.32812500 -0.36875000 -0.30000000
v -0.30937500 -0.39062500 -0.30000000
v -0.26562500 -0.34687500 -0.30000000
v -0.24687500 -0.36875000 -0.30000000
v 0.45937500 -0.15000000 -0.30000000
v 0.37812500 -0.15000000 -0.30000000
v 0.39687500 -0.17187500 -0.30000000
v 0.21562500 -0.15000000 -0.30000000
v 0.29687500 -0.15000000 -0.30000000
v 0.27187500 -0.21562500 -0.30000000
v 0.31562500 -0.17187500 -0.30000000
v 0.33437500 -0.19375000 -0.30000000
v 0.35625000 -0.17187500 -0.30000000
v -0.10937500 -0.15000000 -0.30000000
v -0.02812500 -0.15000000 -0.30000000
v -0.13125000 -0.17187500 -0.30000000
v 0.13437500 -0.15000000 -0.30000000
v 0.05312500 -0.15000000 -0.30000000
v -0.17500000 -0.21562500 -0.30000000
v -0.05000000 -0.17187500 -0.30000000
v -0.15312500 -0.19375000 -0.30000000
v -0.09062500 -0.17187500 -0.30000000
v 0.02187500 -0.30312500 -0.30000000
v 0.06562500 -0.25937500 -0.30000000
v 0.08437500 -0.28125000 -0.30000000
v -0.01875000 -0.30312500 -0.30000000
v 0.15312500 -0.17187500 -0.30000000
v 0.10937500 -0.21562500 -0.30000000
v 0.19375000 -0.17187500 -0.30000000
v 0.20937500 -0.23750000 -0.30000000
v 0.12812500 -0.23750000 -0.30000000
v 0.14687500 -0.25937500 -0.30000000
v 0.23125000 -0.21562500 -0.30000000
v 0.10625000 -0.25937500 -0.30000000
v -0.10000000 -0.30312500 -0.30000000
v 0.02500000 -0.25937500 -0.30000000
v -0.05937500 -0.30312500 -0.30000000
v 0.00312500 -0.28125000 -0.30000000
v 0.27500000 -0.17187500 -0.30000000
v 0.15000000 -0.21562500 -0.30000000
v 0.23437500 -0.17187500 -0.30000000
v 0.25312500 -0.19375000 -0.30000000
v 0.17187500 -0.19375000 -0.30000000
v 0.19062500 -0.21562500 -0.30000000
v -0.26250000 -0.30312500 -0.30000000
v -0.13750000 -0.25937500 -0.30000000
v -0.24062500 -0.28125000 -0.30000000
v -0.22187500 -0.30312500 -0.30000000
v 0.11250000 -0.17187500 -0.30000000
v -0.01250000 -0.21562500 -0.30000000
v 0.07187500 -0.17187500 -0.30000000
v 0.09062500 -0.19375000 -0.30000000
v -0.19687500 -0.23750000 -0.30000000
v -0.11562500 -0.23750000 -0.30000000
v -0.21875000 -0.25937500 -0.30000000
v -0.13437500 -0.21562500 -0.30000000
v -0.17812500 -0.25937500 -0.30000000
v -0.14062500 -0.30312500 -0.30000000
v -0.09687500 -0.25937500 -0.30000000
v -0.18125000 -0.30312500 -0.30000000
v -0.07812500 -0.28125000 -0.30000000
v -0.15937500 -0.28125000 -0.30000000
v -0.00937500 -0.17187500 -0.30000000
v -0.05312500 -0.21562500 -0.30000000
v 0.03125000 -0.17187500 -0.30000000
v -0.07187500 -0.19375000 -0.30000000
v 0.00937500 -0.19375000 -0.30000000
v -0.09375000 -0.21562500 -0.30000000
v 0.04687500 -0.23750000 -0.30000000
v -0.03437500 -0.23750000 -0.30000000
v 0.06875000 -0.21562500 -0.30000000
v -0.01562500 -0.25937500 -0.30000000
v 0.02812500 -0.21562500 -0.30000000
v -0.05625000 -0.25937500 -0.30000000
v -0.47812500 -0.43750000 -0.30000000
v -0.43437500 -0.31250000 -0.30000000
v -0.45625000 -0.41562500 -0.30000000
v -0.34687500 -0.06250000 -0.30000000
v -0.39062500 -0.18750000 -0.30000000
v -0.41250000 -0.37187500 -0.30000000
v -0.41250000 -0.29062500 -0.30000000
v -0.43437500 -0.39375000 -0.30000000
v -0.43437500 -0.35312500 -0.30000000
v -0.17187500 0.43750000 -0.30000000
v -0.21562500 0.31250000 -0.30000000
v -0.30312500 0.06250000 -0.30000000
v -0.25937500 0.18750000 -0.30000000
v -0.32500000 -0.28437500 -0.30000000
v -0.32500000 -0.20312500 -0.30000000
v -0.34687500 -0.30625000 -0.30000000
v -0.32500000 -0.04062500 -0.30000000
v -0.32500000 -0.12187500 -0.30000000
v -0.34687500 -0.10312500 -0.30000000
v -0.39062500 -0.35000000 -0.30000000
v -0.34687500 -0.22500000 -0.30000000
v -0.36875000 -0.32812500 -0.30000000
v -0.39062500 -0.30937500 -0.30000000
v -0.34687500 -0.26562500 -0.30000000
v -0.39062500 -0.22812500 -0.30000000
v -0.34687500 -0.18437500 -0.30000000
v -0.36875000 -0.16562500 -0.30000000
v -0.39062500 -0.26875000 -0.30000000
v -0.34687500 -0.14375000 -0.30000000
v -0.36875000 -0.24687500 -0.30000000
v -0.15000000 -0.10937500 -0.30000000
v -0.15000000 -0.02812500 -0.30000000
v -0.17187500 -0.13125000 -0.30000000
v -0.15000000 0.13437500 -0.30000000
v -0.15000000 0.05312500 -0.30000000
v -0.21562500 -0.17500000 -0.30000000
v -0.17187500 -0.05000000 -0.30000000
v -0.19375000 -0.15312500 -0.30000000
v -0.17187500 -0.09062500 -0.30000000
v -0.15000000 0.45937500 -0.30000000
v -0.15000000 0.37812500 -0.30000000
v -0.17187500 0.39687500 -0.30000000
v -0.15000000 0.21562500 -0.30000000
v -0.15000000 0.29687500 -0.30000000
v -0.21562500 0.27187500 -0.30000000
v -0.17187500 0.31562500 -0.30000000
v -0.19375000 0.33437500 -0.30000000
v -0.17187500 0.35625000 -0.30000000
v -0.30312500 -0.26250000 -0.30000000
v -0.25937500 -0.13750000 -0.30000000
v -0.28125000 -0.24062500 -0.30000000
v -0.30312500 -0.22187500 -0.30000000
v -0.17187500 0.11250000 -0.30000000
v -0.21562500 -0.01250000 -0.30000000
v -0.17187500 0.07187500 -0.30000000
v -0.23750000 -0.19687500 -0.30000000
v -0.23750000 -0.11562500 -0.30000000
v -0.25937500 -0.21875000 -0.30000000
v -0.21562500 -0.13437500 -0.30000000
v -0.25937500 -0.17812500 -0.30000000
v -0.30312500 -0.14062500 -0.30000000
v -0.25937500 -0.09687500 -0.30000000
v -0.30312500 -0.18125000 -0.30000000
v -0.28125000 -0.15937500 -0.30000000
v -0.17187500 -0.00937500 -0.30000000
v -0.21562500 -0.05312500 -0.30000000
v -0.17187500 0.03125000 -0.30000000
v -0.19375000 -0.07187500 -0.30000000
v -0.19375000 0.00937500 -0.30000000
v -0.21562500 -0.09375000 -0.30000000
v -0.30312500 0.02187500 -0.30000000
v -0.25937500 0.06562500 -0.30000000
v -0.28125000 0.08437500 -0.30000000
v -0.30312500 -0.01875000 -0.30000000
v -0.17187500 0.15312500 -0.30000000
v -0.21562500 0.10937500 -0.30000000
v -0.17187500 0.19375000 -0.30000000
v -0.19375000 0.09062500 -0.30000000
v -0.23750000 0.20937500 -0.30000000
v -0.23750000 0.12812500 -0.30000000
v -0.25937500 0.14687500 -0.30000000
v -0.21562500 0.23125000 -0.30000000
v -0.25937500 0.10625000 -0.30000000
v -0.30312500 -0.10000000 -0.30000000
v -0.25937500 0.02500000 -0.30000000
v -0.30312500 -0.05937500 -0.30000000
v -0.28125000 -0.07812500 -0.30000000
v -0.28125000 0.00312500 -0.30000000
v -0.17187500 0.27500000 -0.30000000
v -0.21562500 0.15000000 -0.30000000
v -0.17187500 0.23437500 -0.30000000
v -0.19375000 0.25312500 -0.30000000
v -0.19375000 0.17187500 -0.30000000
v -0.21562500 0.19062500 -0.30000000
v -0.23750000 -0.03437500 -0.30000000
v -0.23750000 0.04687500 -0.30000000
v -0.21562500 0.02812500 -0.30000000
v -0.25937500 -0.05625000 -0.30000000
v -0.21562500 0.06875000 -0.30000000
v -0.25937500 -0.01562500 -0.30000000
v -0.50000000 -0.43750000 -0.30000000
v -0.50000000 -0.31250000 -0.30000000
v -0.47812500 -0.37500000 -0.30000000
v -0.50000000 -0.06250000 -0.30000000
v -0.50000000 -0.18750000 -0.30000000
v -0.43437500 -0.25000000 -0.30000000
v -0.47812500 -0.25000000 -0.30000000
v -0.45625000 -0.31250000 -0.30000000
v -0.47812500 -0.31250000 -0.30000000
v -0.50000000 0.43750000 -0.30000000
v -0.50000000 0.31250000 -0.30000000
v -0.50000000 0.06250000 -0.30000000
v -0.50000000 0.18750000 -0.30000000
v -0.34687500 0.00000000 -0.30000000
v -0.39062500 0.00000000 -0.30000000
v -0.36875000 -0.06250000 -0.30000000
v -0.47812500 0.00000000 -0.30000000
v -0.43437500 0.00000000 -0.30000000
v -0.47812500 -0.06250000 -0.30000000
v -0.41250000 -0.18750000 -0.30000000
v -0.41250000 -0.06250000 -0.30000000
v -0.39062500 -0.12500000 -0.30000000
v -0.43437500 -0.18750000 -0.30000000
v -0.39062500 -0.06250000 -0.30000000
v -0.47812500 -0.18750000 -0.30000000
v -0.43437500 -0.06250000 -0.30000000
v -0.47812500 -0.12500000 -0.30000000
v -0.45625000 -0.18750000 -0.30000000
v -0.45625000 -0.06250000 -0.30000000
v -0.43437500 -0.12500000 -0.30000000
v -0.17187500 0.50000000 -0.30000000
v -0.21562500 0.50000000 -0.30000000
v -0.19375000 0.43750000 -0.30000000
v -0.30312500 0.50000000 -0.30000000
v -0.25937500 0.50000000 -0.30000000
v -0.23750000 0.31250000 -0.30000000
v -0.23750000 0.43750000 -0.30000000
v -0.21562500 0.37500000 -0.30000000
v -0.21562500 0.43750000 -0.30000000
v -0.47812500 0.50000000 -0.30000000
v -0.43437500 0.50000000 -0.30000000
v -0.47812500 0.43750000 -0.30000000
v -0.34687500 0.50000000 -0.30000000
v -0.39062500 0.50000000 -0.30000000
v -0.47812500 0.31250000 -0.30000000
v -0.43437500 0.43750000 -0.30000000
v -0.47812500 0.37500000 -0.30000000
v -0.45625000 0.43750000 -0.30000000
v -0.32500000 0.06250000 -0.30000000
v -0.32500000 0.18750000 -0.30000000
v -0.30312500 0.12500000 -0.30000000
v -0.34687500 0.06250000 -0.30000000
v -0.32500000 0.43750000 -0.30000000
v -0.32500000 0.31250000 -0.30000000
v -0.30312500 0.43750000 -0.30000000
v -0.25937500 0.25000000 -0.30000000
v -0.30312500 0.25000000 -0.30000000
v -0.28125000 0.18750000 -0.30000000
v -0.25937500 0.31250000 -0.30000000
v -0.30312500 0.18750000 -0.30000000
v -0.39062500 0.06250000 -0.30000000
v -0.34687500 0.18750000 -0.30000000
v -0.36875000 0.06250000 -0.30000000
v -0.34687500 0.12500000 -0.30000000
v -0.25937500 0.43750000 -0.30000000
v -0.30312500 0.31250000 -0.30000000
v -0.28125000 0.43750000 -0.30000000
v -0.25937500 0.37500000 -0.30000000
v -0.30312500 0.37500000 -0.30000000
v -0.28125000 0.31250000 -0.30000000
v -0.47812500 0.06250000 -0.30000000
v -0.43437500 0.18750000 -0.30000000
v -0.47812500 0.12500000 -0.30000000
v -0.45625000 0.06250000 -0.30000000
v -0.34687500 0.43750000 -0.30000000
v -0.39062500 0.31250000 -0.30000000
v -0.36875000 0.43750000 -0.30000000
v -0.34687500 0.37500000 -0.30000000
v -0.47812500 0.25000000 -0.30000000
v -0.43437500 0.25000000 -0.30000000
v -0.47812500 0.18750000 -0.30000000
v -0.45625000 0.31250000 -0.30000000
v -0.45625000 0.18750000 -0.30000000
v -0.41250000 0.06250000 -0.30000000
v -0.41250000 0.18750000 -0.30000000
v -0.43437500 0.06250000 -0.30000000
v -0.39062500 0.12500000 -0.30000000
v -0.43437500 0.12500000 -0.30000000
v -0.41250000 0.43750000 -0.30000000
v -0.41250000 0.31250000 -0.30000000
v -0.39062500 0.43750000 -0.30000000
v -0.43437500 0.37500000 -0.30000000
v -0.39062500 0.37500000 -0.30000000
v -0.43437500 0.31250000 -0.30000000
v -0.34687500 0.25000000 -0.30000000
v -0.39062500 0.25000000 -0.30000000
v -0.34687500 0.31250000 -0.30000000
v -0.36875000 0.18750000 -0.30000000
v -0.36875000 0.31250000 -0.30000000
v -0.39062500 0.18750000 -0.30000000
v -0.50000000 -0.50000000 -0.26250000
v -0.50000000 -0.50000000 -0.18750000
v -0.50000000 -0.43750000 -0.26250000
v -0.50000000 -0.50000000 -0.03750000
v -0.50000000 -0.50000000 -0.11250000
v -0.50000000 -0.31250000 -0.26250000
v -0.50000000 -0.43750000 -0.18750000
v -0.50000000 -0.37500000 -0.26250000
v -0.50000000 -0.43750000 -0.22500000
v -0.50000000 -0.50000000 0.26250000
v -0.50000000 -0.50000000 0.18750000
v -0.50000000 -0.50000000 0.03750000
v -0.50000000 -0.50000000 0.11250000
v -0.50000000 -0.06250000 -0.26250000
v -0.50000000 -0.18750000 -0.18750000
v -0.50000000 -0.12500000 -0.26250000
v -0.50000000 -0.43750000 -0.03750000
v -0.50000000 -0.31250000 -0.11250000
v -0.50000000 -0.43750000 -0.07500000
v -0.50000000 -0.25000000 -0.26250000
v -0.50000000 -0.25000000 -0.18750000
v -0.50000000 -0.18750000 -0.26250000
v -0.50000000 -0.31250000 -0.22500000
v -0.50000000 -0.18750000 -0.22500000
v -0.50000000 -0.43750000 -0.15000000
v -0.50000000 -0.31250000 -0.15000000
v -0.50000000 -0.43750000 -0.11250000
v -0.50000000 -0.37500000 -0.18750000
v -0.50000000 -0.37500000 -0.11250000
v -0.50000000 -0.31250000 -0.18750000
v -0.50000000 0.43750000 -0.26250000
v -0.50000000 0.31250000 -0.18750000
v -0.50000000 0.37500000 -0.26250000
v -0.50000000 0.06250000 -0.03750000
v -0.50000000 0.18750000 -0.11250000
v -0.50000000 0.25000000 -0.26250000
v -0.50000000 0.25000000 -0.18750000
v -0.50000000 0.31250000 -0.26250000
v -0.50000000 0.31250000 -0.22500000
v -0.50000000 -0.43750000 0.26250000
v -0.50000000 -0.31250000 0.18750000
v -0.50000000 -0.43750000 0.22500000
v -0.50000000 -0.06250000 0.03750000
v -0.50000000 -0.18750000 0.11250000
v -0.50000000 -0.43750000 0.15000000
v -0.50000000 -0.31250000 0.15000000
v -0.50000000 -0.43750000 0.18750000
v -0.50000000 -0.37500000 0.18750000
v -0.50000000 0.00000000 -0.26250000
v -0.50000000 0.00000000 -0.18750000
v -0.50000000 0.06250000 -0.26250000
v -0.50000000 -0.06250000 -0.22500000
v -0.50000000 0.00000000 -0.03750000
v -0.50000000 0.00000000 -0.11250000
v -0.50000000 0.06250000 -0.07500000
v -0.50000000 0.18750000 -0.26250000
v -0.50000000 0.06250000 -0.18750000
v -0.50000000 0.12500000 -0.26250000
v -0.50000000 0.18750000 -0.22500000
v -0.50000000 0.06250000 -0.22500000
v -0.50000000 -0.18750000 -0.15000000
v -0.50000000 -0.06250000 -0.15000000
v -0.50000000 -0.12500000 -0.18750000
v -0.50000000 -0.06250000 -0.18750000
v -0.50000000 0.18750000 -0.15000000
v -0.50000000 0.06250000 -0.15000000
v -0.50000000 0.12500000 -0.11250000
v -0.50000000 0.18750000 -0.18750000
v -0.50000000 0.06250000 -0.11250000
v -0.50000000 0.12500000 -0.18750000
v -0.50000000 -0.43750000 0.00000000
v -0.50000000 -0.31250000 0.00000000
v -0.50000000 -0.43750000 0.03750000
v -0.50000000 -0.37500000 -0.03750000
v -0.50000000 -0.06250000 0.00000000
v -0.50000000 -0.18750000 0.00000000
v -0.50000000 -0.12500000 0.03750000
v -0.50000000 -0.06250000 -0.03750000
v -0.50000000 -0.43750000 0.11250000
v -0.50000000 -0.31250000 0.03750000
v -0.50000000 -0.43750000 0.07500000
v -0.50000000 -0.37500000 0.11250000
v -0.50000000 -0.37500000 0.03750000
v -0.50000000 -0.25000000 -0.11250000
v -0.50000000 -0.25000000 -0.03750000
v -0.50000000 -0.31250000 -0.07500000
v -0.50000000 -0.18750000 -0.11250000
v -0.50000000 -0.31250000 -0.03750000
v -0.50000000 -0.25000000 0.11250000
v -0.50000000 -0.25000000 0.03750000
v -0.50000000 -0.18750000 0.07500000
v -0.50000000 -0.31250000 0.11250000
v -0.50000000 -0.18750000 0.03750000
v -0.50000000 -0.31250000 0.07500000
v -0.50000000 -0.06250000 -0.11250000
v -0.50000000 -0.18750000 -0.03750000
v -0.50000000 -0.06250000 -0.07500000
v -0.50000000 -0.12500000 -0.11250000
v -0.50000000 -0.12500000 -0.03750000
v -0.50000000 -0.18750000 -0.07500000
v -0.43750000 -0.50000000 -0.26250000
v -0.31250000 -0.50000000 -0.18750000
v -0.37500000 -0.50000000 -0.26250000
v -0.43750000 -0.50000000 -0.22500000
v -0.06250000 -0.50000000 -0.03750000
v -0.18750000 -0.50000000 -0.11250000
v -0.25000000 -0.50000000 -0.26250000
v -0.25000000 -0.50000000 -0.18750000
v -0.31250000 -0.50000000 -0.26250000
v -0.31250000 -0.50000000 -0.22500000
v -0.43750000 -0.50000000 -0.15000000
v -0.31250000 -0.50000000 -0.15000000
v -0.43750000 -0.50000000 -0.18750000
v -0.37500000 -0.50000000 -0.18750000
v 0.43750000 -0.50000000 0.26250000
v 0.31250000 -0.50000000 0.18750000
v 0.06250000 -0.50000000 0.03750000
v 0.18750000 -0.50000000 0.11250000
v 0.00000000 -0.50000000 -0.26250000
v 0.00000000 -0.50000000 -0.18750000
v -0.06250000 -0.50000000 -0.26250000
v 0.00000000 -0.50000000 -0.03750000
v 0.00000000 -0.50000000 -0.11250000
v -0.06250000 -0.50000000 -0.07500000
v -0.18750000 -0.50000000 -0.26250000
v -0.06250000 -0.50000000 -0.18750000
v -0.12500000 -0.50000000 -0.26250000
v -0.18750000 -0.50000000 -0.22500000
v -0.06250000 -0.50000000 -0.22500000
v -0.18750000 -0.50000000 -0.15000000
v -0.06250000 -0.50000000 -0.15000000
v -0.12500000 -0.50000000 -0.11250000
v -0.18750000 -0.50000000 -0.18750000
v -0.06250000 -0.50000000 -0.11250000
v -0.12500000 -0.50000000 -0.18750000
v -0.43750000 -0.50000000 0.00000000
v -0.31250000 -0.50000000 0.00000000
v -0.43750000 -0.50000000 -0.03750000
v -0.06250000 -0.50000000 0.00000000
v -0.18750000 -0.50000000 0.00000000
v -0.12500000 -0.50000000 -0.03750000
v -0.43750000 -0.50000000 -0.11250000
v -0.31250000 -0.50000000 -0.03750000
v -0.43750000 -0.50000000 -0.07500000
v -0.37500000 -0.50000000 -0.11250000
v -0.37500000 -0.50000000 -0.03750000
v -0.25000000 -0.50000000 -0.11250000
v -0.25000000 -0.50000000 -0.03750000
v -0.18750000 -0.50000000 -0.07500000
v -0.31250000 -0.50000000 -0.11250000
v -0.18750000 -0.50000000 -0.03750000
v -0.31250000 -0.50000000 -0.07500000
v 0.50000000 -0.50000000 -0.26250000
v 0.50000000 -0.50000000 -0.18750000
v 0.43750000 -0.50000000 -0.26250000
v 0.50000000 -0.50000000 -0.03750000
v 0.50000000 -0.50000000 -0.11250000
v 0.31250000 -0.50000000 -0.26250000
v 0.43750000 -0.50000000 -0.18750000
v 0.37500000 -0.50000000 -0.26250000
v 0.43750000 -0.50000000 -0.22500000
v 0.50000000 -0.50000000 0.26250000
v 0.50000000 -0.50000000 0.18750000
v 0.43750000 -0.50000000 0.22500000
v 0.50000000 -0.50000000 0.03750000
v 0.50000000 -0.50000000 0.11250000
v 0.31250000 -0.50000000 0.15000000
v 0.43750000 -0.50000000 0.15000000
v 0.37500000 -0.50000000 0.18750000
v 0.43750000 -0.50000000 0.18750000
v 0.06250000 -0.50000000 -0.26250000
v 0.18750000 -0.50000000 -0.18750000
v 0.12500000 -0.50000000 -0.26250000
v 0.06250000 -0.50000000 -0.22500000
v 0.43750000 -0.50000000 -0.03750000
v 0.31250000 -0.50000000 -0.11250000
v 0.43750000 -0.50000000 -0.07500000
v 0.25000000 -0.50000000 -0.26250000
v 0.25000000 -0.50000000 -0.18750000
v 0.18750000 -0.50000000 -0.26250000
v 0.31250000 -0.50000000 -0.22500000
v 0.18750000 -0.50000000 -0.22500000
v 0.06250000 -0.50000000 -0.15000000
v 0.18750000 -0.50000000 -0.15000000
v 0.06250000 -0.50000000 -0.18750000
v 0.12500000 -0.50000000 -0.18750000
v 0.43750000 -0.50000000 -0.15000000
v 0.31250000 -0.50000000 -0.15000000
v 0.43750000 -0.50000000 -0.11250000
v 0.37500000 -0.50000000 -0.18750000
v 0.37500000 -0.50000000 -0.11250000
v 0.31250000 -0.50000000 -0.18750000
v 0.06250000 -0.50000000 0.00000000
v 0.18750000 -0.50000000 0.00000000
v 0.12500000 -0.50000000 0.03750000
v 0.06250000 -0.50000000 -0.03750000
v 0.43750000 -0.50000000 0.00000000
v 0.31250000 -0.50000000 0.00000000
v 0.43750000 -0.50000000 0.03750000
v 0.37500000 -0.50000000 -0.03750000
v 0.25000000 -0.50000000 0.11250000
v 0.25000000 -0.50000000 0.03750000
v 0.18750000 -0.50000000 0.07500000
v 0.31250000 -0.50000000 0.11250000
v 0.18750000 -0.50000000 0.03750000
v 0.06250000 -0.50000000 -0.11250000
v 0.18750000 -0.50000000 -0.03750000
v 0.06250000 -0.50000000 -0.07500000
v 0.12500000 -0.50000000 -0.11250000
v 0.12500000 -0.50000000 -0.03750000
v 0.43750000 -0.50000000 0.11250000
v 0.31250000 -0.50000000 0.03750000
v 0.43750000 -0.50000000 0.07500000
v 0.37500000 -0.50000000 0.11250000
v 0.37500000 -0.50000000 0.03750000
v 0.31250000 -0.50000000 0.07500000
v 0.25000000 -0.50000000 -0.11250000
v 0.25000000 -0.50000000 -0.03750000
v 0.31250000 -0.50000000 -0.07500000
v 0.18750000 -0.50000000 -0.11250000
v 0.31250000 -0.50000000 -0.03750000
v 0.18750000 -0.50000000 -0.07500000
v -0.43750000 -0.50000000 0.30000000
v -0.31250000 -0.50000000 0.30000000
v -0.43750000 -0.50000000 0.26250000
v -0.06250000 -0.50000000 0.30000000
v -0.18750000 -0.50000000 0.30000000
v -0.43750000 -0.50000000 0.18750000
v -0.31250000 -0.50000000 0.26250000
v -0.43750000 -0.50000000 0.22500000
v -0.37500000 -0.50000000 0.26250000
v 0.43750000 -0.50000000 0.30000000
v 0.31250000 -0.50000000 0.30000000
v 0.37500000 -0.50000000 0.26250000
v 0.06250000 -0.50000000 0.30000000
v 0.18750000 -0.50000000 0.30000000
v 0.25000000 -0.50000000 0.18750000
v 0.25000000 -0.50000000 0.26250000
v 0.31250000 -0.50000000 0.22500000
v 0.31250000 -0.50000000 0.26250000
v -0.43750000 -0.50000000 0.03750000
v -0.31250000 -0.50000000 0.11250000
v -0.43750000 -0.50000000 0.07500000
v -0.37500000 -0.50000000 0.03750000
v -0.06250000 -0.50000000 0.26250000
v -0.18750000 -0.50000000 0.18750000
v -0.12500000 -0.50000000 0.26250000
v -0.43750000 -0.50000000 0.15000000
v -0.31250000 -0.50000000 0.15000000
v -0.43750000 -0.50000000 0.11250000
v -0.37500000 -0.50000000 0.18750000
v -0.37500000 -0.50000000 0.11250000
v -0.25000000 -0.50000000 0.03750000
v -0.25000000 -0.50000000 0.11250000
v -0.31250000 -0.50000000 0.03750000
v -0.31250000 -0.50000000 0.07500000
v -0.25000000 -0.50000000 0.26250000
v -0.25000000 -0.50000000 0.18750000
v -0.18750000 -0.50000000 0.26250000
v -0.31250000 -0.50000000 0.22500000
v -0.18750000 -0.50000000 0.22500000
v -0.31250000 -0.50000000 0.18750000
v 0.00000000 -0.50000000 0.03750000
v 0.00000000 -0.50000000 0.11250000
v 0.06250000 -0.50000000 0.07500000
v -0.06250000 -0.50000000 0.03750000
v 0.00000000 -0.50000000 0.26250000
v 0.00000000 -0.50000000 0.18750000
v 0.06250000 -0.50000000 0.26250000
v -0.06250000 -0.50000000 0.22500000
v 0.18750000 -0.50000000 0.15000000
v 0.06250000 -0.50000000 0.15000000
v 0.12500000 -0.50000000 0.11250000
v 0.18750000 -0.50000000 0.18750000
v 0.06250000 -0.50000000 0.11250000
v -0.18750000 -0.50000000 0.03750000
v -0.06250000 -0.50000000 0.11250000
v -0.12500000 -0.50000000 0.03750000
v -0.18750000 -0.50000000 0.07500000
v -0.06250000 -0.50000000 0.07500000
v 0.18750000 -0.50000000 0.26250000
v 0.06250000 -0.50000000 0.18750000
v 0.12500000 -0.50000000 0.26250000
v 0.18750000 -0.50000000 0.22500000
v 0.06250000 -0.50000000 0.22500000
v 0.12500000 -0.50000000 0.18750000
v -0.18750000 -0.50000000 0.15000000
v -0.06250000 -0.50000000 0.15000000
v -0.12500000 -0.50000000 0.18750000
v -0.18750000 -0.50000000 0.11250000
v -0.06250000 -0.50000000 0.18750000
v -0.12500000 -0.50000000 0.11250000
v 0.50000000 -0.47812500 -0.26250000
v 0.50000000 -0.43437500 -0.18750000
v 0.50000000 -0.45625000 -0.26250000
v 0.50000000 -0.47812500 -0.22500000
v 0.50000000 -0.34687500 -0.03750000
v 0.50000000 -0.39062500 -0.11250000
v 0.50000000 -0.41250000 -0.26250000
v 0.50000000 -0.41250000 -0.18750000
v 0.50000000 -0.43437500 -0.26250000
v 0.50000000 -0.43437500 -0.22500000
v 0.50000000 -0.47812500 -0.15000000
v 0.50000000 -0.43437500 -0.15000000
v 0.50000000 -0.47812500 -0.18750000
v 0.50000000 -0.45625000 -0.18750000
v 0.50000000 -0.17187500 0.26250000
v 0.50000000 -0.21562500 0.18750000
v 0.50000000 -0.30312500 0.03750000
v 0.50000000 -0.25937500 0.11250000
v 0.50000000 -0.32500000 -0.26250000
v 0.50000000 -0.32500000 -0.18750000
v 0.50000000 -0.34687500 -0.26250000
v 0.50000000 -0.32500000 -0.03750000
v 0.50000000 -0.32500000 -0.11250000
v 0.50000000 -0.34687500 -0.07500000
v 0.50000000 -0.39062500 -0.26250000
v 0.50000000 -0.34687500 -0.18750000
v 0.50000000 -0.36875000 -0.26250000
v 0.50000000 -0.39062500 -0.22500000
v 0.50000000 -0.34687500 -0.22500000
v 0.50000000 -0.39062500 -0.15000000
v 0.50000000 -0.34687500 -0.15000000
v 0.50000000 -0.36875000 -0.11250000
v 0.50000000 -0.39062500 -0.18750000
v 0.50000000 -0.34687500 -0.11250000
v 0.50000000 -0.36875000 -0.18750000
v 0.50000000 -0.47812500 0.00000000
v 0.50000000 -0.43437500 0.00000000
v 0.50000000 -0.47812500 -0.03750000
v 0.50000000 -0.34687500 0.00000000
v 0.50000000 -0.39062500 0.00000000
v 0.50000000 -0.36875000 -0.03750000
v 0.50000000 -0.47812500 -0.11250000
v 0.50000000 -0.43437500 -0.03750000
v 0.50000000 -0.47812500 -0.07500000
v 0.50000000 -0.45625000 -0.11250000
v 0.50000000 -0.45625000 -0.03750000
v 0.50000000 -0.41250000 -0.11250000
v 0.50000000 -0.41250000 -0.03750000
v 0.50000000 -0.39062500 -0.07500000
v 0.50000000 -0.43437500 -0.11250000
v 0.50000000 -0.39062500 -0.03750000
v 0.50000000 -0.43437500 -0.07500000
v 0.50000000 -0.15000000 -0.26250000
v 0.50000000 -0.15000000 -0.18750000
v 0.50000000 -0.17187500 -0.26250000
v 0.50000000 -0.15000000 -0.03750000
v 0.50000000 -0.15000000 -0.11250000
v 0.50000000 -0.21562500 -0.26250000
v 0.50000000 -0.17187500 -0.18750000
v 0.50000000 -0.19375000 -0.26250000
v 0.50000000 -0.17187500 -0.22500000
v 0.50000000 -0.15000000 0.26250000
v 0.50000000 -0.15000000 0.18750000
v 0.50000000 -0.17187500 0.22500000
v 0.50000000 -0.15000000 0.03750000
v 0.50000000 -0.15000000 0.11250000
v 0.50000000 -0.21562500 0.15000000
v 0.50000000 -0.17187500 0.15000000
v 0.50000000 -0.19375000 0.18750000
v 0.50000000 -0.17187500 0.18750000
v 0.50000000 -0.30312500 -0.26250000
v 0.50000000 -0.25937500 -0.18750000
v 0.50000000 -0.28125000 -0.26250000
v 0.50000000 -0.30312500 -0.22500000
v 0.50000000 -0.17187500 -0.03750000
v 0.50000000 -0.21562500 -0.11250000
v 0.50000000 -0.17187500 -0.07500000
v 0.50000000 -0.23750000 -0.26250000
v 0.50000000 -0.23750000 -0.18750000
v 0.50000000 -0.25937500 -0.26250000
v 0.50000000 -0.21562500 -0.22500000
v 0.50000000 -0.25937500 -0.22500000
v 0.50000000 -0.30312500 -0.15000000
v 0.50000000 -0.25937500 -0.15000000
v 0.50000000 -0.30312500 -0.18750000
v 0.50000000 -0.28125000 -0.18750000
v 0.50000000 -0.17187500 -0.15000000
v 0.50000000 -0.21562500 -0.15000000
v 0.50000000 -0.17187500 -0.11250000
v 0.50000000 -0.19375000 -0.18750000
v 0.50000000 -0.19375000 -0.11250000
v 0.50000000 -0.21562500 -0.18750000
v 0.50000000 -0.30312500 0.00000000
v 0.50000000 -0.25937500 0.00000000
v 0.50000000 -0.28125000 0.03750000
v 0.50000000 -0.30312500 -0.03750000
v 0.50000000 -0.17187500 0.00000000
v 0.50000000 -0.21562500 0.00000000
v 0.50000000 -0.17187500 0.03750000
v 0.50000000 -0.19375000 -0.03750000
v 0.50000000 -0.23750000 0.11250000
v 0.50000000 -0.23750000 0.03750000
v 0.50000000 -0.25937500 0.07500000
v 0.50000000 -0.21562500 0.11250000
v 0.50000000 -0.25937500 0.03750000
v 0.50000000 -0.30312500 -0.11250000
v 0.50000000 -0.25937500 -0.03750000
v 0.50000000 -0.30312500 -0.07500000
v 0.50000000 -0.28125000 -0.11250000
v 0.50000000 -0.28125000 -0.03750000
v 0.50000000 -0.17187500 0.11250000
v 0.50000000 -0.21562500 0.03750000
v 0.50000000 -0.17187500 0.07500000
v 0.50000000 -0.19375000 0.11250000
v 0.50000000 -0.19375000 0.03750000
v 0.50000000 -0.21562500 0.07500000
v 0.50000000 -0.23750000 -0.11250000
v 0.50000000 -0.23750000 -0.03750000
v 0.50000000 -0.21562500 -0.07500000
v 0.50000000 -0.25937500 -0.11250000
v 0.50000000 -0.21562500 -0.03750000
v 0.50000000 -0.25937500 -0.07500000
v -0.43750000 -0.47812500 0.30000000
v -0.31250000 -0.43437500 0.30000000
v -0.37500000 -0.47812500 0.30000000
v -0.06250000 -0.34687500 0.30000000
v -0.18750000 -0.39062500 0.30000000
v -0.25000000 -0.47812500 0.30000000
v -0.25000000 -0.43437500 0.30000000
v -0.31250000 -0.47812500 0.30000000
v -0.31250000 -0.45625000 0.30000000
v 0.43750000 -0.17187500 0.30000000
v 0.31250000 -0.21562500 0.30000000
v 0.06250000 -0.30312500 0.30000000
v 0.18750000 -0.25937500 0.30000000
v 0.00000000 -0.47812500 0.30000000
v 0.00000000 -0.43437500 0.30000000
v -0.06250000 -0.47812500 0.30000000
v 0.00000000 -0.34687500 0.30000000
v 0.00000000 -0.39062500 0.30000000
v -0.06250000 -0.36875000 0.30000000
v -0.18750000 -0.47812500 0.30000000
v -0.06250000 -0.43437500 0.30000000
v -0.12500000 -0.47812500 0.30000000
v -0.18750000 -0.45625000 0.30000000
v -0.06250000 -0.45625000 0.30000000
v -0.18750000 -0.41250000 0.30000000
v -0.06250000 -0.41250000 0.30000000
v -0.12500000 -0.39062500 0.30000000
v -0.18750000 -0.43437500 0.30000000
v -0.06250000 -0.39062500 0.30000000
v -0.12500000 -0.43437500 0.30000000
v 0.50000000 -0.47812500 0.30000000
v 0.50000000 -0.43437500 0.30000000
v 0.50000000 -0.47812500 0.26250000
v 0.43750000 -0.47812500 0.30000000
v 0.50000000 -0.34687500 0.30000000
v 0.50000000 -0.39062500 0.30000000
v 0.50000000 -0.47812500 0.18750000
v 0.50000000 -0.43437500 0.26250000
v 0.50000000 -0.47812500 0.22500000
v 0.50000000 -0.45625000 0.26250000
v 0.31250000 -0.47812500 0.30000000
v 0.43750000 -0.43437500 0.30000000
v 0.37500000 -0.47812500 0.30000000
v 0.43750000 -0.45625000 0.30000000
v 0.50000000 -0.17187500 0.30000000
v 0.50000000 -0.21562500 0.30000000
v 0.50000000 -0.19375000 0.26250000
v 0.43750000 -0.19375000 0.30000000
v 0.50000000 -0.30312500 0.30000000
v 0.50000000 -0.25937500 0.30000000
v 0.50000000 -0.23750000 0.18750000
v 0.50000000 -0.23750000 0.26250000
v 0.50000000 -0.21562500 0.22500000
v 0.50000000 -0.21562500 0.26250000
v 0.31250000 -0.23750000 0.30000000
v 0.43750000 -0.23750000 0.30000000
v 0.37500000 -0.21562500 0.30000000
v 0.43750000 -0.21562500 0.30000000
v 0.50000000 -0.47812500 0.03750000
v 0.50000000 -0.43437500 0.11250000
v 0.50000000 -0.47812500 0.07500000
v 0.50000000 -0.45625000 0.03750000
v 0.50000000 -0.34687500 0.26250000
v 0.50000000 -0.39062500 0.18750000
v 0.50000000 -0.36875000 0.26250000
v 0.50000000 -0.47812500 0.15000000
v 0.50000000 -0.43437500 0.15000000
v 0.50000000 -0.47812500 0.11250000
v 0.50000000 -0.45625000 0.18750000
v 0.50000000 -0.45625000 0.11250000
v 0.50000000 -0.41250000 0.03750000
v 0.50000000 -0.41250000 0.11250000
v 0.50000000 -0.43437500 0.03750000
v 0.50000000 -0.43437500 0.07500000
v 0.50000000 -0.41250000 0.26250000
v 0.50000000 -0.41250000 0.18750000
v 0.50000000 -0.39062500 0.26250000
v 0.50000000 -0.43437500 0.22500000
v 0.50000000 -0.39062500 0.22500000
v 0.50000000 -0.43437500 0.18750000
v 0.06250000 -0.47812500 0.30000000
v 0.18750000 -0.43437500 0.30000000
v 0.12500000 -0.47812500 0.30000000
v 0.06250000 -0.45625000 0.30000000
v 0.43750000 -0.34687500 0.30000000
v 0.31250000 -0.39062500 0.30000000
v 0.43750000 -0.36875000 0.30000000
v 0.25000000 -0.47812500 0.30000000
v 0.25000000 -0.43437500 0.30000000
v 0.18750000 -0.47812500 0.30000000
v 0.31250000 -0.45625000 0.30000000
v 0.18750000 -0.45625000 0.30000000
v 0.06250000 -0.41250000 0.30000000
v 0.18750000 -0.41250000 0.30000000
v 0.06250000 -0.43437500 0.30000000
v 0.12500000 -0.43437500 0.30000000
v 0.43750000 -0.41250000 0.30000000
v 0.31250000 -0.41250000 0.30000000
v 0.43750000 -0.39062500 0.30000000
v 0.37500000 -0.43437500 0.30000000
v 0.37500000 -0.39062500 0.30000000
v 0.31250000 -0.43437500 0.30000000
v 0.50000000 -0.32500000 0.03750000
v 0.50000000 -0.32500000 0.11250000
v 0.50000000 -0.30312500 0.07500000
v 0.50000000 -0.34687500 0.03750000
v 0.50000000 -0.32500000 0.26250000
v 0.50000000 -0.32500000 0.18750000
v 0.50000000 -0.30312500 0.26250000
v 0.50000000 -0.34687500 0.22500000
v 0.50000000 -0.25937500 0.15000000
v 0.50000000 -0.30312500 0.15000000
v 0.50000000 -0.28125000 0.11250000
v 0.50000000 -0.25937500 0.18750000
v 0.50000000 -0.30312500 0.11250000
v 0.50000000 -0.39062500 0.03750000
v 0.50000000 -0.34687500 0.11250000
v 0.50000000 -0.36875000 0.03750000
v 0.50000000 -0.39062500 0.07500000
v 0.50000000 -0.34687500 0.07500000
v 0.50000000 -0.25937500 0.26250000
v 0.50000000 -0.30312500 0.18750000
v 0.50000000 -0.28125000 0.26250000
v 0.50000000 -0.25937500 0.22500000
v 0.50000000 -0.30312500 0.22500000
v 0.50000000 -0.28125000 0.18750000
v 0.50000000 -0.39062500 0.15000000
v 0.50000000 -0.34687500 0.15000000
v 0.50000000 -0.36875000 0.18750000
v 0.50000000 -0.39062500 0.11250000
v 0.50000000 -0.34687500 0.18750000
v 0.50000000 -0.36875000 0.11250000
v 0.06250000 -0.32500000 0.30000000
v 0.18750000 -0.32500000 0.30000000
v 0.12500000 -0.30312500 0.30000000
v 0.06250000 -0.34687500 0.30000000
v 0.43750000 -0.32500000 0.30000000
v 0.31250000 -0.32500000 0.30000000
v 0.43750000 -0.30312500 0.30000000
v 0.37500000 -0.34687500 0.30000000
v 0.25000000 -0.25937500 0.30000000
v 0.25000000 -0.30312500 0.30000000
v 0.18750000 -0.28125000 0.30000000
v 0.31250000 -0.25937500 0.30000000
v 0.18750000 -0.30312500 0.30000000
v 0.06250000 -0.39062500 0.30000000
v 0.18750000 -0.34687500 0.30000000
v 0.06250000 -0.36875000 0.30000000
v 0.12500000 -0.39062500 0.30000000
v 0.12500000 -0.34687500 0.30000000
v 0.43750000 -0.25937500 0.30000000
v 0.31250000 -0.30312500 0.30000000
v 0.43750000 -0.28125000 0.30000000
v 0.37500000 -0.25937500 0.30000000
v 0.37500000 -0.30312500 0.30000000
v 0.31250000 -0.28125000 0.30000000
v 0.25000000 -0.39062500 0.30000000
v 0.25000000 -0.34687500 0.30000000
v 0.31250000 -0.36875000 0.30000000
v 0.18750000 -0.39062500 0.30000000
v 0.31250000 -0.34687500 0.30000000
v 0.18750000 -0.36875000 0.30000000
v 0.45937500 -0.15000000 -0.26250000
v 0.37812500 -0.15000000 -0.18750000
v 0.41875000 -0.15000000 -0.26250000
v 0.45937500 -0.15000000 -0.22500000
v 0.21562500 -0.15000000 -0.03750000
v 0.29687500 -0.15000000 -0.11250000
v 0.33750000 -0.15000000 -0.26250000
v 0.33750000 -0.15000000 -0.18750000
v 0.37812500 -0.15000000 -0.26250000
v 0.37812500 -0.15000000 -0.22500000
v 0.45937500 -0.15000000 -0.15000000
v 0.37812500 -0.15000000 -0.15000000
v 0.45937500 -0.15000000 -0.18750000
v 0.41875000 -0.15000000 -0.18750000
v -0.10937500 -0.15000000 0.26250000
v -0.02812500 -0.15000000 0.18750000
v 0.13437500 -0.15000000 0.03750000
v 0.05312500 -0.15000000 0.11250000
v 0.17500000 -0.15000000 -0.26250000
v 0.17500000 -0.15000000 -0.18750000
v 0.21562500 -0.15000000 -0.26250000
v 0.17500000 -0.15000000 -0.03750000
v 0.17500000 -0.15000000 -0.11250000
v 0.21562500 -0.15000000 -0.07500000
v 0.29687500 -0.15000000 -0.26250000
v 0.21562500 -0.15000000 -0.18750000
v 0.25625000 -0.15000000 -0.26250000
v 0.29687500 -0.15000000 -0.22500000
v 0.21562500 -0.15000000 -0.22500000
v 0.29687500 -0.15000000 -0.15000000
v 0.21562500 -0.15000000 -0.15000000
v 0.25625000 -0.15000000 -0.11250000
v 0.29687500 -0.15000000 -0.18750000
v 0.21562500 -0.15000000 -0.11250000
v 0.25625000 -0.15000000 -0.18750000
v 0.45937500 -0.15000000 0.00000000
v 0.37812500 -0.15000000 0.00000000
v 0.45937500 -0.15000000 -0.03750000
v 0.21562500 -0.15000000 0.00000000
v 0.29687500 -0.15000000 0.00000000
v 0.25625000 -0.15000000 -0.03750000
v 0.45937500 -0.15000000 -0.11250000
v 0.37812500 -0.15000000 -0.03750000
v 0.45937500 -0.15000000 -0.07500000
v 0.41875000 -0.15000000 -0.11250000
v 0.41875000 -0.15000000 -0.03750000
v 0.33750000 -0.15000000 -0.11250000
v 0.33750000 -0.15000000 -0.03750000
v 0.29687500 -0.15000000 -0.07500000
v 0.37812500 -0.15000000 -0.11250000
v 0.29687500 -0.15000000 -0.03750000
v 0.37812500 -0.15000000 -0.07500000
v -0.15000000 -0.15000000 -0.26250000
v -0.15000000 -0.15000000 -0.18750000
v -0.10937500 -0.15000000 -0.26250000
v -0.15000000 -0.15000000 -0.03750000
v -0.15000000 -0.15000000 -0.11250000
v -0.02812500 -0.15000000 -0.26250000
v -0.10937500 -0.15000000 -0.18750000
v -0.06875000 -0.15000000 -0.26250000
v -0.10937500 -0.15000000 -0.22500000
v -0.15000000 -0.15000000 0.26250000
v -0.15000000 -0.15000000 0.18750000
v -0.10937500 -0.15000000 0.22500000
v -0.15000000 -0.15000000 0.03750000
v -0.15000000 -0.15000000 0.11250000
v -0.02812500 -0.15000000 0.15000000
v -0.10937500 -0.15000000 0.15000000
v -0.06875000 -0.15000000 0.18750000
v -0.10937500 -0.15000000 0.18750000
v 0.13437500 -0.15000000 -0.26250000
v 0.05312500 -0.15000000 -0.18750000
v 0.09375000 -0.15000000 -0.26250000
v 0.13437500 -0.15000000 -0.22500000
v -0.10937500 -0.15000000 -0.03750000
v -0.02812500 -0.15000000 -0.11250000
v -0.10937500 -0.15000000 -0.07500000
v 0.01250000 -0.15000000 -0.26250000
v 0.01250000 -0.15000000 -0.18750000
v 0.05312500 -0.15000000 -0.26250000
v -0.02812500 -0.15000000 -0.22500000
v 0.05312500 -0.15000000 -0.22500000
v 0.13437500 -0.15000000 -0.15000000
v 0.05312500 -0.15000000 -0.15000000
v 0.13437500 -0.15000000 -0.18750000
v 0.09375000 -0.15000000 -0.18750000
v -0.10937500 -0.15000000 -0.15000000
v -0.02812500 -0.15000000 -0.15000000
v -0.10937500 -0.15000000 -0.11250000
v -0.06875000 -0.15000000 -0.18750000
v -0.06875000 -0.15000000 -0.11250000
v -0.02812500 -0.15000000 -0.18750000
v 0.13437500 -0.15000000 0.00000000
v 0.05312500 -0.15000000 0.00000000
v 0.09375000 -0.15000000 0.03750000
v 0.13437500 -0.15000000 -0.03750000
v -0.10937500 -0.15000000 0.00000000
v -0.02812500 -0.15000000 0.00000000
v -0.10937500 -0.15000000 0.03750000
v -0.06875000 -0.15000000 -0.03750000
v 0.01250000 -0.15000000 0.11250000
v 0.01250000 -0.15000000 0.03750000
v 0.05312500 -0.15000000 0.07500000
v -0.02812500 -0.15000000 0.11250000
v 0.05312500 -0.15000000 0.03750000
v 0.13437500 -0.15000000 -0.11250000
v 0.05312500 -0.15000000 -0.03750000
v 0.13437500 -0.15000000 -0.07500000
v 0.09375000 -0.15000000 -0.11250000
v 0.09375000 -0.15000000 -0.03750000
v -0.10937500 -0.15000000 0.11250000
v -0.02812500 -0.15000000 0.03750000
v -0.10937500 -0.15000000 0.07500000
v -0.06875000 -0.15000000 0.11250000
v -0.06875000 -0.15000000 0.03750000
v -0.02812500 -0.15000000 0.07500000
v 0.01250000 -0.15000000 -0.11250000
v 0.01250000 -0.15000000 -0.03750000
v -0.02812500 -0.15000000 -0.07500000
v 0.05312500 -0.15000000 -0.11250000
v -0.02812500 -0.15000000 -0.03750000
v 0.05312500 -0.15000000 -0.07500000
v -0.47812500 -0.47812500 0.30000000
v -0.43437500 -0.43437500 0.30000000
v -0.41562500 -0.45625000 0.30000000
v -0.34687500 -0.34687500 0.30000000
v -0.39062500 -0.39062500 0.30000000
v -0.29062500 -0.41250000 0.30000000
v -0.37187500 -0.41250000 0.30000000
v -0.35312500 -0.43437500 0.30000000
v -0.39375000 -0.43437500 0.30000000
v -0.17187500 -0.17187500 0.30000000
v -0.21562500 -0.21562500 0.30000000
v -0.30312500 -0.30312500 0.30000000
v -0.25937500 -0.25937500 0.30000000
v -0.04062500 -0.32500000 0.30000000
v -0.12187500 -0.32500000 0.30000000
v -0.10312500 -0.34687500 0.30000000
v -0.28437500 -0.32500000 0.30000000
v -0.20312500 -0.32500000 0.30000000
v -0.30625000 -0.34687500 0.30000000
v -0.22812500 -0.39062500 0.30000000
v -0.18437500 -0.34687500 0.30000000
v -0.16562500 -0.36875000 0.30000000
v -0.26875000 -0.39062500 0.30000000
v -0.14375000 -0.34687500 0.30000000
v -0.35000000 -0.39062500 0.30000000
v -0.22500000 -0.34687500 0.30000000
v -0.32812500 -0.36875000 0.30000000
v -0.30937500 -0.39062500 0.30000000
v -0.26562500 -0.34687500 0.30000000
v -0.24687500 -0.36875000 0.30000000
v 0.45937500 -0.15000000 0.30000000
v 0.37812500 -0.15000000 0.30000000
v 0.45937500 -0.15000000 0.26250000
v 0.39687500 -0.17187500 0.30000000
v 0.21562500 -0.15000000 0.30000000
v 0.29687500 -0.15000000 0.30000000
v 0.45937500 -0.15000000 0.18750000
v 0.37812500 -0.15000000 0.26250000
v 0.45937500 -0.15000000 0.22500000
v 0.41875000 -0.15000000 0.26250000
v 0.27187500 -0.21562500 0.30000000
v 0.31562500 -0.17187500 0.30000000
v 0.33437500 -0.19375000 0.30000000
v 0.35625000 -0.17187500 0.30000000
v -0.10937500 -0.15000000 0.30000000
v -0.02812500 -0.15000000 0.30000000
v -0.06875000 -0.15000000 0.26250000
v -0.13125000 -0.17187500 0.30000000
v 0.13437500 -0.15000000 0.30000000
v 0.05312500 -0.15000000 0.30000000
v 0.01250000 -0.15000000 0.18750000
v 0.01250000 -0.15000000 0.26250000
v -0.02812500 -0.15000000 0.22500000
v -0.02812500 -0.15000000 0.26250000
v -0.17500000 -0.21562500 0.30000000
v -0.05000000 -0.17187500 0.30000000
v -0.15312500 -0.19375000 0.30000000
v -0.09062500 -0.17187500 0.30000000
v 0.45937500 -0.15000000 0.03750000
v 0.37812500 -0.15000000 0.11250000
v 0.45937500 -0.15000000 0.07500000
v 0.41875000 -0.15000000 0.03750000
v 0.21562500 -0.15000000 0.26250000
v 0.29687500 -0.15000000 0.18750000
v 0.25625000 -0.15000000 0.26250000
v 0.45937500 -0.15000000 0.15000000
v 0.37812500 -0.15000000 0.15000000
v 0.45937500 -0.15000000 0.11250000
v 0.41875000 -0.15000000 0.18750000
v 0.41875000 -0.15000000 0.11250000
v 0.33750000 -0.15000000 0.03750000
v 0.33750000 -0.15000000 0.11250000
v 0.37812500 -0.15000000 0.03750000
v 0.37812500 -0.15000000 0.07500000
v 0.33750000 -0.15000000 0.26250000
v 0.33750000 -0.15000000 0.18750000
v 0.29687500 -0.15000000 0.26250000
v 0.37812500 -0.15000000 0.22500000
v 0.29687500 -0.15000000 0.22500000
v 0.37812500 -0.15000000 0.18750000
v 0.02187500 -0.30312500 0.30000000
v 0.06562500 -0.25937500 0.30000000
v 0.08437500 -0.28125000 0.30000000
v -0.01875000 -0.30312500 0.30000000
v 0.15312500 -0.17187500 0.30000000
v 0.10937500 -0.21562500 0.30000000
v 0.19375000 -0.17187500 0.30000000
v 0.20937500 -0.23750000 0.30000000
v 0.12812500 -0.23750000 0.30000000
v 0.14687500 -0.25937500 0.30000000
v 0.23125000 -0.21562500 0.30000000
v 0.10625000 -0.25937500 0.30000000
v -0.10000000 -0.30312500 0.30000000
v 0.02500000 -0.25937500 0.30000000
v -0.05937500 -0.30312500 0.30000000
v 0.00312500 -0.28125000 0.30000000
v 0.27500000 -0.17187500 0.30000000
v 0.15000000 -0.21562500 0.30000000
v 0.23437500 -0.17187500 0.30000000
v 0.25312500 -0.19375000 0.30000000
v 0.17187500 -0.19375000 0.30000000
v 0.19062500 -0.21562500 0.30000000
v 0.17500000 -0.15000000 0.03750000
v 0.17500000 -0.15000000 0.11250000
v 0.13437500 -0.15000000 0.07500000
v 0.21562500 -0.15000000 0.03750000
v 0.17500000 -0.15000000 0.26250000
v 0.17500000 -0.15000000 0.18750000
v 0.13437500 -0.15000000 0.26250000
v 0.21562500 -0.15000000 0.22500000
v 0.05312500 -0.15000000 0.15000000
v 0.13437500 -0.15000000 0.15000000
v 0.09375000 -0.15000000 0.11250000
v 0.05312500 -0.15000000 0.18750000
v 0.13437500 -0.15000000 0.11250000
v 0.29687500 -0.15000000 0.03750000
v 0.21562500 -0.15000000 0.11250000
v 0.25625000 -0.15000000 0.03750000
v 0.29687500 -0.15000000 0.07500000
v 0.21562500 -0.15000000 0.07500000
v 0.05312500 -0.15000000 0.26250000
v 0.13437500 -0.15000000 0.18750000
v 0.09375000 -0.15000000 0.26250000
v 0.05312500 -0.15000000 0.22500000
v 0.13437500 -0.15000000 0.22500000
v 0.09375000 -0.15000000 0.18750000
v 0.29687500 -0.15000000 0.15000000
v 0.21562500 -0.15000000 0.15000000
v 0.25625000 -0.15000000 0.18750000
v 0.29687500 -0.15000000 0.11250000
v 0.21562500 -0.15000000 0.18750000
v 0.25625000 -0.15000000 0.11250000
v -0.26250000 -0.30312500 0.30000000
v -0.13750000 -0.25937500 0.30000000
v -0.24062500 -0.28125000 0.30000000
v -0.22187500 -0.30312500 0.30000000
v 0.11250000 -0.17187500 0.30000000
v -0.01250000 -0.21562500 0.30000000
v 0.07187500 -0.17187500 0.30000000
v 0.09062500 -0.19375000 0.30000000
v -0.19687500 -0.23750000 0.30000000
v -0.11562500 -0.23750000 0.30000000
v -0.21875000 -0.25937500 0.30000000
v -0.13437500 -0.21562500 0.30000000
v -0.17812500 -0.25937500 0.30000000
v -0.14062500 -0.30312500 0.30000000
v -0.09687500 -0.25937500 0.30000000
v -0.18125000 -0.30312500 0.30000000
v -0.07812500 -0.28125000 0.30000000
v -0.15937500 -0.28125000 0.30000000
v -0.00937500 -0.17187500 0.30000000
v -0.05312500 -0.21562500 0.30000000
v 0.03125000 -0.17187500 0.30000000
v -0.07187500 -0.19375000 0.30000000
v 0.00937500 -0.19375000 0.30000000
v -0.09375000 -0.21562500 0.30000000
v 0.04687500 -0.23750000 0.30000000
v -0.03437500 -0.23750000 0.30000000
v 0.06875000 -0.21562500 0.30000000
v -0.01562500 -0.25937500 0.30000000
v 0.02812500 -0.21562500 0.30000000
v -0.05625000 -0.25937500 0.30000000
v -0.15000000 -0.10937500 -0.26250000
v -0.15000000 -0.02812500 -0.18750000
v -0.15000000 -0.06875000 -0.26250000
v -0.15000000 -0.10937500 -0.22500000
v -0.15000000 0.13437500 -0.03750000
v -0.15000000 0.05312500 -0.11250000
v -0.15000000 0.01250000 -0.26250000
v -0.15000000 0.01250000 -0.18750000
v -0.15000000 -0.02812500 -0.26250000
v -0.15000000 -0.02812500 -0.22500000
v -0.15000000 -0.10937500 -0.15000000
v -0.15000000 -0.02812500 -0.15000000
v -0.15000000 -0.10937500 -0.18750000
v -0.15000000 -0.06875000 -0.18750000
v -0.15000000 0.45937500 0.26250000
v -0.15000000 0.37812500 0.18750000
v -0.15000000 0.21562500 0.03750000
v -0.15000000 0.29687500 0.11250000
v -0.15000000 0.17500000 -0.26250000
v -0.15000000 0.17500000 -0.18750000
v -0.15000000 0.13437500 -0.26250000
v -0.15000000 0.17500000 -0.03750000
v -0.15000000 0.17500000 -0.11250000
v -0.15000000 0.13437500 -0.07500000
v -0.15000000 0.05312500 -0.26250000
v -0.15000000 0.13437500 -0.18750000
v -0.15000000 0.09375000 -0.26250000
v -0.15000000 0.05312500 -0.22500000
v -0.15000000 0.13437500 -0.22500000
v -0.15000000 0.05312500 -0.15000000
v -0.15000000 0.13437500 -0.15000000
v -0.15000000 0.09375000 -0.11250000
v -0.15000000 0.05312500 -0.18750000
v -0.15000000 0.13437500 -0.11250000
v -0.15000000 0.09375000 -0.18750000
v -0.15000000 -0.10937500 0.00000000
v -0.15000000 -0.02812500 0.00000000
v -0.15000000 -0.10937500 -0.03750000
v -0.15000000 0.13437500 0.00000000
v -0.15000000 0.05312500 0.00000000
v -0.15000000 0.09375000 -0.03750000
v -0.15000000 -0.10937500 -0.11250000
v -0.15000000 -0.02812500 -0.03750000
v -0.15000000 -0.10937500 -0.07500000
v -0.15000000 -0.06875000 -0.11250000
v -0.15000000 -0.06875000 -0.03750000
v -0.15000000 0.01250000 -0.11250000
v -0.15000000 0.01250000 -0.03750000
v -0.15000000 0.05312500 -0.07500000
v -0.15000000 -0.02812500 -0.11250000
v -0.15000000 0.05312500 -0.03750000
v -0.15000000 -0.02812500 -0.07500000
v -0.15000000 0.50000000 -0.26250000
v -0.15000000 0.50000000 -0.18750000
v -0.15000000 0.45937500 -0.26250000
v -0.15000000 0.50000000 -0.03750000
v -0.15000000 0.50000000 -0.11250000
v -0.15000000 0.37812500 -0.26250000
v -0.15000000 0.45937500 -0.18750000
v -0.15000000 0.41875000 -0.26250000
v -0.15000000 0.45937500 -0.22500000
v -0.15000000 0.50000000 0.26250000
v -0.15000000 0.50000000 0.18750000
v -0.15000000 0.45937500 0.22500000
v -0.15000000 0.50000000 0.03750000
v -0.15000000 0.50000000 0.11250000
v -0.15000000 0.37812500 0.15000000
v -0.15000000 0.45937500 0.15000000
v -0.15000000 0.41875000 0.18750000
v -0.15000000 0.45937500 0.18750000
v -0.15000000 0.21562500 -0.26250000
v -0.15000000 0.29687500 -0.18750000
v -0.15000000 0.25625000 -0.26250000
v -0.15000000 0.21562500 -0.22500000
v -0.15000000 0.45937500 -0.03750000
v -0.15000000 0.37812500 -0.11250000
v -0.15000000 0.45937500 -0.07500000
v -0.15000000 0.33750000 -0.26250000
v -0.15000000 0.33750000 -0.18750000
v -0.15000000 0.29687500 -0.26250000
v -0.15000000 0.37812500 -0.22500000
v -0.15000000 0.29687500 -0.22500000
v -0.15000000 0.21562500 -0.15000000
v -0.15000000 0.29687500 -0.15000000
v -0.15000000 0.21562500 -0.18750000
v -0.15000000 0.25625000 -0.18750000
v -0.15000000 0.45937500 -0.15000000
v -0.15000000 0.37812500 -0.15000000
v -0.15000000 0.45937500 -0.11250000
v -0.15000000 0.41875000 -0.18750000
v -0.15000000 0.41875000 -0.11250000
v -0.15000000 0.37812500 -0.18750000
v -0.15000000 0.21562500 0.00000000
v -0.15000000 0.29687500 0.00000000
v -0.15000000 0.25625000 0.03750000
v -0.15000000 0.21562500 -0.03750000
v -0.15000000 0.45937500 0.00000000
v -0.15000000 0.37812500 0.00000000
v -0.15000000 0.45937500 0.03750000
v -0.15000000 0.41875000 -0.03750000
v -0.15000000 0.33750000 0.11250000
v -0.15000000 0.33750000 0.03750000
v -0.15000000 0.29687500 0.07500000
v -0.15000000 0.37812500 0.11250000
v -0.15000000 0.29687500 0.03750000
v -0.15000000 0.21562500 -0.11250000
v -0.15000000 0.29687500 -0.03750000
v -0.15000000 0.21562500 -0.07500000
v -0.15000000 0.25625000 -0.11250000
v -0.15000000 0.25625000 -0.03750000
v -0.15000000 0.45937500 0.11250000
v -0.15000000 0.37812500 0.03750000
v -0.15000000 0.45937500 0.07500000
v -0.15000000 0.41875000 0.11250000
v -0.15000000 0.41875000 0.03750000
v -0.15000000 0.37812500 0.07500000
v -0.15000000 0.33750000 -0.11250000
v -0.15000000 0.33750000 -0.03750000
v -0.15000000 0.37812500 -0.07500000
v -0.15000000 0.29687500 -0.11250000
v -0.15000000 0.37812500 -0.03750000
v -0.15000000 0.29687500 -0.07500000
v -0.47812500 -0.43750000 0.30000000
v -0.43437500 -0.31250000 0.30000000
v -0.45625000 -0.41562500 0.30000000
v -0.34687500 -0.06250000 0.30000000
v -0.39062500 -0.18750000 0.30000000
v -0.41250000 -0.37187500 0.30000000
v -0.41250000 -0.29062500 0.30000000
v -0.43437500 -0.39375000 0.30000000
v -0.43437500 -0.35312500 0.30000000
v -0.17187500 0.43750000 0.30000000
v -0.21562500 0.31250000 0.30000000
v -0.30312500 0.06250000 0.30000000
v -0.25937500 0.18750000 0.30000000
v -0.32500000 -0.28437500 0.30000000
v -0.32500000 -0.20312500 0.30000000
v -0.34687500 -0.30625000 0.30000000
v -0.32500000 -0.04062500 0.30000000
v -0.32500000 -0.12187500 0.30000000
v -0.34687500 -0.10312500 0.30000000
v -0.39062500 -0.35000000 0.30000000
v -0.34687500 -0.22500000 0.30000000
v -0.36875000 -0.32812500 0.30000000
v -0.39062500 -0.30937500 0.30000000
v -0.34687500 -0.26562500 0.30000000
v -0.39062500 -0.22812500 0.30000000
v -0.34687500 -0.18437500 0.30000000
v -0.36875000 -0.16562500 0.30000000
v -0.39062500 -0.26875000 0.30000000
v -0.34687500 -0.14375000 0.30000000
v -0.36875000 -0.24687500 0.30000000
v -0.15000000 -0.10937500 0.30000000
v -0.15000000 -0.02812500 0.30000000
v -0.15000000 -0.10937500 0.26250000
v -0.17187500 -0.13125000 0.30000000
v -0.15000000 0.13437500 0.30000000
v -0.15000000 0.05312500 0.30000000
v -0.15000000 -0.10937500 0.18750000
v -0.15000000 -0.02812500 0.26250000
v -0.15000000 -0.10937500 0.22500000
v -0.15000000 -0.06875000 0.26250000
v -0.21562500 -0.17500000 0.30000000
v -0.17187500 -0.05000000 0.30000000
v -0.19375000 -0.15312500 0.30000000
v -0.17187500 -0.09062500 0.30000000
v -0.15000000 0.45937500 0.30000000
v -0.15000000 0.37812500 0.30000000
v -0.15000000 0.41875000 0.26250000
v -0.17187500 0.39687500 0.30000000
v -0.15000000 0.21562500 0.30000000
v -0.15000000 0.29687500 0.30000000
v -0.15000000 0.33750000 0.18750000
v -0.15000000 0.33750000 0.26250000
v -0.15000000 0.37812500 0.22500000
v -0.15000000 0.37812500 0.26250000
v -0.21562500 0.27187500 0.30000000
v -0.17187500 0.31562500 0.30000000
v -0.19375000 0.33437500 0.30000000
v -0.17187500 0.35625000 0.30000000
v -0.15000000 -0.10937500 0.03750000
v -0.15000000 -0.02812500 0.11250000
v -0.15000000 -0.10937500 0.07500000
v -0.15000000 -0.06875000 0.03750000
v -0.15000000 0.13437500 0.26250000
v -0.15000000 0.05312500 0.18750000
v -0.15000000 0.09375000 0.26250000
v -0.15000000 -0.10937500 0.15000000
v -0.15000000 -0.02812500 0.15000000
v -0.15000000 -0.10937500 0.11250000
v -0.15000000 -0.06875000 0.18750000
v -0.15000000 -0.06875000 0.11250000
v -0.15000000 0.01250000 0.03750000
v -0.15000000 0.01250000 0.11250000
v -0.15000000 -0.02812500 0.03750000
v -0.15000000 -0.02812500 0.07500000
v -0.15000000 0.01250000 0.26250000
v -0.15000000 0.01250000 0.18750000
v -0.15000000 0.05312500 0.26250000
v -0.15000000 -0.02812500 0.22500000
v -0.15000000 0.05312500 0.22500000
v -0.15000000 -0.02812500 0.18750000
v -0.30312500 -0.26250000 0.30000000
v -0.25937500 -0.13750000 0.30000000
v -0.28125000 -0.24062500 0.30000000
v -0.30312500 -0.22187500 0.30000000
v -0.17187500 0.11250000 0.30000000
v -0.21562500 -0.01250000 0.30000000
v -0.17187500 0.07187500 0.30000000
v -0.23750000 -0.19687500 0.30000000
v -0.23750000 -0.11562500 0.30000000
v -0.25937500 -0.21875000 0.30000000
v -0.21562500 -0.13437500 0.30000000
v -0.25937500 -0.17812500 0.30000000
v -0.30312500 -0.14062500 0.30000000
v -0.25937500 -0.09687500 0.30000000
v -0.30312500 -0.18125000 0.30000000
v -0.28125000 -0.15937500 0.30000000
v -0.17187500 -0.00937500 0.30000000
v -0.21562500 -0.05312500 0.30000000
v -0.17187500 0.03125000 0.30000000
v -0.19375000 -0.07187500 0.30000000
v -0.19375000 0.00937500 0.30000000
v -0.21562500 -0.09375000 0.30000000
v -0.15000000 0.17500000 0.03750000
v -0.15000000 0.17500000 0.11250000
v -0.15000000 0.21562500 0.07500000
v -0.15000000 0.13437500 0.03750000
v -0.15000000 0.17500000 0.26250000
v -0.15000000 0.17500000 0.18750000
v -0.15000000 0.21562500 0.26250000
v -0.15000000 0.13437500 0.22500000
v -0.15000000 0.29687500 0.15000000
v -0.15000000 0.21562500 0.15000000
v -0.15000000 0.25625000 0.11250000
v -0.15000000 0.29687500 0.18750000
v -0.15000000 0.21562500 0.11250000
v -0.15000000 0.05312500 0.03750000
v -0.15000000 0.13437500 0.11250000
v -0.15000000 0.09375000 0.03750000
v -0.15000000 0.05312500 0.07500000
v -0.15000000 0.13437500 0.07500000
v -0.15000000 0.29687500 0.26250000
v -0.15000000 0.21562500 0.18750000
v -0.15000000 0.25625000 0.26250000
v -0.15000000 0.29687500 0.22500000
v -0.15000000 0.21562500 0.22500000
v -0.15000000 0.25625000 0.18750000
v -0.15000000 0.05312500 0.15000000
v -0.15000000 0.13437500 0.15000000
v -0.15000000 0.09375000 0.18750000
v -0.15000000 0.05312500 0.11250000
v -0.15000000 0.13437500 0.18750000
v -0.15000000 0.09375000 0.11250000
v -0.30312500 0.02187500 0.30000000
v -0.25937500 0.06562500 0.30000000
v -0.28125000 0.08437500 0.30000000
v -0.30312500 -0.01875000 0.30000000
v -0.17187500 0.15312500 0.30000000
v -0.21562500 0.10937500 0.30000000
v -0.17187500 0.19375000 0.30000000
v -0.19375000 0.09062500 0.30000000
v -0.23750000 0.20937500 0.30000000
v -0.23750000 0.12812500 0.30000000
v -0.25937500 0.14687500 0.30000000
v -0.21562500 0.23125000 0.30000000
v -0.25937500 0.10625000 0.30000000
v -0.30312500 -0.10000000 0.30000000
v -0.25937500 0.02500000 0.30000000
v -0.30312500 -0.05937500 0.30000000
v -0.28125000 -0.07812500 0.30000000
v -0.28125000 0.00312500 0.30000000
v -0.17187500 0.27500000 0.30000000
v -0.21562500 0.15000000 0.30000000
v -0.17187500 0.23437500 0.30000000
v -0.19375000 0.25312500 0.30000000
v -0.19375000 0.17187500 0.30000000
v -0.21562500 0.19062500 0.30000000
v -0.23750000 -0.03437500 0.30000000
v -0.23750000 0.04687500 0.30000000
v -0.21562500 0.02812500 0.30000000
v -0.25937500 -0.05625000 0.30000000
v -0.21562500 0.06875000 0.30000000
v -0.25937500 -0.01562500 0.30000000
v -0.17187500 0.50000000 -0.26250000
v -0.21562500 0.50000000 -0.18750000
v -0.19375000 0.50000000 -0.26250000
v -0.17187500 0.50000000 -0.22500000
v -0.30312500 0.50000000 -0.03750000
v -0.25937500 0.50000000 -0.11250000
v -0.23750000 0.50000000 -0.26250000
v -0.23750000 0.50000000 -0.18750000
v -0.21562500 0.50000000 -0.26250000
v -0.21562500 0.50000000 -0.22500000
v -0.17187500 0.50000000 -0.15000000
v -0.21562500 0.50000000 -0.15000000
v -0.17187500 0.50000000 -0.18750000
v -0.19375000 0.50000000 -0.18750000
v -0.47812500 0.50000000 0.26250000
v -0.43437500 0.50000000 0.18750000
v -0.34687500 0.50000000 0.03750000
v -0.39062500 0.50000000 0.11250000
v -0.32500000 0.50000000 -0.26250000
v -0.32500000 0.50000000 -0.18750000
v -0.30312500 0.50000000 -0.26250000
v -0.32500000 0.50000000 -0.03750000
v -0.32500000 0.50000000 -0.11250000
v -0.30312500 0.50000000 -0.07500000
v -0.25937500 0.50000000 -0.26250000
v -0.30312500 0.50000000 -0.18750000
v -0.28125000 0.50000000 -0.26250000
v -0.25937500 0.50000000 -0.22500000
v -0.30312500 0.50000000 -0.22500000
v -0.25937500 0.50000000 -0.15000000
v -0.30312500 0.50000000 -0.15000000
v -0.28125000 0.50000000 -0.11250000
v -0.25937500 0.50000000 -0.18750000
v -0.30312500 0.50000000 -0.11250000
v -0.28125000 0.50000000 -0.18750000
v -0.17187500 0.50000000 0.00000000
v -0.21562500 0.50000000 0.00000000
v -0.17187500 0.50000000 -0.03750000
v -0.30312500 0.50000000 0.00000000
v -0.25937500 0.50000000 0.00000000
v -0.28125000 0.50000000 -0.03750000
v -0.17187500 0.50000000 -0.11250000
v -0.21562500 0.50000000 -0.03750000
v -0.17187500 0.50000000 -0.07500000
v -0.19375000 0.50000000 -0.11250000
v -0.19375000 0.50000000 -0.03750000
v -0.23750000 0.50000000 -0.11250000
v -0.23750000 0.50000000 -0.03750000
v -0.25937500 0.50000000 -0.07500000
v -0.21562500 0.50000000 -0.11250000
v -0.25937500 0.50000000 -0.03750000
v -0.21562500 0.50000000 -0.07500000
v -0.50000000 0.50000000 -0.26250000
v -0.50000000 0.50000000 -0.18750000
v -0.47812500 0.50000000 -0.26250000
v -0.50000000 0.43750000 -0.22500000
v -0.50000000 0.50000000 -0.03750000
v -0.50000000 0.50000000 -0.11250000
v -0.43437500 0.50000000 -0.26250000
v -0.47812500 0.50000000 -0.18750000
v -0.45625000 0.50000000 -0.26250000
v -0.47812500 0.50000000 -0.22500000
v -0.50000000 0.31250000 -0.15000000
v -0.50000000 0.43750000 -0.15000000
v -0.50000000 0.37500000 -0.18750000
v -0.50000000 0.43750000 -0.18750000
v -0.50000000 0.50000000 0.26250000
v -0.50000000 0.50000000 0.18750000
v -0.47812500 0.50000000 0.22500000
v -0.50000000 0.50000000 0.03750000
v -0.50000000 0.50000000 0.11250000
v -0.43437500 0.50000000 0.15000000
v -0.47812500 0.50000000 0.15000000
v -0.45625000 0.50000000 0.18750000
v -0.47812500 0.50000000 0.18750000
v -0.34687500 0.50000000 -0.26250000
v -0.39062500 0.50000000 -0.18750000
v -0.36875000 0.50000000 -0.26250000
v -0.34687500 0.50000000 -0.22500000
v -0.47812500 0.50000000 -0.03750000
v -0.43437500 0.50000000 -0.11250000
v -0.47812500 0.50000000 -0.07500000
v -0.41250000 0.50000000 -0.26250000
v -0.41250000 0.50000000 -0.18750000
v -0.39062500 0.50000000 -0.26250000
v -0.43437500 0.50000000 -0.22500000
v -0.39062500 0.50000000 -0.22500000
v -0.34687500 0.50000000 -0.15000000
v -0.39062500 0.50000000 -0.15000000
v -0.34687500 0.50000000 -0.18750000
v -0.36875000 0.50000000 -0.18750000
v -0.47812500 0.50000000 -0.15000000
v -0.43437500 0.50000000 -0.15000000
v -0.47812500 0.50000000 -0.11250000
v -0.45625000 0.50000000 -0.18750000
v -0.45625000 0.50000000 -0.11250000
v -0.43437500 0.50000000 -0.18750000
v -0.50000000 0.06250000 0.00000000
v -0.50000000 0.18750000 0.00000000
v -0.50000000 0.12500000 -0.03750000
v -0.50000000 0.43750000 0.00000000
v -0.50000000 0.31250000 0.00000000
v -0.50000000 0.43750000 -0.03750000
v -0.50000000 0.25000000 -0.11250000
v -0.50000000 0.25000000 -0.03750000
v -0.50000000 0.18750000 -0.07500000
v -0.50000000 0.31250000 -0.11250000
v -0.50000000 0.18750000 -0.03750000
v -0.50000000 0.43750000 -0.11250000
v -0.50000000 0.31250000 -0.03750000
v -0.50000000 0.43750000 -0.07500000
v -0.50000000 0.37500000 -0.11250000
v -0.50000000 0.37500000 -0.03750000
v -0.50000000 0.31250000 -0.07500000
v -0.34687500 0.50000000 0.00000000
v -0.39062500 0.50000000 0.00000000
v -0.36875000 0.50000000 0.03750000
v -0.34687500 0.50000000 -0.03750000
v -0.47812500 0.50000000 0.00000000
v -0.43437500 0.50000000 0.00000000
v -0.47812500 0.50000000 0.03750000
v -0.45625000 0.50000000 -0.03750000
v -0.41250000 0.50000000 0.11250000
v -0.41250000 0.50000000 0.03750000
v -0.39062500 0.50000000 0.07500000
v -0.43437500 0.50000000 0.11250000
v -0.39062500 0.50000000 0.03750000
v -0.34687500 0.50000000 -0.11250000
v -0.39062500 0.50000000 -0.03750000
v -0.34687500 0.50000000 -0.07500000
v -0.36875000 0.50000000 -0.11250000
v -0.36875000 0.50000000 -0.03750000
v -0.47812500 0.50000000 0.11250000
v -0.43437500 0.50000000 0.03750000
v -0.47812500 0.50000000 0.07500000
v -0.45625000 0.50000000 0.11250000
v -0.45625000 0.50000000 0.03750000
v -0.43437500 0.50000000 0.07500000
v -0.41250000 0.50000000 -0.11250000
v -0.41250000 0.50000000 -0.03750000
v -0.43437500 0.50000000 -0.07500000
v -0.39062500 0.50000000 -0.11250000
v -0.43437500 0.50000000 -0.03750000
v -0.39062500 0.50000000 -0.07500000
v -0.50000000 -0.43750000 0.30000000
v -0.50000000 -0.31250000 0.30000000
v -0.50000000 -0.37500000 0.26250000
v -0.47812500 -0.37500000 0.30000000
v -0.50000000 -0.06250000 0.30000000
v -0.50000000 -0.18750000 0.30000000
v -0.50000000 -0.25000000 0.18750000
v -0.50000000 -0.25000000 0.26250000
v -0.50000000 -0.31250000 0.22500000
v -0.50000000 -0.31250000 0.26250000
v -0.43437500 -0.25000000 0.30000000
v -0.47812500 -0.25000000 0.30000000
v -0.45625000 -0.31250000 0.30000000
v -0.47812500 -0.31250000 0.30000000
v -0.50000000 0.43750000 0.30000000
v -0.50000000 0.31250000 0.30000000
v -0.50000000 0.43750000 0.26250000
v -0.50000000 0.06250000 0.30000000
v -0.50000000 0.18750000 0.30000000
v -0.50000000 0.43750000 0.18750000
v -0.50000000 0.31250000 0.26250000
v -0.50000000 0.43750000 0.22500000
v -0.50000000 0.37500000 0.26250000
v -0.50000000 0.00000000 0.03750000
v -0.50000000 0.00000000 0.11250000
v -0.50000000 -0.06250000 0.07500000
v -0.50000000 0.06250000 0.03750000
v -0.50000000 0.00000000 0.26250000
v -0.50000000 0.00000000 0.18750000
v -0.50000000 -0.06250000 0.26250000
v -0.50000000 -0.18750000 0.15000000
v -0.50000000 -0.06250000 0.15000000
v -0.50000000 -0.12500000 0.11250000
v -0.50000000 -0.18750000 0.18750000
v -0.50000000 -0.06250000 0.11250000
v -0.50000000 0.18750000 0.03750000
v -0.50000000 0.06250000 0.11250000
v -0.50000000 0.12500000 0.03750000
v -0.50000000 0.06250000 0.07500000
v -0.50000000 -0.18750000 0.26250000
v -0.50000000 -0.06250000 0.18750000
v -0.50000000 -0.12500000 0.26250000
v -0.50000000 -0.18750000 0.22500000
v -0.50000000 -0.06250000 0.22500000
v -0.50000000 -0.12500000 0.18750000
v -0.34687500 0.00000000 0.30000000
v -0.39062500 0.00000000 0.30000000
v -0.36875000 -0.06250000 0.30000000
v -0.47812500 0.00000000 0.30000000
v -0.43437500 0.00000000 0.30000000
v -0.47812500 -0.06250000 0.30000000
v -0.41250000 -0.18750000 0.30000000
v -0.41250000 -0.06250000 0.30000000
v -0.39062500 -0.12500000 0.30000000
v -0.43437500 -0.18750000 0.30000000
v -0.39062500 -0.06250000 0.30000000
v -0.47812500 -0.18750000 0.30000000
v -0.43437500 -0.06250000 0.30000000
v -0.47812500 -0.12500000 0.30000000
v -0.45625000 -0.18750000 0.30000000
v -0.45625000 -0.06250000 0.30000000
v -0.43437500 -0.12500000 0.30000000
v -0.50000000 0.43750000 0.03750000
v -0.50000000 0.31250000 0.11250000
v -0.50000000 0.43750000 0.07500000
v -0.50000000 0.37500000 0.03750000
v -0.50000000 0.06250000 0.26250000
v -0.50000000 0.18750000 0.18750000
v -0.50000000 0.12500000 0.26250000
v -0.50000000 0.06250000 0.22500000
v -0.50000000 0.43750000 0.15000000
v -0.50000000 0.31250000 0.15000000
v -0.50000000 0.43750000 0.11250000
v -0.50000000 0.37500000 0.18750000
v -0.50000000 0.37500000 0.11250000
v -0.50000000 0.25000000 0.03750000
v -0.50000000 0.25000000 0.11250000
v -0.50000000 0.31250000 0.03750000
v -0.50000000 0.18750000 0.07500000
v -0.50000000 0.31250000 0.07500000
v -0.50000000 0.25000000 0.26250000
v -0.50000000 0.25000000 0.18750000
v -0.50000000 0.18750000 0.26250000
v -0.50000000 0.31250000 0.22500000
v -0.50000000 0.18750000 0.22500000
v -0.50000000 0.31250000 0.18750000
v -0.50000000 0.06250000 0.15000000
v -0.50000000 0.18750000 0.15000000
v -0.50000000 0.06250000 0.18750000
v -0.50000000 0.12500000 0.11250000
v -0.50000000 0.12500000 0.18750000
v -0.50000000 0.18750000 0.11250000
v -0.17187500 0.50000000 0.30000000
v -0.21562500 0.50000000 0.30000000
v -0.17187500 0.50000000 0.26250000
v -0.19375000 0.43750000 0.30000000
v -0.30312500 0.50000000 0.30000000
v -0.25937500 0.50000000 0.30000000
v -0.17187500 0.50000000 0.18750000
v -0.21562500 0.50000000 0.26250000
v -0.17187500 0.50000000 0.22500000
v -0.19375000 0.50000000 0.26250000
v -0.23750000 0.31250000 0.30000000
v -0.23750000 0.43750000 0.30000000
v -0.21562500 0.37500000 0.30000000
v -0.21562500 0.43750000 0.30000000
v -0.47812500 0.50000000 0.30000000
v -0.43437500 0.50000000 0.30000000
v -0.45625000 0.50000000 0.26250000
v -0.47812500 0.43750000 0.30000000
v -0.34687500 0.50000000 0.30000000
v -0.39062500 0.50000000 0.30000000
v -0.41250000 0.50000000 0.18750000
v -0.41250000 0.50000000 0.26250000
v -0.43437500 0.50000000 0.22500000
v -0.43437500 0.50000000 0.26250000
v -0.47812500 0.31250000 0.30000000
v -0.43437500 0.43750000 0.30000000
v -0.47812500 0.37500000 0.30000000
v -0.45625000 0.43750000 0.30000000
v -0.17187500 0.50000000 0.03750000
v -0.21562500 0.50000000 0.11250000
v -0.17187500 0.50000000 0.07500000
v -0.19375000 0.50000000 0.03750000
v -0.30312500 0.50000000 0.26250000
v -0.25937500 0.50000000 0.18750000
v -0.28125000 0.50000000 0.26250000
v -0.17187500 0.50000000 0.15000000
v -0.21562500 0.50000000 0.15000000
v -0.17187500 0.50000000 0.11250000
v -0.19375000 0.50000000 0.18750000
v -0.19375000 0.50000000 0.11250000
v -0.23750000 0.50000000 0.03750000
v -0.23750000 0.50000000 0.11250000
v -0.21562500 0.50000000 0.03750000
v -0.21562500 0.50000000 0.07500000
v -0.23750000 0.50000000 0.26250000
v -0.23750000 0.50000000 0.18750000
v -0.25937500 0.50000000 0.26250000
v -0.21562500 0.50000000 0.22500000
v -0.25937500 0.50000000 0.22500000
v -0.21562500 0.50000000 0.18750000
v -0.32500000 0.06250000 0.30000000
v -0.32500000 0.18750000 0.30000000
v -0.30312500 0.12500000 0.30000000
v -0.34687500 0.06250000 0.30000000
v -0.32500000 0.43750000 0.30000000
v -0.32500000 0.31250000 0.30000000
v -0.30312500 0.43750000 0.30000000
v -0.25937500 0.25000000 0.30000000
v -0.30312500 0.25000000 0.30000000
v -0.28125000 0.18750000 0.30000000
v -0.25937500 0.31250000 0.30000000
v -0.30312500 0.18750000 0.30000000
v -0.39062500 0.06250000 0.30000000
v -0.34687500 0.18750000 0.30000000
v -0.36875000 0.06250000 0.30000000
v -0.34687500 0.12500000 0.30000000
v -0.25937500 0.43750000 0.30000000
v -0.30312500 0.31250000 0.30000000
v -0.28125000 0.43750000 0.30000000
v -0.25937500 0.37500000 0.30000000
v -0.30312500 0.37500000 0.30000000
v -0.28125000 0.31250000 0.30000000
v -0.32500000 0.50000000 0.03750000
v -0.32500000 0.50000000 0.11250000
v -0.34687500 0.50000000 0.07500000
v -0.30312500 0.50000000 0.03750000
v -0.32500000 0.50000000 0.26250000
v -0.32500000 0.50000000 0.18750000
v -0.34687500 0.50000000 0.26250000
v -0.30312500 0.50000000 0.22500000
v -0.39062500 0.50000000 0.15000000
v -0.34687500 0.50000000 0.15000000
v -0.36875000 0.50000000 0.11250000
v -0.39062500 0.50000000 0.18750000
v -0.34687500 0.50000000 0.11250000
v -0.25937500 0.50000000 0.03750000
v -0.30312500 0.50000000 0.11250000
v -0.28125000 0.50000000 0.03750000
v -0.25937500 0.50000000 0.07500000
v -0.30312500 0.50000000 0.07500000
v -0.39062500 0.50000000 0.26250000
v -0.34687500 0.50000000 0.18750000
v -0.36875000 0.50000000 0.26250000
v -0.39062500 0.50000000 0.22500000
v -0.34687500 0.50000000 0.22500000
v -0.36875000 0.50000000 0.18750000
v -0.25937500 0.50000000 0.15000000
v -0.30312500 0.50000000 0.15000000
v -0.28125000 0.50000000 0.18750000
v -0.25937500 0.50000000 0.11250000
v -0.30312500 0.50000000 0.18750000
v -0.28125000 0.50000000 0.11250000
v -0.47812500 0.06250000 0.30000000
v -0.43437500 0.18750000 0.30000000
v -0.47812500 0.12500000 0.30000000
v -0.45625000 0.06250000 0.30000000
v -0.34687500 0.43750000 0.30000000
v -0.39062500 0.31250000 0.30000000
v -0.36875000 0.43750000 0.30000000
v -0.34687500 0.37500000 0.30000000
v -0.47812500 0.25000000 0.30000000
v -0.43437500 0.25000000 0.30000000
v -0.47812500 0.18750000 0.30000000
v -0.45625000 0.31250000 0.30000000
v -0.45625000 0.18750000 0.30000000
v -0.41250000 0.06250000 0.30000000
v -0.41250000 0.18750000 0.30000000
v -0.43437500 0.06250000 0.30000000
v -0.39062500 0.12500000 0.30000000
v -0.43437500 0.12500000 0.30000000
v -0.41250000 0.43750000 0.30000000
v -0.41250000 0.31250000 0.30000000
v -0.39062500 0.43750000 0.30000000
v -0.43437500 0.37500000 0.30000000
v -0.39062500 0.37500000 0.30000000
v -0.43437500 0.31250000 0.30000000
v -0.34687500 0.25000000 0.30000000
v -0.39062500 0.25000000 0.30000000
v -0.34687500 0.31250000 0.30000000
v -0.36875000 0.18750000 0.30000000
v -0.36875000 0.31250000 0.30000000
v -0.39062500 0.18750000 0.30000000
f 7 1273 1465
f 1273 328 1467
f 1465 1467 376
f 1273 1467 1465
f 328 1274 1472
f 1274 88 1470
f 1472 1470 378
f 1274 1470 1472
f 376 1473 1466
f 1473 378 1471
f 1466 1471 100
f 1473 1471 1466
f 328 1472 1467
f 1472 378 1473
f 1467 1473 376
f 1472 1473 1467
f 88 1277 1484
f 1277 329 1486
f 1484 1486 383
f 1277 1486 1484
f 329 1276 1480
f 1276 26 1478
f 1480 1478 381
f 1276 1478 1480
f 383 1488 1485
f 1488 381 1479
f 1485 1479 102
f 1488 1479 1485
f 329 1480 1486
f 1480 381 1488
f 1486 1488 383
f 1480 1488 1486
f 100 1489 1469
f 1489 384 1491
f 1469 1491 377
f 1489 1491 1469
f 384 1490 1493
f 1490 102 1482
f 1493 1482 382
f 1490 1482 1493
f 377 1483 1468
f 1483 382 1481
f 1468 1481 29
f 1483 1481 1468
f 384 1493 1491
f 1493 382 1483
f 1491 1483 377
f 1493 1483 1491
f 88 1484 1470
f 1484 383 1487
f 1470 1487 378
f 1484 1487 1470
f 383 1485 1494
f 1485 102 1490
f 1494 1490 384
f 1485 1490 1494
f 378 1492 1471
f 1492 384 1489
f 1471 1489 100
f 1492 1489 1471
f 383 1494 1487
f 1494 384 1492
f 1487 1492 378
f 1494 1492 1487
f 26 1285 1545
f 1285 332 1547
f 1545 1547 398
f 1285 1547 1545
f 332 1286 1554
f 1286 89 1552
f 1554 1552 400
f 1286 1552 1554
f 398 1556 1546
f 1556 400 1553
f 1546 1553 106
f 1556 1553 1546
f 332 1554 1547
f 1554 400 1556
f 1547 1556 398
f 1554 1556 1547
f 89 1283 1505
f 1283 331 1507
f 1505 1507 388
f 1283 1507 1505
f 331 1282 1498
f 1282 8 1495
f 1498 1495 385
f 1282 1495 1498
f 388 1508 1506
f 1508 385 1496
f 1506 1496 103
f 1508 1496 1506
f 331 1498 1507
f 1498 385 1508
f 1507 1508 388
f 1498 1508 1507
f 106 1562 1550
f 1562 402 1565
f 1550 1565 399
f 1562 1565 1550
f 402 1561 1563
f 1561 103 1500
f 1563 1500 386
f 1561 1500 1563
f 399 1551 1549
f 1551 386 1499
f 1549 1499 30
f 1551 1499 1549
f 402 1563 1565
f 1563 386 1551
f 1565 1551 399
f 1563 1551 1565
f 89 1505 1552
f 1505 388 1555
f 1552 1555 400
f 1505 1555 1552
f 388 1506 1564
f 1506 103 1561
f 1564 1561 402
f 1506 1561 1564
f 400 1566 1553
f 1566 402 1562
f 1553 1562 106
f 1566 1562 1553
f 388 1564 1555
f 1564 402 1566
f 1555 1566 400
f 1564 1566 1555
f 29 1597 1476
f 1597 409 1599
f 1476 1599 380
f 1597 1599 1476
f 409 1598 1609
f 1598 108 1606
f 1609 1606 411
f 1598 1606 1609
f 380 1607 1477
f 1607 411 1605
f 1477 1605 101
f 1607 1605 1477
f 409 1609 1599
f 1609 411 1607
f 1599 1607 380
f 1609 1607 1599
f 108 1602 1616
f 1602 410 1619
f 1616 1619 413
f 1602 1619 1616
f 410 1601 1603
f 1601 30 1513
f 1603 1513 390
f 1601 1513 1603
f 413 1617 1615
f 1617 390 1514
f 1615 1514 104
f 1617 1514 1615
f 410 1603 1619
f 1603 390 1617
f 1619 1617 413
f 1603 1617 1619
f 101 1519 1475
f 1519 392 1521
f 1475 1521 379
f 1519 1521 1475
f 392 1520 1522
f 1520 104 1510
f 1522 1510 389
f 1520 1510 1522
f 379 1512 1474
f 1512 389 1509
f 1474 1509 9
f 1512 1509 1474
f 392 1522 1521
f 1522 389 1512
f 1521 1512 379
f 1522 1512 1521
f 108 1616 1606
f 1616 413 1620
f 1606 1620 411
f 1616 1620 1606
f 413 1615 1618
f 1615 104 1520
f 1618 1520 392
f 1615 1520 1618
f 411 1608 1605
f 1608 392 1519
f 1605 1519 101
f 1608 1519 1605
f 413 1618 1620
f 1618 392 1608
f 1620 1608 411
f 1618 1608 1620
f 26 1545 1478
f 1545 398 1548
f 1478 1548 381
f 1545 1548 1478
f 398 1546 1560
f 1546 106 1558
f 1560 1558 401
f 1546 1558 1560
f 381 1559 1479
f 1559 401 1557
f 1479 1557 102
f 1559 1557 1479
f 398 1560 1548
f 1560 401 1559
f 1548 1559 381
f 1560 1559 1548
f 106 1550 1621
f 1550 399 1623
f 1621 1623 414
f 1550 1623 1621
f 399 1549 1604
f 1549 30 1601
f 1604 1601 410
f 1549 1601 1604
f 414 1625 1622
f 1625 410 1602
f 1622 1602 108
f 1625 1602 1622
f 399 1604 1623
f 1604 410 1625
f 1623 1625 414
f 1604 1625 1623
f 102 1610 1482
f 1610 412 1612
f 1482 1612 382
f 1610 1612 1482
f 412 1611 1614
f 1611 108 1598
f 1614 1598 409
f 1611 1598 1614
f 382 1600 1481
f 1600 409 1597
f 1481 1597 29
f 1600 1597 1481
f 412 1614 1612
f 1614 409 1600
f 1612 1600 382
f 1614 1600 1612
f 106 1621 1558
f 1621 414 1624
f 1558 1624 401
f 1621 1624 1558
f 414 1622 1626
f 1622 108 1611
f 1626 1611 412
f 1622 1611 1626
f 401 1613 1557
f 1613 412 1610
f 1557 1610 102
f 1613 1610 1557
f 414 1626 1624
f 1626 412 1613
f 1624 1613 401
f 1626 1613 1624
f 1 651 643
f 651 167 653
f 643 653 163
f 651 653 643
f 167 652 659
f 652 45 657
f 659 657 169
f 652 657 659
f 163 658 644
f 658 169 656
f 644 656 43
f 658 656 644
f 167 659 653
f 659 169 658
f 653 658 163
f 659 658 653
f 45 655 675
f 655 168 677
f 675 677 175
f 655 677 675
f 168 654 669
f 654 14 667
f 669 667 173
f 654 667 669
f 175 679 676
f 679 173 668
f 676 668 47
f 679 668 676
f 168 669 677
f 669 173 679
f 677 679 175
f 669 679 677
f 43 670 646
f 670 174 672
f 646 672 164
f 670 672 646
f 174 671 674
f 671 47 665
f 674 665 172
f 671 665 674
f 164 666 645
f 666 172 664
f 645 664 13
f 666 664 645
f 174 674 672
f 674 172 666
f 672 666 164
f 674 666 672
f 45 675 657
f 675 175 678
f 657 678 169
f 675 678 657
f 175 676 680
f 676 47 671
f 680 671 174
f 676 671 680
f 169 673 656
f 673 174 670
f 656 670 43
f 673 670 656
f 175 680 678
f 680 174 673
f 678 673 169
f 680 673 678
f 14 662 721
f 662 171 723
f 721 723 187
f 662 723 721
f 171 663 731
f 663 46 729
f 731 729 189
f 663 729 731
f 187 733 722
f 733 189 730
f 722 730 51
f 733 730 722
f 171 731 723
f 731 189 733
f 723 733 187
f 731 733 723
f 46 661 695
f 661 170 697
f 695 697 181
f 661 697 695
f 170 660 692
f 660 3 690
f 692 690 179
f 660 690 692
f 181 698 696
f 698 179 691
f 696 691 49
f 698 691 696
f 170 692 697
f 692 179 698
f 697 698 181
f 692 698 697
f 51 740 726
f 740 191 743
f 726 743 188
f 740 743 726
f 191 739 741
f 739 49 694
f 741 694 180
f 739 694 741
f 188 727 725
f 727 180 693
f 725 693 15
f 727 693 725
f 191 741 743
f 741 180 727
f 743 727 188
f 741 727 743
f 46 695 729
f 695 181 732
f 729 732 189
f 695 732 729
f 181 696 742
f 696 49 739
f 742 739 191
f 696 739 742
f 189 744 730
f 744 191 740
f 730 740 51
f 744 740 730
f 181 742 732
f 742 191 744
f 732 744 189
f 742 744 732
f 13 699 649
f 699 182 701
f 649 701 166
f 699 701 649
f 182 700 710
f 700 50 707
f 710 707 184
f 700 707 710
f 166 708 650
f 708 184 706
f 650 706 44
f 708 706 650
f 182 710 701
f 710 184 708
f 701 708 166
f 710 708 701
f 50 704 716
f 704 183 719
f 716 719 186
f 704 719 716
f 183 703 705
f 703 15 684
f 705 684 177
f 703 684 705
f 186 717 715
f 717 177 685
f 715 685 48
f 717 685 715
f 183 705 719
f 705 177 717
f 719 717 186
f 705 717 719
f 44 686 648
f 686 178 688
f 648 688 165
f 686 688 648
f 178 687 689
f 687 48 682
f 689 682 176
f 687 682 689
f 165 683 647
f 683 176 681
f 647 681 2
f 683 681 647
f 178 689 688
f 689 176 683
f 688 683 165
f 689 683 688
f 50 716 707
f 716 186 720
f 707 720 184
f 716 720 707
f 186 715 718
f 715 48 687
f 718 687 178
f 715 687 718
f 184 709 706
f 709 178 686
f 706 686 44
f 709 686 706
f 186 718 720
f 718 178 709
f 720 709 184
f 718 709 720
f 14 721 667
f 721 187 724
f 667 724 173
f 721 724 667
f 187 722 738
f 722 51 735
f 738 735 190
f 722 735 738
f 173 736 668
f 736 190 734
f 668 734 47
f 736 734 668
f 187 738 724
f 738 190 736
f 724 736 173
f 738 736 724
f 51 726 746
f 726 188 749
f 746 749 192
f 726 749 746
f 188 725 728
f 725 15 703
f 728 703 183
f 725 703 728
f 192 747 745
f 747 183 704
f 745 704 50
f 747 704 745
f 188 728 749
f 728 183 747
f 749 747 192
f 728 747 749
f 47 711 665
f 711 185 713
f 665 713 172
f 711 713 665
f 185 712 714
f 712 50 700
f 714 700 182
f 712 700 714
f 172 702 664
f 702 182 699
f 664 699 13
f 702 699 664
f 185 714 713
f 714 182 702
f 713 702 172
f 714 702 713
f 51 746 735
f 746 192 750
f 735 750 190
f 746 750 735
f 192 745 748
f 745 50 712
f 748 712 185
f 745 712 748
f 190 737 734
f 737 185 711
f 734 711 47
f 737 711 734
f 192 748 750
f 748 185 737
f 750 737 190
f 748 737 750
f 7 1465 1749
f 1465 376 1751
f 1749 1751 446
f 1465 1751 1749
f 376 1466 1756
f 1466 100 1754
f 1756 1754 448
f 1466 1754 1756
f 446 1757 1750
f 1757 448 1755
f 1750 1755 117
f 1757 1755 1750
f 376 1756 1751
f 1756 448 1757
f 1751 1757 446
f 1756 1757 1751
f 100 1469 1768
f 1469 377 1770
f 1768 1770 453
f 1469 1770 1768
f 377 1468 1764
f 1468 29 1762
f 1764 1762 451
f 1468 1762 1764
f 453 1772 1769
f 1772 451 1763
f 1769 1763 119
f 1772 1763 1769
f 377 1764 1770
f 1764 451 1772
f 1770 1772 453
f 1764 1772 1770
f 117 1773 1753
f 1773 454 1775
f 1753 1775 447
f 1773 1775 1753
f 454 1774 1777
f 1774 119 1766
f 1777 1766 452
f 1774 1766 1777
f 447 1767 1752
f 1767 452 1765
f 1752 1765 33
f 1767 1765 1752
f 454 1777 1775
f 1777 452 1767
f 1775 1767 447
f 1777 1767 1775
f 100 1768 1754
f 1768 453 1771
f 1754 1771 448
f 1768 1771 1754
f 453 1769 1778
f 1769 119 1774
f 1778 1774 454
f 1769 1774 1778
f 448 1776 1755
f 1776 454 1773
f 1755 1773 117
f 1776 1773 1755
f 453 1778 1771
f 1778 454 1776
f 1771 1776 448
f 1778 1776 1771
f 29 1476 1829
f 1476 380 1831
f 1829 1831 468
f 1476 1831 1829
f 380 1477 1838
f 1477 101 1836
f 1838 1836 470
f 1477 1836 1838
f 468 1840 1830
f 1840 470 1837
f 1830 1837 123
f 1840 1837 1830
f 380 1838 1831
f 1838 470 1840
f 1831 1840 468
f 1838 1840 1831
f 101 1475 1789
f 1475 379 1791
f 1789 1791 458
f 1475 1791 1789
f 379 1474 1782
f 1474 9 1779
f 1782 1779 455
f 1474 1779 1782
f 458 1792 1790
f 1792 455 1780
f 1790 1780 120
f 1792 1780 1790
f 379 1782 1791
f 1782 455 1792
f 1791 1792 458
f 1782 1792 1791
f 123 1846 1834
f 1846 472 1849
f 1834 1849 469
f 1846 1849 1834
f 472 1845 1847
f 1845 120 1784
f 1847 1784 456
f 1845 1784 1847
f 469 1835 1833
f 1835 456 1783
f 1833 1783 34
f 1835 1783 1833
f 472 1847 1849
f 1847 456 1835
f 1849 1835 469
f 1847 1835 1849
f 101 1789 1836
f 1789 458 1839
f 1836 1839 470
f 1789 1839 1836
f 458 1790 1848
f 1790 120 1845
f 1848 1845 472
f 1790 1845 1848
f 470 1850 1837
f 1850 472 1846
f 1837 1846 123
f 1850 1846 1837
f 458 1848 1839
f 1848 472 1850
f 1839 1850 470
f 1848 1850 1839
f 33 1881 1760
f 1881 479 1883
f 1760 1883 450
f 1881 1883 1760
f 479 1882 1893
f 1882 125 1890
f 1893 1890 481
f 1882 1890 1893
f 450 1891 1761
f 1891 481 1889
f 1761 1889 118
f 1891 1889 1761
f 479 1893 1883
f 1893 481 1891
f 1883 1891 450
f 1893 1891 1883
f 125 1886 1900
f 1886 480 1903
f 1900 1903 483
f 1886 1903 1900
f 480 1885 1887
f 1885 34 1797
f 1887 1797 460
f 1885 1797 1887
f 483 1901 1899
f 1901 460 1798
f 1899 1798 121
f 1901 1798 1899
f 480 1887 1903
f 1887 460 1901
f 1903 1901 483
f 1887 1901 1903
f 118 1803 1759
f 1803 462 1805
f 1759 1805 449
f 1803 1805 1759
f 462 1804 1806
f 1804 121 1794
f 1806 1794 459
f 1804 1794 1806
f 449 1796 1758
f 1796 459 1793
f 1758 1793 10
f 1796 1793 1758
f 462 1806 1805
f 1806 459 1796
f 1805 1796 449
f 1806 1796 1805
f 125 1900 1890
f 1900 483 1904
f 1890 1904 481
f 1900 1904 1890
f 483 1899 1902
f 1899 121 1804
f 1902 1804 462
f 1899 1804 1902
f 481 1892 1889
f 1892 462 1803
f 1889 1803 118
f 1892 1803 1889
f 483 1902 1904
f 1902 462 1892
f 1904 1892 481
f 1902 1892 1904
f 29 1829 1762
f 1829 468 1832
f 1762 1832 451
f 1829 1832 1762
f 468 1830 1844
f 1830 123 1842
f 1844 1842 471
f 1830 1842 1844
f 451 1843 1763
f 1843 471 1841
f 1763 1841 119
f 1843 1841 1763
f 468 1844 1832
f 1844 471 1843
f 1832 1843 451
f 1844 1843 1832
f 123 1834 1905
f 1834 469 1907
f 1905 1907 484
f 1834 1907 1905
f 469 1833 1888
f 1833 34 1885
f 1888 1885 480
f 1833 1885 1888
f 484 1909 1906
f 1909 480 1886
f 1906 1886 125
f 1909 1886 1906
f 469 1888 1907
f 1888 480 1909
f 1907 1909 484
f 1888 1909 1907
f 119 1894 1766
f 1894 482 1896
f 1766 1896 452
f 1894 1896 1766
f 482 1895 1898
f 1895 125 1882
f 1898 1882 479
f 1895 1882 1898
f 452 1884 1765
f 1884 479 1881
f 1765 1881 33
f 1884 1881 1765
f 482 1898 1896
f 1898 479 1884
f 1896 1884 452
f 1898 1884 1896
f 123 1905 1842
f 1905 484 1908
f 1842 1908 471
f 1905 1908 1842
f 484 1906 1910
f 1906 125 1895
f 1910 1895 482
f 1906 1895 1910
f 471 1897 1841
f 1897 482 1894
f 1841 1894 119
f 1897 1894 1841
f 484 1910 1908
f 1910 482 1897
f 1908 1897 471
f 1910 1897 1908
f 1 751 651
f 751 193 753
f 651 753 167
f 751 753 651
f 193 752 759
f 752 52 757
f 759 757 195
f 752 757 759
f 167 758 652
f 758 195 756
f 652 756 45
f 758 756 652
f 193 759 753
f 759 195 758
f 753 758 167
f 759 758 753
f 52 755 775
f 755 194 777
f 775 777 201
f 755 777 775
f 194 754 769
f 754 16 767
f 769 767 199
f 754 767 769
f 201 779 776
f 779 199 768
f 776 768 54
f 779 768 776
f 194 769 777
f 769 199 779
f 777 779 201
f 769 779 777
f 45 770 655
f 770 200 772
f 655 772 168
f 770 772 655
f 200 771 774
f 771 54 765
f 774 765 198
f 771 765 774
f 168 766 654
f 766 198 764
f 654 764 14
f 766 764 654
f 200 774 772
f 774 198 766
f 772 766 168
f 774 766 772
f 52 775 757
f 775 201 778
f 757 778 195
f 775 778 757
f 201 776 780
f 776 54 771
f 780 771 200
f 776 771 780
f 195 773 756
f 773 200 770
f 756 770 45
f 773 770 756
f 201 780 778
f 780 200 773
f 778 773 195
f 780 773 778
f 16 762 821
f 762 197 823
f 821 823 213
f 762 823 821
f 197 763 831
f 763 53 829
f 831 829 215
f 763 829 831
f 213 833 822
f 833 215 830
f 822 830 58
f 833 830 822
f 197 831 823
f 831 215 833
f 823 833 213
f 831 833 823
f 53 761 795
f 761 196 797
f 795 797 207
f 761 797 795
f 196 760 792
f 760 4 790
f 792 790 205
f 760 790 792
f 207 798 796
f 798 205 791
f 796 791 56
f 798 791 796
f 196 792 797
f 792 205 798
f 797 798 207
f 792 798 797
f 58 840 826
f 840 217 843
f 826 843 214
f 840 843 826
f 217 839 841
f 839 56 794
f 841 794 206
f 839 794 841
f 214 827 825
f 827 206 793
f 825 793 17
f 827 793 825
f 217 841 843
f 841 206 827
f 843 827 214
f 841 827 843
f 53 795 829
f 795 207 832
f 829 832 215
f 795 832 829
f 207 796 842
f 796 56 839
f 842 839 217
f 796 839 842
f 215 844 830
f 844 217 840
f 830 840 58
f 844 840 830
f 207 842 832
f 842 217 844
f 832 844 215
f 842 844 832
f 14 799 662
f 799 208 801
f 662 801 171
f 799 801 662
f 208 800 810
f 800 57 807
f 810 807 210
f 800 807 810
f 171 808 663
f 808 210 806
f 663 806 46
f 808 806 663
f 208 810 801
f 810 210 808
f 801 808 171
f 810 808 801
f 57 804 816
f 804 209 819
f 816 819 212
f 804 819 816
f 209 803 805
f 803 17 784
f 805 784 203
f 803 784 805
f 212 817 815
f 817 203 785
f 815 785 55
f 817 785 815
f 209 805 819
f 805 203 817
f 819 817 212
f 805 817 819
f 46 786 661
f 786 204 788
f 661 788 170
f 786 788 661
f 204 787 789
f 787 55 782
f 789 782 202
f 787 782 789
f 170 783 660
f 783 202 781
f 660 781 3
f 783 781 660
f 204 789 788
f 789 202 783
f 788 783 170
f 789 783 788
f 57 816 807
f 816 212 820
f 807 820 210
f 816 820 807
f 212 815 818
f 815 55 787
f 818 787 204
f 815 787 818
f 210 809 806
f 809 204 786
f 806 786 46
f 809 786 806
f 212 818 820
f 818 204 809
f 820 809 210
f 818 809 820
f 16 821 767
f 821 213 824
f 767 824 199
f 821 824 767
f 213 822 838
f 822 58 835
f 838 835 216
f 822 835 838
f 199 836 768
f 836 216 834
f 768 834 54
f 836 834 768
f 213 838 824
f 838 216 836
f 824 836 199
f 838 836 824
f 58 826 846
f 826 214 849
f 846 849 218
f 826 849 846
f 214 825 828
f 825 17 803
f 828 803 209
f 825 803 828
f 218 847 845
f 847 209 804
f 845 804 57
f 847 804 845
f 214 828 849
f 828 209 847
f 849 847 218
f 828 847 849
f 54 811 765
f 811 211 813
f 765 813 198
f 811 813 765
f 211 812 814
f 812 57 800
f 814 800 208
f 812 800 814
f 198 802 764
f 802 208 799
f 764 799 14
f 802 799 764
f 211 814 813
f 814 208 802
f 813 802 198
f 814 802 813
f 58 846 835
f 846 218 850
f 835 850 216
f 846 850 835
f 218 845 848
f 845 57 812
f 848 812 211
f 845 812 848
f 216 837 834
f 837 211 811
f 834 811 54
f 837 811 834
f 218 848 850
f 848 211 837
f 850 837 216
f 848 837 850
f 7 1749 2033
f 1749 446 2035
f 2033 2035 516
f 1749 2035 2033
f 446 1750 2040
f 1750 117 2038
f 2040 2038 518
f 1750 2038 2040
f 516 2041 2034
f 2041 518 2039
f 2034 2039 134
f 2041 2039 2034
f 446 2040 2035
f 2040 518 2041
f 2035 2041 516
f 2040 2041 2035
f 117 1753 2052
f 1753 447 2054
f 2052 2054 523
f 1753 2054 2052
f 447 1752 2048
f 1752 33 2046
f 2048 2046 521
f 1752 2046 2048
f 523 2056 2053
f 2056 521 2047
f 2053 2047 136
f 2056 2047 2053
f 447 2048 2054
f 2048 521 2056
f 2054 2056 523
f 2048 2056 2054
f 134 2057 2037
f 2057 524 2059
f 2037 2059 517
f 2057 2059 2037
f 524 2058 2061
f 2058 136 2050
f 2061 2050 522
f 2058 2050 2061
f 517 2051 2036
f 2051 522 2049
f 2036 2049 37
f 2051 2049 2036
f 524 2061 2059
f 2061 522 2051
f 2059 2051 517
f 2061 2051 2059
f 117 2052 2038
f 2052 523 2055
f 2038 2055 518
f 2052 2055 2038
f 523 2053 2062
f 2053 136 2058
f 2062 2058 524
f 2053 2058 2062
f 518 2060 2039
f 2060 524 2057
f 2039 2057 134
f 2060 2057 2039
f 523 2062 2055
f 2062 524 2060
f 2055 2060 518
f 2062 2060 2055
f 33 1760 2113
f 1760 450 2115
f 2113 2115 538
f 1760 2115 2113
f 450 1761 2122
f 1761 118 2120
f 2122 2120 540
f 1761 2120 2122
f 538 2124 2114
f 2124 540 2121
f 2114 2121 140
f 2124 2121 2114
f 450 2122 2115
f 2122 540 2124
f 2115 2124 538
f 2122 2124 2115
f 118 1759 2073
f 1759 449 2075
f 2073 2075 528
f 1759 2075 2073
f 449 1758 2066
f 1758 10 2063
f 2066 2063 525
f 1758 2063 2066
f 528 2076 2074
f 2076 525 2064
f 2074 2064 137
f 2076 2064 2074
f 449 2066 2075
f 2066 525 2076
f 2075 2076 528
f 2066 2076 2075
f 140 2130 2118
f 2130 542 2133
f 2118 2133 539
f 2130 2133 2118
f 542 2129 2131
f 2129 137 2068
f 2131 2068 526
f 2129 2068 2131
f 539 2119 2117
f 2119 526 2067
f 2117 2067 38
f 2119 2067 2117
f 542 2131 2133
f 2131 526 2119
f 2133 2119 539
f 2131 2119 2133
f 118 2073 2120
f 2073 528 2123
f 2120 2123 540
f 2073 2123 2120
f 528 2074 2132
f 2074 137 2129
f 2132 2129 542
f 2074 2129 2132
f 540 2134 2121
f 2134 542 2130
f 2121 2130 140
f 2134 2130 2121
f 528 2132 2123
f 2132 542 2134
f 2123 2134 540
f 2132 2134 2123
f 37 2165 2044
f 2165 549 2167
f 2044 2167 520
f 2165 2167 2044
f 549 2166 2177
f 2166 142 2174
f 2177 2174 551
f 2166 2174 2177
f 520 2175 2045
f 2175 551 2173
f 2045 2173 135
f 2175 2173 2045
f 549 2177 2167
f 2177 551 2175
f 2167 2175 520
f 2177 2175 2167
f 142 2170 2184
f 2170 550 2187
f 2184 2187 553
f 2170 2187 2184
f 550 2169 2171
f 2169 38 2081
f 2171 2081 530
f 2169 2081 2171
f 553 2185 2183
f 2185 530 2082
f 2183 2082 138
f 2185 2082 2183
f 550 2171 2187
f 2171 530 2185
f 2187 2185 553
f 2171 2185 2187
f 135 2087 2043
f 2087 532 2089
f 2043 2089 519
f 2087 2089 2043
f 532 2088 2090
f 2088 138 2078
f 2090 2078 529
f 2088 2078 2090
f 519 2080 2042
f 2080 529 2077
f 2042 2077 11
f 2080 2077 2042
f 532 2090 2089
f 2090 529 2080
f 2089 2080 519
f 2090 2080 2089
f 142 2184 2174
f 2184 553 2188
f 2174 2188 551
f 2184 2188 2174
f 553 2183 2186
f 2183 138 2088
f 2186 2088 532
f 2183 2088 2186
f 551 2176 2173
f 2176 532 2087
f 2173 2087 135
f 2176 2087 2173
f 553 2186 2188
f 2186 532 2176
f 2188 2176 551
f 2186 2176 2188
f 33 2113 2046
f 2113 538 2116
f 2046 2116 521
f 2113 2116 2046
f 538 2114 2128
f 2114 140 2126
f 2128 2126 541
f 2114 2126 2128
f 521 2127 2047
f 2127 541 2125
f 2047 2125 136
f 2127 2125 2047
f 538 2128 2116
f 2128 541 2127
f 2116 2127 521
f 2128 2127 2116
f 140 2118 2189
f 2118 539 2191
f 2189 2191 554
f 2118 2191 2189
f 539 2117 2172
f 2117 38 2169
f 2172 2169 550
f 2117 2169 2172
f 554 2193 2190
f 2193 550 2170
f 2190 2170 142
f 2193 2170 2190
f 539 2172 2191
f 2172 550 2193
f 2191 2193 554
f 2172 2193 2191
f 136 2178 2050
f 2178 552 2180
f 2050 2180 522
f 2178 2180 2050
f 552 2179 2182
f 2179 142 2166
f 2182 2166 549
f 2179 2166 2182
f 522 2168 2049
f 2168 549 2165
f 2049 2165 37
f 2168 2165 2049
f 552 2182 2180
f 2182 549 2168
f 2180 2168 522
f 2182 2168 2180
f 140 2189 2126
f 2189 554 2192
f 2126 2192 541
f 2189 2192 2126
f 554 2190 2194
f 2190 142 2179
f 2194 2179 552
f 2190 2179 2194
f 541 2181 2125
f 2181 552 2178
f 2125 2178 136
f 2181 2178 2125
f 554 2194 2192
f 2194 552 2181
f 2192 2181 541
f 2194 2181 2192
f 1 851 751
f 851 219 853
f 751 853 193
f 851 853 751
f 219 852 859
f 852 59 857
f 859 857 221
f 852 857 859
f 193 858 752
f 858 221 856
f 752 856 52
f 858 856 752
f 219 859 853
f 859 221 858
f 853 858 193
f 859 858 853
f 59 855 875
f 855 220 877
f 875 877 227
f 855 877 875
f 220 854 869
f 854 18 867
f 869 867 225
f 854 867 869
f 227 879 876
f 879 225 868
f 876 868 61
f 879 868 876
f 220 869 877
f 869 225 879
f 877 879 227
f 869 879 877
f 52 870 755
f 870 226 872
f 755 872 194
f 870 872 755
f 226 871 874
f 871 61 865
f 874 865 224
f 871 865 874
f 194 866 754
f 866 224 864
f 754 864 16
f 866 864 754
f 226 874 872
f 874 224 866
f 872 866 194
f 874 866 872
f 59 875 857
f 875 227 878
f 857 878 221
f 875 878 857
f 227 876 880
f 876 61 871
f 880 871 226
f 876 871 880
f 221 873 856
f 873 226 870
f 856 870 52
f 873 870 856
f 227 880 878
f 880 226 873
f 878 873 221
f 880 873 878
f 18 862 921
f 862 223 923
f 921 923 239
f 862 923 921
f 223 863 931
f 863 60 929
f 931 929 241
f 863 929 931
f 239 933 922
f 933 241 930
f 922 930 65
f 933 930 922
f 223 931 923
f 931 241 933
f 923 933 239
f 931 933 923
f 60 861 895
f 861 222 897
f 895 897 233
f 861 897 895
f 222 860 892
f 860 5 890
f 892 890 231
f 860 890 892
f 233 898 896
f 898 231 891
f 896 891 63
f 898 891 896
f 222 892 897
f 892 231 898
f 897 898 233
f 892 898 897
f 65 940 926
f 940 243 943
f 926 943 240
f 940 943 926
f 243 939 941
f 939 63 894
f 941 894 232
f 939 894 941
f 240 927 925
f 927 232 893
f 925 893 19
f 927 893 925
f 243 941 943
f 941 232 927
f 943 927 240
f 941 927 943
f 60 895 929
f 895 233 932
f 929 932 241
f 895 932 929
f 233 896 942
f 896 63 939
f 942 939 243
f 896 939 942
f 241 944 930
f 944 243 940
f 930 940 65
f 944 940 930
f 233 942 932
f 942 243 944
f 932 944 241
f 942 944 932
f 16 899 762
f 899 234 901
f 762 901 197
f 899 901 762
f 234 900 910
f 900 64 907
f 910 907 236
f 900 907 910
f 197 908 763
f 908 236 906
f 763 906 53
f 908 906 763
f 234 910 901
f 910 236 908
f 901 908 197
f 910 908 901
f 64 904 916
f 904 235 919
f 916 919 238
f 904 919 916
f 235 903 905
f 903 19 884
f 905 884 229
f 903 884 905
f 238 917 915
f 917 229 885
f 915 885 62
f 917 885 915
f 235 905 919
f 905 229 917
f 919 917 238
f 905 917 919
f 53 886 761
f 886 230 888
f 761 888 196
f 886 888 761
f 230 887 889
f 887 62 882
f 889 882 228
f 887 882 889
f 196 883 760
f 883 228 881
f 760 881 4
f 883 881 760
f 230 889 888
f 889 228 883
f 888 883 196
f 889 883 888
f 64 916 907
f 916 238 920
f 907 920 236
f 916 920 907
f 238 915 918
f 915 62 887
f 918 887 230
f 915 887 918
f 236 909 906
f 909 230 886
f 906 886 53
f 909 886 906
f 238 918 920
f 918 230 909
f 920 909 236
f 918 909 920
f 18 921 867
f 921 239 924
f 867 924 225
f 921 924 867
f 239 922 938
f 922 65 935
f 938 935 242
f 922 935 938
f 225 936 868
f 936 242 934
f 868 934 61
f 936 934 868
f 239 938 924
f 938 242 936
f 924 936 225
f 938 936 924
f 65 926 946
f 926 240 949
f 946 949 244
f 926 949 946
f 240 925 928
f 925 19 903
f 928 903 235
f 925 903 928
f 244 947 945
f 947 235 904
f 945 904 64
f 947 904 945
f 240 928 949
f 928 235 947
f 949 947 244
f 928 947 949
f 61 911 865
f 911 237 913
f 865 913 224
f 911 913 865
f 237 912 914
f 912 64 900
f 914 900 234
f 912 900 914
f 224 902 864
f 902 234 899
f 864 899 16
f 902 899 864
f 237 914 913
f 914 234 902
f 913 902 224
f 914 902 913
f 65 946 935
f 946 244 950
f 935 950 242
f 946 950 935
f 244 945 948
f 945 64 912
f 948 912 237
f 945 912 948
f 242 937 934
f 937 237 911
f 934 911 61
f 937 911 934
f 244 948 950
f 948 237 937
f 950 937 242
f 948 937 950
f 7 2033 2339
f 2033 516 2342
f 2339 2342 591
f 2033 2342 2339
f 516 2034 2351
f 2034 134 2349
f 2351 2349 594
f 2034 2349 2351
f 591 2352 2340
f 2352 594 2350
f 2340 2350 152
f 2352 2350 2340
f 516 2351 2342
f 2351 594 2352
f 2342 2352 591
f 2351 2352 2342
f 134 2037 2390
f 2037 517 2392
f 2390 2392 605
f 2037 2392 2390
f 517 2036 2386
f 2036 37 2384
f 2386 2384 603
f 2036 2384 2386
f 605 2394 2391
f 2394 603 2385
f 2391 2385 155
f 2394 2385 2391
f 517 2386 2392
f 2386 603 2394
f 2392 2394 605
f 2386 2394 2392
f 152 2395 2344
f 2395 606 2397
f 2344 2397 592
f 2395 2397 2344
f 606 2396 2399
f 2396 155 2388
f 2399 2388 604
f 2396 2388 2399
f 592 2389 2343
f 2389 604 2387
f 2343 2387 41
f 2389 2387 2343
f 606 2399 2397
f 2399 604 2389
f 2397 2389 592
f 2399 2389 2397
f 134 2390 2349
f 2390 605 2393
f 2349 2393 594
f 2390 2393 2349
f 605 2391 2400
f 2391 155 2396
f 2400 2396 606
f 2391 2396 2400
f 594 2398 2350
f 2398 606 2395
f 2350 2395 152
f 2398 2395 2350
f 605 2400 2393
f 2400 606 2398
f 2393 2398 594
f 2400 2398 2393
f 37 2044 2481
f 2044 520 2483
f 2481 2483 626
f 2044 2483 2481
f 520 2045 2490
f 2045 135 2488
f 2490 2488 628
f 2045 2488 2490
f 626 2492 2482
f 2492 628 2489
f 2482 2489 160
f 2492 2489 2482
f 520 2490 2483
f 2490 628 2492
f 2483 2492 626
f 2490 2492 2483
f 135 2043 2441
f 2043 519 2443
f 2441 2443 616
f 2043 2443 2441
f 519 2042 2434
f 2042 11 2431
f 2434 2431 613
f 2042 2431 2434
f 616 2444 2442
f 2444 613 2432
f 2442 2432 157
f 2444 2432 2442
f 519 2434 2443
f 2434 613 2444
f 2443 2444 616
f 2434 2444 2443
f 160 2498 2486
f 2498 630 2501
f 2486 2501 627
f 2498 2501 2486
f 630 2497 2499
f 2497 157 2436
f 2499 2436 614
f 2497 2436 2499
f 627 2487 2485
f 2487 614 2435
f 2485 2435 42
f 2487 2435 2485
f 630 2499 2501
f 2499 614 2487
f 2501 2487 627
f 2499 2487 2501
f 135 2441 2488
f 2441 616 2491
f 2488 2491 628
f 2441 2491 2488
f 616 2442 2500
f 2442 157 2497
f 2500 2497 630
f 2442 2497 2500
f 628 2502 2489
f 2502 630 2498
f 2489 2498 160
f 2502 2498 2489
f 616 2500 2491
f 2500 630 2502
f 2491 2502 628
f 2500 2502 2491
f 41 2533 2356
f 2533 637 2535
f 2356 2535 596
f 2533 2535 2356
f 637 2534 2545
f 2534 162 2542
f 2545 2542 639
f 2534 2542 2545
f 596 2543 2357
f 2543 639 2541
f 2357 2541 153
f 2543 2541 2357
f 637 2545 2535
f 2545 639 2543
f 2535 2543 596
f 2545 2543 2535
f 162 2538 2552
f 2538 638 2555
f 2552 2555 641
f 2538 2555 2552
f 638 2537 2539
f 2537 42 2449
f 2539 2449 618
f 2537 2449 2539
f 641 2553 2551
f 2553 618 2450
f 2551 2450 158
f 2553 2450 2551
f 638 2539 2555
f 2539 618 2553
f 2555 2553 641
f 2539 2553 2555
f 153 2455 2354
f 2455 620 2457
f 2354 2457 595
f 2455 2457 2354
f 620 2456 2458
f 2456 158 2446
f 2458 2446 617
f 2456 2446 2458
f 595 2448 2353
f 2448 617 2445
f 2353 2445 12
f 2448 2445 2353
f 620 2458 2457
f 2458 617 2448
f 2457 2448 595
f 2458 2448 2457
f 162 2552 2542
f 2552 641 2556
f 2542 2556 639
f 2552 2556 2542
f 641 2551 2554
f 2551 158 2456
f 2554 2456 620
f 2551 2456 2554
f 639 2544 2541
f 2544 620 2455
f 2541 2455 153
f 2544 2455 2541
f 641 2554 2556
f 2554 620 2544
f 2556 2544 639
f 2554 2544 2556
f 37 2481 2384
f 2481 626 2484
f 2384 2484 603
f 2481 2484 2384
f 626 2482 2496
f 2482 160 2494
f 2496 2494 629
f 2482 2494 2496
f 603 2495 2385
f 2495 629 2493
f 2385 2493 155
f 2495 2493 2385
f 626 2496 2484
f 2496 629 2495
f 2484 2495 603
f 2496 2495 2484
f 160 2486 2557
f 2486 627 2559
f 2557 2559 642
f 2486 2559 2557
f 627 2485 2540
f 2485 42 2537
f 2540 2537 638
f 2485 2537 2540
f 642 2561 2558
f 2561 638 2538
f 2558 2538 162
f 2561 2538 2558
f 627 2540 2559
f 2540 638 2561
f 2559 2561 642
f 2540 2561 2559
f 155 2546 2388
f 2546 640 2548
f 2388 2548 604
f 2546 2548 2388
f 640 2547 2550
f 2547 162 2534
f 2550 2534 637
f 2547 2534 2550
f 604 2536 2387
f 2536 637 2533
f 2387 2533 41
f 2536 2533 2387
f 640 2550 2548
f 2550 637 2536
f 2548 2536 604
f 2550 2536 2548
f 160 2557 2494
f 2557 642 2560
f 2494 2560 629
f 2557 2560 2494
f 642 2558 2562
f 2558 162 2547
f 2562 2547 640
f 2558 2547 2562
f 629 2549 2493
f 2549 640 2546
f 2493 2546 155
f 2549 2546 2493
f 642 2562 2560
f 2562 640 2549
f 2560 2549 629
f 2562 2549 2560
f 1 951 851
f 951 245 953
f 851 953 219
f 951 953 851
f 245 952 959
f 952 66 957
f 959 957 247
f 952 957 959
f 219 958 852
f 958 247 956
f 852 956 59
f 958 956 852
f 245 959 953
f 959 247 958
f 953 958 219
f 959 958 953
f 66 955 975
f 955 246 977
f 975 977 253
f 955 977 975
f 246 954 969
f 954 20 967
f 969 967 251
f 954 967 969
f 253 979 976
f 979 251 968
f 976 968 68
f 979 968 976
f 246 969 977
f 969 251 979
f 977 979 253
f 969 979 977
f 59 970 855
f 970 252 972
f 855 972 220
f 970 972 855
f 252 971 974
f 971 68 965
f 974 965 250
f 971 965 974
f 220 966 854
f 966 250 964
f 854 964 18
f 966 964 854
f 252 974 972
f 974 250 966
f 972 966 220
f 974 966 972
f 66 975 957
f 975 253 978
f 957 978 247
f 975 978 957
f 253 976 980
f 976 68 971
f 980 971 252
f 976 971 980
f 247 973 956
f 973 252 970
f 956 970 59
f 973 970 956
f 253 980 978
f 980 252 973
f 978 973 247
f 980 973 978
f 20 962 1021
f 962 249 1023
f 1021 1023 265
f 962 1023 1021
f 249 963 1031
f 963 67 1029
f 1031 1029 267
f 963 1029 1031
f 265 1033 1022
f 1033 267 1030
f 1022 1030 72
f 1033 1030 1022
f 249 1031 1023
f 1031 267 1033
f 1023 1033 265
f 1031 1033 1023
f 67 961 995
f 961 248 997
f 995 997 259
f 961 997 995
f 248 960 992
f 960 6 990
f 992 990 257
f 960 990 992
f 259 998 996
f 998 257 991
f 996 991 70
f 998 991 996
f 248 992 997
f 992 257 998
f 997 998 259
f 992 998 997
f 72 1040 1026
f 1040 269 1043
f 1026 1043 266
f 1040 1043 1026
f 269 1039 1041
f 1039 70 994
f 1041 994 258
f 1039 994 1041
f 266 1027 1025
f 1027 258 993
f 1025 993 21
f 1027 993 1025
f 269 1041 1043
f 1041 258 1027
f 1043 1027 266
f 1041 1027 1043
f 67 995 1029
f 995 259 1032
f 1029 1032 267
f 995 1032 1029
f 259 996 1042
f 996 70 1039
f 1042 1039 269
f 996 1039 1042
f 267 1044 1030
f 1044 269 1040
f 1030 1040 72
f 1044 1040 1030
f 259 1042 1032
f 1042 269 1044
f 1032 1044 267
f 1042 1044 1032
f 18 999 862
f 999 260 1001
f 862 1001 223
f 999 1001 862
f 260 1000 1010
f 1000 71 1007
f 1010 1007 262
f 1000 1007 1010
f 223 1008 863
f 1008 262 1006
f 863 1006 60
f 1008 1006 863
f 260 1010 1001
f 1010 262 1008
f 1001 1008 223
f 1010 1008 1001
f 71 1004 1016
f 1004 261 1019
f 1016 1019 264
f 1004 1019 1016
f 261 1003 1005
f 1003 21 984
f 1005 984 255
f 1003 984 1005
f 264 1017 1015
f 1017 255 985
f 1015 985 69
f 1017 985 1015
f 261 1005 1019
f 1005 255 1017
f 1019 1017 264
f 1005 1017 1019
f 60 986 861
f 986 256 988
f 861 988 222
f 986 988 861
f 256 987 989
f 987 69 982
f 989 982 254
f 987 982 989
f 222 983 860
f 983 254 981
f 860 981 5
f 983 981 860
f 256 989 988
f 989 254 983
f 988 983 222
f 989 983 988
f 71 1016 1007
f 1016 264 1020
f 1007 1020 262
f 1016 1020 1007
f 264 1015 1018
f 1015 69 987
f 1018 987 256
f 1015 987 1018
f 262 1009 1006
f 1009 256 986
f 1006 986 60
f 1009 986 1006
f 264 1018 1020
f 1018 256 1009
f 1020 1009 262
f 1018 1009 1020
f 20 1021 967
f 1021 265 1024
f 967 1024 251
f 1021 1024 967
f 265 1022 1038
f 1022 72 1035
f 1038 1035 268
f 1022 1035 1038
f 251 1036 968
f 1036 268 1034
f 968 1034 68
f 1036 1034 968
f 265 1038 1024
f 1038 268 1036
f 1024 1036 251
f 1038 1036 1024
f 72 1026 1046
f 1026 266 1049
f 1046 1049 270
f 1026 1049 1046
f 266 1025 1028
f 1025 21 1003
f 1028 1003 261
f 1025 1003 1028
f 270 1047 1045
f 1047 261 1004
f 1045 1004 71
f 1047 1004 1045
f 266 1028 1049
f 1028 261 1047
f 1049 1047 270
f 1028 1047 1049
f 68 1011 965
f 1011 263 1013
f 965 1013 250
f 1011 1013 965
f 263 1012 1014
f 1012 71 1000
f 1014 1000 260
f 1012 1000 1014
f 250 1002 964
f 1002 260 999
f 964 999 18
f 1002 999 964
f 263 1014 1013
f 1014 260 1002
f 1013 1002 250
f 1014 1002 1013
f 72 1046 1035
f 1046 270 1050
f 1035 1050 268
f 1046 1050 1035
f 270 1045 1048
f 1045 71 1012
f 1048 1012 263
f 1045 1012 1048
f 268 1037 1034
f 1037 263 1011
f 1034 1011 68
f 1037 1011 1034
f 270 1048 1050
f 1048 263 1037
f 1050 1037 268
f 1048 1037 1050
f 1 643 1151
f 643 163 1153
f 1151 1153 297
f 643 1153 1151
f 163 644 1159
f 644 43 1157
f 1159 1157 299
f 644 1157 1159
f 297 1160 1152
f 1160 299 1158
f 1152 1158 80
f 1160 1158 1152
f 163 1159 1153
f 1159 299 1160
f 1153 1160 297
f 1159 1160 1153
f 43 646 1175
f 646 164 1177
f 1175 1177 305
f 646 1177 1175
f 164 645 1171
f 645 13 1169
f 1171 1169 303
f 645 1169 1171
f 305 1179 1176
f 1179 303 1170
f 1176 1170 82
f 1179 1170 1176
f 164 1171 1177
f 1171 303 1179
f 1177 1179 305
f 1171 1179 1177
f 80 1180 1156
f 1180 306 1182
f 1156 1182 298
f 1180 1182 1156
f 306 1181 1184
f 1181 82 1173
f 1184 1173 304
f 1181 1173 1184
f 298 1174 1155
f 1174 304 1172
f 1155 1172 24
f 1174 1172 1155
f 306 1184 1182
f 1184 304 1174
f 1182 1174 298
f 1184 1174 1182
f 43 1175 1157
f 1175 305 1178
f 1157 1178 299
f 1175 1178 1157
f 305 1176 1185
f 1176 82 1181
f 1185 1181 306
f 1176 1181 1185
f 299 1183 1158
f 1183 306 1180
f 1158 1180 80
f 1183 1180 1158
f 305 1185 1178
f 1185 306 1183
f 1178 1183 299
f 1185 1183 1178
f 13 649 1221
f 649 166 1223
f 1221 1223 317
f 649 1223 1221
f 166 650 1230
f 650 44 1228
f 1230 1228 319
f 650 1228 1230
f 317 1232 1222
f 1232 319 1229
f 1222 1229 86
f 1232 1229 1222
f 166 1230 1223
f 1230 319 1232
f 1223 1232 317
f 1230 1232 1223
f 44 648 1208
f 648 165 1210
f 1208 1210 313
f 648 1210 1208
f 165 647 1205
f 647 2 1203
f 1205 1203 311
f 647 1203 1205
f 313 1211 1209
f 1211 311 1204
f 1209 1204 84
f 1211 1204 1209
f 165 1205 1210
f 1205 311 1211
f 1210 1211 313
f 1205 1211 1210
f 86 1238 1226
f 1238 321 1241
f 1226 1241 318
f 1238 1241 1226
f 321 1237 1239
f 1237 84 1207
f 1239 1207 312
f 1237 1207 1239
f 318 1227 1225
f 1227 312 1206
f 1225 1206 25
f 1227 1206 1225
f 321 1239 1241
f 1239 312 1227
f 1241 1227 318
f 1239 1227 1241
f 44 1208 1228
f 1208 313 1231
f 1228 1231 319
f 1208 1231 1228
f 313 1209 1240
f 1209 84 1237
f 1240 1237 321
f 1209 1237 1240
f 319 1242 1229
f 1242 321 1238
f 1229 1238 86
f 1242 1238 1229
f 313 1240 1231
f 1240 321 1242
f 1231 1242 319
f 1240 1242 1231
f 24 1243 1167
f 1243 322 1245
f 1167 1245 302
f 1243 1245 1167
f 322 1244 1255
f 1244 87 1252
f 1255 1252 324
f 1244 1252 1255
f 302 1253 1168
f 1253 324 1251
f 1168 1251 81
f 1253 1251 1168
f 322 1255 1245
f 1255 324 1253
f 1245 1253 302
f 1255 1253 1245
f 87 1248 1262
f 1248 323 1265
f 1262 1265 326
f 1248 1265 1262
f 323 1247 1249
f 1247 25 1215
f 1249 1215 315
f 1247 1215 1249
f 326 1263 1261
f 1263 315 1216
f 1261 1216 85
f 1263 1216 1261
f 323 1249 1265
f 1249 315 1263
f 1265 1263 326
f 1249 1263 1265
f 81 1217 1166
f 1217 316 1219
f 1166 1219 301
f 1217 1219 1166
f 316 1218 1220
f 1218 85 1213
f 1220 1213 314
f 1218 1213 1220
f 301 1214 1165
f 1214 314 1212
f 1165 1212 8
f 1214 1212 1165
f 316 1220 1219
f 1220 314 1214
f 1219 1214 301
f 1220 1214 1219
f 87 1262 1252
f 1262 326 1266
f 1252 1266 324
f 1262 1266 1252
f 326 1261 1264
f 1261 85 1218
f 1264 1218 316
f 1261 1218 1264
f 324 1254 1251
f 1254 316 1217
f 1251 1217 81
f 1254 1217 1251
f 326 1264 1266
f 1264 316 1254
f 1266 1254 324
f 1264 1254 1266
f 13 1221 1169
f 1221 317 1224
f 1169 1224 303
f 1221 1224 1169
f 317 1222 1236
f 1222 86 1234
f 1236 1234 320
f 1222 1234 1236
f 303 1235 1170
f 1235 320 1233
f 1170 1233 82
f 1235 1233 1170
f 317 1236 1224
f 1236 320 1235
f 1224 1235 303
f 1236 1235 1224
f 86 1226 1267
f 1226 318 1269
f 1267 1269 327
f 1226 1269 1267
f 318 1225 1250
f 1225 25 1247
f 1250 1247 323
f 1225 1247 1250
f 327 1271 1268
f 1271 323 1248
f 1268 1248 87
f 1271 1248 1268
f 318 1250 1269
f 1250 323 1271
f 1269 1271 327
f 1250 1271 1269
f 82 1256 1173
f 1256 325 1258
f 1173 1258 304
f 1256 1258 1173
f 325 1257 1260
f 1257 87 1244
f 1260 1244 322
f 1257 1244 1260
f 304 1246 1172
f 1246 322 1243
f 1172 1243 24
f 1246 1243 1172
f 325 1260 1258
f 1260 322 1246
f 1258 1246 304
f 1260 1246 1258
f 86 1267 1234
f 1267 327 1270
f 1234 1270 320
f 1267 1270 1234
f 327 1268 1272
f 1268 87 1257
f 1272 1257 325
f 1268 1257 1272
f 320 1259 1233
f 1259 325 1256
f 1233 1256 82
f 1259 1256 1233
f 327 1272 1270
f 1272 325 1259
f 1270 1259 320
f 1272 1259 1270
f 1 1151 1051
f 1151 297 1154
f 1051 1154 271
f 1151 1154 1051
f 297 1152 1164
f 1152 80 1162
f 1164 1162 300
f 1152 1162 1164
f 271 1163 1052
f 1163 300 1161
f 1052 1161 73
f 1163 1161 1052
f 297 1164 1154
f 1164 300 1163
f 1154 1163 271
f 1164 1163 1154
f 80 1156 1197
f 1156 298 1199
f 1197 1199 310
f 1156 1199 1197
f 298 1155 1191
f 1155 24 1189
f 1191 1189 308
f 1155 1189 1191
f 310 1201 1198
f 1201 308 1190
f 1198 1190 83
f 1201 1190 1198
f 298 1191 1199
f 1191 308 1201
f 1199 1201 310
f 1191 1201 1199
f 73 1192 1055
f 1192 309 1194
f 1055 1194 272
f 1192 1194 1055
f 309 1193 1196
f 1193 83 1187
f 1196 1187 307
f 1193 1187 1196
f 272 1188 1054
f 1188 307 1186
f 1054 1186 22
f 1188 1186 1054
f 309 1196 1194
f 1196 307 1188
f 1194 1188 272
f 1196 1188 1194
f 80 1197 1162
f 1197 310 1200
f 1162 1200 300
f 1197 1200 1162
f 310 1198 1202
f 1198 83 1193
f 1202 1193 309
f 1198 1193 1202
f 300 1195 1161
f 1195 309 1192
f 1161 1192 73
f 1195 1192 1161
f 310 1202 1200
f 1202 309 1195
f 1200 1195 300
f 1202 1195 1200
f 24 1167 1313
f 1167 302 1315
f 1313 1315 339
f 1167 1315 1313
f 302 1168 1323
f 1168 81 1321
f 1323 1321 341
f 1168 1321 1323
f 339 1325 1314
f 1325 341 1322
f 1314 1322 91
f 1325 1322 1314
f 302 1323 1315
f 1323 341 1325
f 1315 1325 339
f 1323 1325 1315
f 81 1166 1287
f 1166 301 1289
f 1287 1289 333
f 1166 1289 1287
f 301 1165 1284
f 1165 8 1282
f 1284 1282 331
f 1165 1282 1284
f 333 1290 1288
f 1290 331 1283
f 1288 1283 89
f 1290 1283 1288
f 301 1284 1289
f 1284 331 1290
f 1289 1290 333
f 1284 1290 1289
f 91 1332 1318
f 1332 343 1335
f 1318 1335 340
f 1332 1335 1318
f 343 1331 1333
f 1331 89 1286
f 1333 1286 332
f 1331 1286 1333
f 340 1319 1317
f 1319 332 1285
f 1317 1285 26
f 1319 1285 1317
f 343 1333 1335
f 1333 332 1319
f 1335 1319 340
f 1333 1319 1335
f 81 1287 1321
f 1287 333 1324
f 1321 1324 341
f 1287 1324 1321
f 333 1288 1334
f 1288 89 1331
f 1334 1331 343
f 1288 1331 1334
f 341 1336 1322
f 1336 343 1332
f 1322 1332 91
f 1336 1332 1322
f 333 1334 1324
f 1334 343 1336
f 1324 1336 341
f 1334 1336 1324
f 22 1291 1062
f 1291 334 1293
f 1062 1293 275
f 1291 1293 1062
f 334 1292 1302
f 1292 90 1299
f 1302 1299 336
f 1292 1299 1302
f 275 1300 1063
f 1300 336 1298
f 1063 1298 74
f 1300 1298 1063
f 334 1302 1293
f 1302 336 1300
f 1293 1300 275
f 1302 1300 1293
f 90 1296 1308
f 1296 335 1311
f 1308 1311 338
f 1296 1311 1308
f 335 1295 1297
f 1295 26 1276
f 1297 1276 329
f 1295 1276 1297
f 338 1309 1307
f 1309 329 1277
f 1307 1277 88
f 1309 1277 1307
f 335 1297 1311
f 1297 329 1309
f 1311 1309 338
f 1297 1309 1311
f 74 1278 1061
f 1278 330 1280
f 1061 1280 274
f 1278 1280 1061
f 330 1279 1281
f 1279 88 1274
f 1281 1274 328
f 1279 1274 1281
f 274 1275 1060
f 1275 328 1273
f 1060 1273 7
f 1275 1273 1060
f 330 1281 1280
f 1281 328 1275
f 1280 1275 274
f 1281 1275 1280
f 90 1308 1299
f 1308 338 1312
f 1299 1312 336
f 1308 1312 1299
f 338 1307 1310
f 1307 88 1279
f 1310 1279 330
f 1307 1279 1310
f 336 1301 1298
f 1301 330 1278
f 1298 1278 74
f 1301 1278 1298
f 338 1310 1312
f 1310 330 1301
f 1312 1301 336
f 1310 1301 1312
f 24 1313 1189
f 1313 339 1316
f 1189 1316 308
f 1313 1316 1189
f 339 1314 1330
f 1314 91 1327
f 1330 1327 342
f 1314 1327 1330
f 308 1328 1190
f 1328 342 1326
f 1190 1326 83
f 1328 1326 1190
f 339 1330 1316
f 1330 342 1328
f 1316 1328 308
f 1330 1328 1316
f 91 1318 1338
f 1318 340 1341
f 1338 1341 344
f 1318 1341 1338
f 340 1317 1320
f 1317 26 1295
f 1320 1295 335
f 1317 1295 1320
f 344 1339 1337
f 1339 335 1296
f 1337 1296 90
f 1339 1296 1337
f 340 1320 1341
f 1320 335 1339
f 1341 1339 344
f 1320 1339 1341
f 83 1303 1187
f 1303 337 1305
f 1187 1305 307
f 1303 1305 1187
f 337 1304 1306
f 1304 90 1292
f 1306 1292 334
f 1304 1292 1306
f 307 1294 1186
f 1294 334 1291
f 1186 1291 22
f 1294 1291 1186
f 337 1306 1305
f 1306 334 1294
f 1305 1294 307
f 1306 1294 1305
f 91 1338 1327
f 1338 344 1342
f 1327 1342 342
f 1338 1342 1327
f 344 1337 1340
f 1337 90 1304
f 1340 1304 337
f 1337 1304 1340
f 342 1329 1326
f 1329 337 1303
f 1326 1303 83
f 1329 1303 1326
f 344 1340 1342
f 1340 337 1329
f 1342 1329 342
f 1340 1329 1342
f 2 681 1343
f 681 176 1345
f 1343 1345 345
f 681 1345 1343
f 176 682 1351
f 682 48 1349
f 1351 1349 347
f 682 1349 1351
f 345 1352 1344
f 1352 347 1350
f 1344 1350 92
f 1352 1350 1344
f 176 1351 1345
f 1351 347 1352
f 1345 1352 345
f 1351 1352 1345
f 48 685 1367
f 685 177 1369
f 1367 1369 353
f 685 1369 1367
f 177 684 1363
f 684 15 1361
f 1363 1361 351
f 684 1361 1363
f 353 1371 1368
f 1371 351 1362
f 1368 1362 94
f 1371 1362 1368
f 177 1363 1369
f 1363 351 1371
f 1369 1371 353
f 1363 1371 1369
f 92 1372 1348
f 1372 354 1374
f 1348 1374 346
f 1372 1374 1348
f 354 1373 1376
f 1373 94 1365
f 1376 1365 352
f 1373 1365 1376
f 346 1366 1347
f 1366 352 1364
f 1347 1364 27
f 1366 1364 1347
f 354 1376 1374
f 1376 352 1366
f 1374 1366 346
f 1376 1366 1374
f 48 1367 1349
f 1367 353 1370
f 1349 1370 347
f 1367 1370 1349
f 353 1368 1377
f 1368 94 1373
f 1377 1373 354
f 1368 1373 1377
f 347 1375 1350
f 1375 354 1372
f 1350 1372 92
f 1375 1372 1350
f 353 1377 1370
f 1377 354 1375
f 1370 1375 347
f 1377 1375 1370
f 15 693 1413
f 693 180 1415
f 1413 1415 365
f 693 1415 1413
f 180 694 1422
f 694 49 1420
f 1422 1420 367
f 694 1420 1422
f 365 1424 1414
f 1424 367 1421
f 1414 1421 98
f 1424 1421 1414
f 180 1422 1415
f 1422 367 1424
f 1415 1424 365
f 1422 1424 1415
f 49 691 1400
f 691 179 1402
f 1400 1402 361
f 691 1402 1400
f 179 690 1397
f 690 3 1395
f 1397 1395 359
f 690 1395 1397
f 361 1403 1401
f 1403 359 1396
f 1401 1396 96
f 1403 1396 1401
f 179 1397 1402
f 1397 359 1403
f 1402 1403 361
f 1397 1403 1402
f 98 1430 1418
f 1430 369 1433
f 1418 1433 366
f 1430 1433 1418
f 369 1429 1431
f 1429 96 1399
f 1431 1399 360
f 1429 1399 1431
f 366 1419 1417
f 1419 360 1398
f 1417 1398 28
f 1419 1398 1417
f 369 1431 1433
f 1431 360 1419
f 1433 1419 366
f 1431 1419 1433
f 49 1400 1420
f 1400 361 1423
f 1420 1423 367
f 1400 1423 1420
f 361 1401 1432
f 1401 96 1429
f 1432 1429 369
f 1401 1429 1432
f 367 1434 1421
f 1434 369 1430
f 1421 1430 98
f 1434 1430 1421
f 361 1432 1423
f 1432 369 1434
f 1423 1434 367
f 1432 1434 1423
f 27 1435 1359
f 1435 370 1437
f 1359 1437 350
f 1435 1437 1359
f 370 1436 1447
f 1436 99 1444
f 1447 1444 372
f 1436 1444 1447
f 350 1445 1360
f 1445 372 1443
f 1360 1443 93
f 1445 1443 1360
f 370 1447 1437
f 1447 372 1445
f 1437 1445 350
f 1447 1445 1437
f 99 1440 1454
f 1440 371 1457
f 1454 1457 374
f 1440 1457 1454
f 371 1439 1441
f 1439 28 1407
f 1441 1407 363
f 1439 1407 1441
f 374 1455 1453
f 1455 363 1408
f 1453 1408 97
f 1455 1408 1453
f 371 1441 1457
f 1441 363 1455
f 1457 1455 374
f 1441 1455 1457
f 93 1409 1358
f 1409 364 1411
f 1358 1411 349
f 1409 1411 1358
f 364 1410 1412
f 1410 97 1405
f 1412 1405 362
f 1410 1405 1412
f 349 1406 1357
f 1406 362 1404
f 1357 1404 9
f 1406 1404 1357
f 364 1412 1411
f 1412 362 1406
f 1411 1406 349
f 1412 1406 1411
f 99 1454 1444
f 1454 374 1458
f 1444 1458 372
f 1454 1458 1444
f 374 1453 1456
f 1453 97 1410
f 1456 1410 364
f 1453 1410 1456
f 372 1446 1443
f 1446 364 1409
f 1443 1409 93
f 1446 1409 1443
f 374 1456 1458
f 1456 364 1446
f 1458 1446 372
f 1456 1446 1458
f 15 1413 1361
f 1413 365 1416
f 1361 1416 351
f 1413 1416 1361
f 365 1414 1428
f 1414 98 1426
f 1428 1426 368
f 1414 1426 1428
f 351 1427 1362
f 1427 368 1425
f 1362 1425 94
f 1427 1425 1362
f 365 1428 1416
f 1428 368 1427
f 1416 1427 351
f 1428 1427 1416
f 98 1418 1459
f 1418 366 1461
f 1459 1461 375
f 1418 1461 1459
f 366 1417 1442
f 1417 28 1439
f 1442 1439 371
f 1417 1439 1442
f 375 1463 1460
f 1463 371 1440
f 1460 1440 99
f 1463 1440 1460
f 366 1442 1461
f 1442 371 1463
f 1461 1463 375
f 1442 1463 1461
f 94 1448 1365
f 1448 373 1450
f 1365 1450 352
f 1448 1450 1365
f 373 1449 1452
f 1449 99 1436
f 1452 1436 370
f 1449 1436 1452
f 352 1438 1364
f 1438 370 1435
f 1364 1435 27
f 1438 1435 1364
f 373 1452 1450
f 1452 370 1438
f 1450 1438 352
f 1452 1438 1450
f 98 1459 1426
f 1459 375 1462
f 1426 1462 368
f 1459 1462 1426
f 375 1460 1464
f 1460 99 1449
f 1464 1449 373
f 1460 1449 1464
f 368 1451 1425
f 1451 373 1448
f 1425 1448 94
f 1451 1448 1425
f 375 1464 1462
f 1464 373 1451
f 1462 1451 368
f 1464 1451 1462
f 2 1343 1203
f 1343 345 1346
f 1203 1346 311
f 1343 1346 1203
f 345 1344 1356
f 1344 92 1354
f 1356 1354 348
f 1344 1354 1356
f 311 1355 1204
f 1355 348 1353
f 1204 1353 84
f 1355 1353 1204
f 345 1356 1346
f 1356 348 1355
f 1346 1355 311
f 1356 1355 1346
f 92 1348 1389
f 1348 346 1391
f 1389 1391 358
f 1348 1391 1389
f 346 1347 1383
f 1347 27 1381
f 1383 1381 356
f 1347 1381 1383
f 358 1393 1390
f 1393 356 1382
f 1390 1382 95
f 1393 1382 1390
f 346 1383 1391
f 1383 356 1393
f 1391 1393 358
f 1383 1393 1391
f 84 1384 1207
f 1384 357 1386
f 1207 1386 312
f 1384 1386 1207
f 357 1385 1388
f 1385 95 1379
f 1388 1379 355
f 1385 1379 1388
f 312 1380 1206
f 1380 355 1378
f 1206 1378 25
f 1380 1378 1206
f 357 1388 1386
f 1388 355 1380
f 1386 1380 312
f 1388 1380 1386
f 92 1389 1354
f 1389 358 1392
f 1354 1392 348
f 1389 1392 1354
f 358 1390 1394
f 1390 95 1385
f 1394 1385 357
f 1390 1385 1394
f 348 1387 1353
f 1387 357 1384
f 1353 1384 84
f 1387 1384 1353
f 358 1394 1392
f 1394 357 1387
f 1392 1387 348
f 1394 1387 1392
f 27 1359 1567
f 1359 350 1569
f 1567 1569 403
f 1359 1569 1567
f 350 1360 1577
f 1360 93 1575
f 1577 1575 405
f 1360 1575 1577
f 403 1579 1568
f 1579 405 1576
f 1568 1576 107
f 1579 1576 1568
f 350 1577 1569
f 1577 405 1579
f 1569 1579 403
f 1577 1579 1569
f 93 1358 1515
f 1358 349 1517
f 1515 1517 391
f 1358 1517 1515
f 349 1357 1511
f 1357 9 1509
f 1511 1509 389
f 1357 1509 1511
f 391 1518 1516
f 1518 389 1510
f 1516 1510 104
f 1518 1510 1516
f 349 1511 1517
f 1511 389 1518
f 1517 1518 391
f 1511 1518 1517
f 107 1586 1572
f 1586 407 1589
f 1572 1589 404
f 1586 1589 1572
f 407 1585 1587
f 1585 104 1514
f 1587 1514 390
f 1585 1514 1587
f 404 1573 1571
f 1573 390 1513
f 1571 1513 30
f 1573 1513 1571
f 407 1587 1589
f 1587 390 1573
f 1589 1573 404
f 1587 1573 1589
f 93 1515 1575
f 1515 391 1578
f 1575 1578 405
f 1515 1578 1575
f 391 1516 1588
f 1516 104 1585
f 1588 1585 407
f 1516 1585 1588
f 405 1590 1576
f 1590 407 1586
f 1576 1586 107
f 1590 1586 1576
f 391 1588 1578
f 1588 407 1590
f 1578 1590 405
f 1588 1590 1578
f 25 1523 1215
f 1523 393 1525
f 1215 1525 315
f 1523 1525 1215
f 393 1524 1534
f 1524 105 1531
f 1534 1531 395
f 1524 1531 1534
f 315 1532 1216
f 1532 395 1530
f 1216 1530 85
f 1532 1530 1216
f 393 1534 1525
f 1534 395 1532
f 1525 1532 315
f 1534 1532 1525
f 105 1528 1540
f 1528 394 1543
f 1540 1543 397
f 1528 1543 1540
f 394 1527 1529
f 1527 30 1499
f 1529 1499 386
f 1527 1499 1529
f 397 1541 1539
f 1541 386 1500
f 1539 1500 103
f 1541 1500 1539
f 394 1529 1543
f 1529 386 1541
f 1543 1541 397
f 1529 1541 1543
f 85 1501 1213
f 1501 387 1503
f 1213 1503 314
f 1501 1503 1213
f 387 1502 1504
f 1502 103 1496
f 1504 1496 385
f 1502 1496 1504
f 314 1497 1212
f 1497 385 1495
f 1212 1495 8
f 1497 1495 1212
f 387 1504 1503
f 1504 385 1497
f 1503 1497 314
f 1504 1497 1503
f 105 1540 1531
f 1540 397 1544
f 1531 1544 395
f 1540 1544 1531
f 397 1539 1542
f 1539 103 1502
f 1542 1502 387
f 1539 1502 1542
f 395 1533 1530
f 1533 387 1501
f 1530 1501 85
f 1533 1501 1530
f 397 1542 1544
f 1542 387 1533
f 1544 1533 395
f 1542 1533 1544
f 27 1567 1381
f 1567 403 1570
f 1381 1570 356
f 1567 1570 1381
f 403 1568 1584
f 1568 107 1581
f 1584 1581 406
f 1568 1581 1584
f 356 1582 1382
f 1582 406 1580
f 1382 1580 95
f 1582 1580 1382
f 403 1584 1570
f 1584 406 1582
f 1570 1582 356
f 1584 1582 1570
f 107 1572 1592
f 1572 404 1595
f 1592 1595 408
f 1572 1595 1592
f 404 1571 1574
f 1571 30 1527
f 1574 1527 394
f 1571 1527 1574
f 408 1593 1591
f 1593 394 1528
f 1591 1528 105
f 1593 1528 1591
f 404 1574 1595
f 1574 394 1593
f 1595 1593 408
f 1574 1593 1595
f 95 1535 1379
f 1535 396 1537
f 1379 1537 355
f 1535 1537 1379
f 396 1536 1538
f 1536 105 1524
f 1538 1524 393
f 1536 1524 1538
f 355 1526 1378
f 1526 393 1523
f 1378 1523 25
f 1526 1523 1378
f 396 1538 1537
f 1538 393 1526
f 1537 1526 355
f 1538 1526 1537
f 107 1592 1581
f 1592 408 1596
f 1581 1596 406
f 1592 1596 1581
f 408 1591 1594
f 1591 105 1536
f 1594 1536 396
f 1591 1536 1594
f 406 1583 1580
f 1583 396 1535
f 1580 1535 95
f 1583 1535 1580
f 408 1594 1596
f 1594 396 1583
f 1596 1583 406
f 1594 1583 1596
f 3 781 1627
f 781 202 1629
f 1627 1629 415
f 781 1629 1627
f 202 782 1635
f 782 55 1633
f 1635 1633 417
f 782 1633 1635
f 415 1636 1628
f 1636 417 1634
f 1628 1634 109
f 1636 1634 1628
f 202 1635 1629
f 1635 417 1636
f 1629 1636 415
f 1635 1636 1629
f 55 785 1651
f 785 203 1653
f 1651 1653 423
f 785 1653 1651
f 203 784 1647
f 784 17 1645
f 1647 1645 421
f 784 1645 1647
f 423 1655 1652
f 1655 421 1646
f 1652 1646 111
f 1655 1646 1652
f 203 1647 1653
f 1647 421 1655
f 1653 1655 423
f 1647 1655 1653
f 109 1656 1632
f 1656 424 1658
f 1632 1658 416
f 1656 1658 1632
f 424 1657 1660
f 1657 111 1649
f 1660 1649 422
f 1657 1649 1660
f 416 1650 1631
f 1650 422 1648
f 1631 1648 31
f 1650 1648 1631
f 424 1660 1658
f 1660 422 1650
f 1658 1650 416
f 1660 1650 1658
f 55 1651 1633
f 1651 423 1654
f 1633 1654 417
f 1651 1654 1633
f 423 1652 1661
f 1652 111 1657
f 1661 1657 424
f 1652 1657 1661
f 417 1659 1634
f 1659 424 1656
f 1634 1656 109
f 1659 1656 1634
f 423 1661 1654
f 1661 424 1659
f 1654 1659 417
f 1661 1659 1654
f 17 793 1697
f 793 206 1699
f 1697 1699 435
f 793 1699 1697
f 206 794 1706
f 794 56 1704
f 1706 1704 437
f 794 1704 1706
f 435 1708 1698
f 1708 437 1705
f 1698 1705 115
f 1708 1705 1698
f 206 1706 1699
f 1706 437 1708
f 1699 1708 435
f 1706 1708 1699
f 56 791 1684
f 791 205 1686
f 1684 1686 431
f 791 1686 1684
f 205 790 1681
f 790 4 1679
f 1681 1679 429
f 790 1679 1681
f 431 1687 1685
f 1687 429 1680
f 1685 1680 113
f 1687 1680 1685
f 205 1681 1686
f 1681 429 1687
f 1686 1687 431
f 1681 1687 1686
f 115 1714 1702
f 1714 439 1717
f 1702 1717 436
f 1714 1717 1702
f 439 1713 1715
f 1713 113 1683
f 1715 1683 430
f 1713 1683 1715
f 436 1703 1701
f 1703 430 1682
f 1701 1682 32
f 1703 1682 1701
f 439 1715 1717
f 1715 430 1703
f 1717 1703 436
f 1715 1703 1717
f 56 1684 1704
f 1684 431 1707
f 1704 1707 437
f 1684 1707 1704
f 431 1685 1716
f 1685 113 1713
f 1716 1713 439
f 1685 1713 1716
f 437 1718 1705
f 1718 439 1714
f 1705 1714 115
f 1718 1714 1705
f 431 1716 1707
f 1716 439 1718
f 1707 1718 437
f 1716 1718 1707
f 31 1719 1643
f 1719 440 1721
f 1643 1721 420
f 1719 1721 1643
f 440 1720 1731
f 1720 116 1728
f 1731 1728 442
f 1720 1728 1731
f 420 1729 1644
f 1729 442 1727
f 1644 1727 110
f 1729 1727 1644
f 440 1731 1721
f 1731 442 1729
f 1721 1729 420
f 1731 1729 1721
f 116 1724 1738
f 1724 441 1741
f 1738 1741 444
f 1724 1741 1738
f 441 1723 1725
f 1723 32 1691
f 1725 1691 433
f 1723 1691 1725
f 444 1739 1737
f 1739 433 1692
f 1737 1692 114
f 1739 1692 1737
f 441 1725 1741
f 1725 433 1739
f 1741 1739 444
f 1725 1739 1741
f 110 1693 1642
f 1693 434 1695
f 1642 1695 419
f 1693 1695 1642
f 434 1694 1696
f 1694 114 1689
f 1696 1689 432
f 1694 1689 1696
f 419 1690 1641
f 1690 432 1688
f 1641 1688 10
f 1690 1688 1641
f 434 1696 1695
f 1696 432 1690
f 1695 1690 419
f 1696 1690 1695
f 116 1738 1728
f 1738 444 1742
f 1728 1742 442
f 1738 1742 1728
f 444 1737 1740
f 1737 114 1694
f 1740 1694 434
f 1737 1694 1740
f 442 1730 1727
f 1730 434 1693
f 1727 1693 110
f 1730 1693 1727
f 444 1740 1742
f 1740 434 1730
f 1742 1730 442
f 1740 1730 1742
f 17 1697 1645
f 1697 435 1700
f 1645 1700 421
f 1697 1700 1645
f 435 1698 1712
f 1698 115 1710
f 1712 1710 438
f 1698 1710 1712
f 421 1711 1646
f 1711 438 1709
f 1646 1709 111
f 1711 1709 1646
f 435 1712 1700
f 1712 438 1711
f 1700 1711 421
f 1712 1711 1700
f 115 1702 1743
f 1702 436 1745
f 1743 1745 445
f 1702 1745 1743
f 436 1701 1726
f 1701 32 1723
f 1726 1723 441
f 1701 1723 1726
f 445 1747 1744
f 1747 441 1724
f 1744 1724 116
f 1747 1724 1744
f 436 1726 1745
f 1726 441 1747
f 1745 1747 445
f 1726 1747 1745
f 111 1732 1649
f 1732 443 1734
f 1649 1734 422
f 1732 1734 1649
f 443 1733 1736
f 1733 116 1720
f 1736 1720 440
f 1733 1720 1736
f 422 1722 1648
f 1722 440 1719
f 1648 1719 31
f 1722 1719 1648
f 443 1736 1734
f 1736 440 1722
f 1734 1722 422
f 1736 1722 1734
f 115 1743 1710
f 1743 445 1746
f 1710 1746 438
f 1743 1746 1710
f 445 1744 1748
f 1744 116 1733
f 1748 1733 443
f 1744 1733 1748
f 438 1735 1709
f 1735 443 1732
f 1709 1732 111
f 1735 1732 1709
f 445 1748 1746
f 1748 443 1735
f 1746 1735 438
f 1748 1735 1746
f 3 1627 1395
f 1627 415 1630
f 1395 1630 359
f 1627 1630 1395
f 415 1628 1640
f 1628 109 1638
f 1640 1638 418
f 1628 1638 1640
f 359 1639 1396
f 1639 418 1637
f 1396 1637 96
f 1639 1637 1396
f 415 1640 1630
f 1640 418 1639
f 1630 1639 359
f 1640 1639 1630
f 109 1632 1673
f 1632 416 1675
f 1673 1675 428
f 1632 1675 1673
f 416 1631 1667
f 1631 31 1665
f 1667 1665 426
f 1631 1665 1667
f 428 1677 1674
f 1677 426 1666
f 1674 1666 112
f 1677 1666 1674
f 416 1667 1675
f 1667 426 1677
f 1675 1677 428
f 1667 1677 1675
f 96 1668 1399
f 1668 427 1670
f 1399 1670 360
f 1668 1670 1399
f 427 1669 1672
f 1669 112 1663
f 1672 1663 425
f 1669 1663 1672
f 360 1664 1398
f 1664 425 1662
f 1398 1662 28
f 1664 1662 1398
f 427 1672 1670
f 1672 425 1664
f 1670 1664 360
f 1672 1664 1670
f 109 1673 1638
f 1673 428 1676
f 1638 1676 418
f 1673 1676 1638
f 428 1674 1678
f 1674 112 1669
f 1678 1669 427
f 1674 1669 1678
f 418 1671 1637
f 1671 427 1668
f 1637 1668 96
f 1671 1668 1637
f 428 1678 1676
f 1678 427 1671
f 1676 1671 418
f 1678 1671 1676
f 31 1643 1851
f 1643 420 1853
f 1851 1853 473
f 1643 1853 1851
f 420 1644 1861
f 1644 110 1859
f 1861 1859 475
f 1644 1859 1861
f 473 1863 1852
f 1863 475 1860
f 1852 1860 124
f 1863 1860 1852
f 420 1861 1853
f 1861 475 1863
f 1853 1863 473
f 1861 1863 1853
f 110 1642 1799
f 1642 419 1801
f 1799 1801 461
f 1642 1801 1799
f 419 1641 1795
f 1641 10 1793
f 1795 1793 459
f 1641 1793 1795
f 461 1802 1800
f 1802 459 1794
f 1800 1794 121
f 1802 1794 1800
f 419 1795 1801
f 1795 459 1802
f 1801 1802 461
f 1795 1802 1801
f 124 1870 1856
f 1870 477 1873
f 1856 1873 474
f 1870 1873 1856
f 477 1869 1871
f 1869 121 1798
f 1871 1798 460
f 1869 1798 1871
f 474 1857 1855
f 1857 460 1797
f 1855 1797 34
f 1857 1797 1855
f 477 1871 1873
f 1871 460 1857
f 1873 1857 474
f 1871 1857 1873
f 110 1799 1859
f 1799 461 1862
f 1859 1862 475
f 1799 1862 1859
f 461 1800 1872
f 1800 121 1869
f 1872 1869 477
f 1800 1869 1872
f 475 1874 1860
f 1874 477 1870
f 1860 1870 124
f 1874 1870 1860
f 461 1872 1862
f 1872 477 1874
f 1862 1874 475
f 1872 1874 1862
f 28 1807 1407
f 1807 463 1809
f 1407 1809 363
f 1807 1809 1407
f 463 1808 1818
f 1808 122 1815
f 1818 1815 465
f 1808 1815 1818
f 363 1816 1408
f 1816 465 1814
f 1408 1814 97
f 1816 1814 1408
f 463 1818 1809
f 1818 465 1816
f 1809 1816 363
f 1818 1816 1809
f 122 1812 1824
f 1812 464 1827
f 1824 1827 467
f 1812 1827 1824
f 464 1811 1813
f 1811 34 1783
f 1813 1783 456
f 1811 1783 1813
f 467 1825 1823
f 1825 456 1784
f 1823 1784 120
f 1825 1784 1823
f 464 1813 1827
f 1813 456 1825
f 1827 1825 467
f 1813 1825 1827
f 97 1785 1405
f 1785 457 1787
f 1405 1787 362
f 1785 1787 1405
f 457 1786 1788
f 1786 120 1780
f 1788 1780 455
f 1786 1780 1788
f 362 1781 1404
f 1781 455 1779
f 1404 1779 9
f 1781 1779 1404
f 457 1788 1787
f 1788 455 1781
f 1787 1781 362
f 1788 1781 1787
f 122 1824 1815
f 1824 467 1828
f 1815 1828 465
f 1824 1828 1815
f 467 1823 1826
f 1823 120 1786
f 1826 1786 457
f 1823 1786 1826
f 465 1817 1814
f 1817 457 1785
f 1814 1785 97
f 1817 1785 1814
f 467 1826 1828
f 1826 457 1817
f 1828 1817 465
f 1826 1817 1828
f 31 1851 1665
f 1851 473 1854
f 1665 1854 426
f 1851 1854 1665
f 473 1852 1868
f 1852 124 1865
f 1868 1865 476
f 1852 1865 1868
f 426 1866 1666
f 1866 476 1864
f 1666 1864 112
f 1866 1864 1666
f 473 1868 1854
f 1868 476 1866
f 1854 1866 426
f 1868 1866 1854
f 124 1856 1876
f 1856 474 1879
f 1876 1879 478
f 1856 1879 1876
f 474 1855 1858
f 1855 34 1811
f 1858 1811 464
f 1855 1811 1858
f 478 1877 1875
f 1877 464 1812
f 1875 1812 122
f 1877 1812 1875
f 474 1858 1879
f 1858 464 1877
f 1879 1877 478
f 1858 1877 1879
f 112 1819 1663
f 1819 466 1821
f 1663 1821 425
f 1819 1821 1663
f 466 1820 1822
f 1820 122 1808
f 1822 1808 463
f 1820 1808 1822
f 425 1810 1662
f 1810 463 1807
f 1662 1807 28
f 1810 1807 1662
f 466 1822 1821
f 1822 463 1810
f 1821 1810 425
f 1822 1810 1821
f 124 1876 1865
f 1876 478 1880
f 1865 1880 476
f 1876 1880 1865
f 478 1875 1878
f 1875 122 1820
f 1878 1820 466
f 1875 1820 1878
f 476 1867 1864
f 1867 466 1819
f 1864 1819 112
f 1867 1819 1864
f 478 1878 1880
f 1878 466 1867
f 1880 1867 476
f 1878 1867 1880
f 4 881 1911
f 881 228 1913
f 1911 1913 485
f 881 1913 1911
f 228 882 1919
f 882 62 1917
f 1919 1917 487
f 882 1917 1919
f 485 1920 1912
f 1920 487 1918
f 1912 1918 126
f 1920 1918 1912
f 228 1919 1913
f 1919 487 1920
f 1913 1920 485
f 1919 1920 1913
f 62 885 1935
f 885 229 1937
f 1935 1937 493
f 885 1937 1935
f 229 884 1931
f 884 19 1929
f 1931 1929 491
f 884 1929 1931
f 493 1939 1936
f 1939 491 1930
f 1936 1930 128
f 1939 1930 1936
f 229 1931 1937
f 1931 491 1939
f 1937 1939 493
f 1931 1939 1937
f 126 1940 1916
f 1940 494 1942
f 1916 1942 486
f 1940 1942 1916
f 494 1941 1944
f 1941 128 1933
f 1944 1933 492
f 1941 1933 1944
f 486 1934 1915
f 1934 492 1932
f 1915 1932 35
f 1934 1932 1915
f 494 1944 1942
f 1944 492 1934
f 1942 1934 486
f 1944 1934 1942
f 62 1935 1917
f 1935 493 1938
f 1917 1938 487
f 1935 1938 1917
f 493 1936 1945
f 1936 128 1941
f 1945 1941 494
f 1936 1941 1945
f 487 1943 1918
f 1943 494 1940
f 1918 1940 126
f 1943 1940 1918
f 493 1945 1938
f 1945 494 1943
f 1938 1943 487
f 1945 1943 1938
f 19 893 1981
f 893 232 1983
f 1981 1983 505
f 893 1983 1981
f 232 894 1990
f 894 63 1988
f 1990 1988 507
f 894 1988 1990
f 505 1992 1982
f 1992 507 1989
f 1982 1989 132
f 1992 1989 1982
f 232 1990 1983
f 1990 507 1992
f 1983 1992 505
f 1990 1992 1983
f 63 891 1968
f 891 231 1970
f 1968 1970 501
f 891 1970 1968
f 231 890 1965
f 890 5 1963
f 1965 1963 499
f 890 1963 1965
f 501 1971 1969
f 1971 499 1964
f 1969 1964 130
f 1971 1964 1969
f 231 1965 1970
f 1965 499 1971
f 1970 1971 501
f 1965 1971 1970
f 132 1998 1986
f 1998 509 2001
f 1986 2001 506
f 1998 2001 1986
f 509 1997 1999
f 1997 130 1967
f 1999 1967 500
f 1997 1967 1999
f 506 1987 1985
f 1987 500 1966
f 1985 1966 36
f 1987 1966 1985
f 509 1999 2001
f 1999 500 1987
f 2001 1987 506
f 1999 1987 2001
f 63 1968 1988
f 1968 501 1991
f 1988 1991 507
f 1968 1991 1988
f 501 1969 2000
f 1969 130 1997
f 2000 1997 509
f 1969 1997 2000
f 507 2002 1989
f 2002 509 1998
f 1989 1998 132
f 2002 1998 1989
f 501 2000 1991
f 2000 509 2002
f 1991 2002 507
f 2000 2002 1991
f 35 2003 1927
f 2003 510 2005
f 1927 2005 490
f 2003 2005 1927
f 510 2004 2015
f 2004 133 2012
f 2015 2012 512
f 2004 2012 2015
f 490 2013 1928
f 2013 512 2011
f 1928 2011 127
f 2013 2011 1928
f 510 2015 2005
f 2015 512 2013
f 2005 2013 490
f 2015 2013 2005
f 133 2008 2022
f 2008 511 2025
f 2022 2025 514
f 2008 2025 2022
f 511 2007 2009
f 2007 36 1975
f 2009 1975 503
f 2007 1975 2009
f 514 2023 2021
f 2023 503 1976
f 2021 1976 131
f 2023 1976 2021
f 511 2009 2025
f 2009 503 2023
f 2025 2023 514
f 2009 2023 2025
f 127 1977 1926
f 1977 504 1979
f 1926 1979 489
f 1977 1979 1926
f 504 1978 1980
f 1978 131 1973
f 1980 1973 502
f 1978 1973 1980
f 489 1974 1925
f 1974 502 1972
f 1925 1972 11
f 1974 1972 1925
f 504 1980 1979
f 1980 502 1974
f 1979 1974 489
f 1980 1974 1979
f 133 2022 2012
f 2022 514 2026
f 2012 2026 512
f 2022 2026 2012
f 514 2021 2024
f 2021 131 1978
f 2024 1978 504
f 2021 1978 2024
f 512 2014 2011
f 2014 504 1977
f 2011 1977 127
f 2014 1977 2011
f 514 2024 2026
f 2024 504 2014
f 2026 2014 512
f 2024 2014 2026
f 19 1981 1929
f 1981 505 1984
f 1929 1984 491
f 1981 1984 1929
f 505 1982 1996
f 1982 132 1994
f 1996 1994 508
f 1982 1994 1996
f 491 1995 1930
f 1995 508 1993
f 1930 1993 128
f 1995 1993 1930
f 505 1996 1984
f 1996 508 1995
f 1984 1995 491
f 1996 1995 1984
f 132 1986 2027
f 1986 506 2029
f 2027 2029 515
f 1986 2029 2027
f 506 1985 2010
f 1985 36 2007
f 2010 2007 511
f 1985 2007 2010
f 515 2031 2028
f 2031 511 2008
f 2028 2008 133
f 2031 2008 2028
f 506 2010 2029
f 2010 511 2031
f 2029 2031 515
f 2010 2031 2029
f 128 2016 1933
f 2016 513 2018
f 1933 2018 492
f 2016 2018 1933
f 513 2017 2020
f 2017 133 2004
f 2020 2004 510
f 2017 2004 2020
f 492 2006 1932
f 2006 510 2003
f 1932 2003 35
f 2006 2003 1932
f 513 2020 2018
f 2020 510 2006
f 2018 2006 492
f 2020 2006 2018
f 132 2027 1994
f 2027 515 2030
f 1994 2030 508
f 2027 2030 1994
f 515 2028 2032
f 2028 133 2017
f 2032 2017 513
f 2028 2017 2032
f 508 2019 1993
f 2019 513 2016
f 1993 2016 128
f 2019 2016 1993
f 515 2032 2030
f 2032 513 2019
f 2030 2019 508
f 2032 2019 2030
f 4 1911 1679
f 1911 485 1914
f 1679 1914 429
f 1911 1914 1679
f 485 1912 1924
f 1912 126 1922
f 1924 1922 488
f 1912 1922 1924
f 429 1923 1680
f 1923 488 1921
f 1680 1921 113
f 1923 1921 1680
f 485 1924 1914
f 1924 488 1923
f 1914 1923 429
f 1924 1923 1914
f 126 1916 1957
f 1916 486 1959
f 1957 1959 498
f 1916 1959 1957
f 486 1915 1951
f 1915 35 1949
f 1951 1949 496
f 1915 1949 1951
f 498 1961 1958
f 1961 496 1950
f 1958 1950 129
f 1961 1950 1958
f 486 1951 1959
f 1951 496 1961
f 1959 1961 498
f 1951 1961 1959
f 113 1952 1683
f 1952 497 1954
f 1683 1954 430
f 1952 1954 1683
f 497 1953 1956
f 1953 129 1947
f 1956 1947 495
f 1953 1947 1956
f 430 1948 1682
f 1948 495 1946
f 1682 1946 32
f 1948 1946 1682
f 497 1956 1954
f 1956 495 1948
f 1954 1948 430
f 1956 1948 1954
f 126 1957 1922
f 1957 498 1960
f 1922 1960 488
f 1957 1960 1922
f 498 1958 1962
f 1958 129 1953
f 1962 1953 497
f 1958 1953 1962
f 488 1955 1921
f 1955 497 1952
f 1921 1952 113
f 1955 1952 1921
f 498 1962 1960
f 1962 497 1955
f 1960 1955 488
f 1962 1955 1960
f 35 1927 2135
f 1927 490 2137
f 2135 2137 543
f 1927 2137 2135
f 490 1928 2145
f 1928 127 2143
f 2145 2143 545
f 1928 2143 2145
f 543 2147 2136
f 2147 545 2144
f 2136 2144 141
f 2147 2144 2136
f 490 2145 2137
f 2145 545 2147
f 2137 2147 543
f 2145 2147 2137
f 127 1926 2083
f 1926 489 2085
f 2083 2085 531
f 1926 2085 2083
f 489 1925 2079
f 1925 11 2077
f 2079 2077 529
f 1925 2077 2079
f 531 2086 2084
f 2086 529 2078
f 2084 2078 138
f 2086 2078 2084
f 489 2079 2085
f 2079 529 2086
f 2085 2086 531
f 2079 2086 2085
f 141 2154 2140
f 2154 547 2157
f 2140 2157 544
f 2154 2157 2140
f 547 2153 2155
f 2153 138 2082
f 2155 2082 530
f 2153 2082 2155
f 544 2141 2139
f 2141 530 2081
f 2139 2081 38
f 2141 2081 2139
f 547 2155 2157
f 2155 530 2141
f 2157 2141 544
f 2155 2141 2157
f 127 2083 2143
f 2083 531 2146
f 2143 2146 545
f 2083 2146 2143
f 531 2084 2156
f 2084 138 2153
f 2156 2153 547
f 2084 2153 2156
f 545 2158 2144
f 2158 547 2154
f 2144 2154 141
f 2158 2154 2144
f 531 2156 2146
f 2156 547 2158
f 2146 2158 545
f 2156 2158 2146
f 32 2091 1691
f 2091 533 2093
f 1691 2093 433
f 2091 2093 1691
f 533 2092 2102
f 2092 139 2099
f 2102 2099 535
f 2092 2099 2102
f 433 2100 1692
f 2100 535 2098
f 1692 2098 114
f 2100 2098 1692
f 533 2102 2093
f 2102 535 2100
f 2093 2100 433
f 2102 2100 2093
f 139 2096 2108
f 2096 534 2111
f 2108 2111 537
f 2096 2111 2108
f 534 2095 2097
f 2095 38 2067
f 2097 2067 526
f 2095 2067 2097
f 537 2109 2107
f 2109 526 2068
f 2107 2068 137
f 2109 2068 2107
f 534 2097 2111
f 2097 526 2109
f 2111 2109 537
f 2097 2109 2111
f 114 2069 1689
f 2069 527 2071
f 1689 2071 432
f 2069 2071 1689
f 527 2070 2072
f 2070 137 2064
f 2072 2064 525
f 2070 2064 2072
f 432 2065 1688
f 2065 525 2063
f 1688 2063 10
f 2065 2063 1688
f 527 2072 2071
f 2072 525 2065
f 2071 2065 432
f 2072 2065 2071
f 139 2108 2099
f 2108 537 2112
f 2099 2112 535
f 2108 2112 2099
f 537 2107 2110
f 2107 137 2070
f 2110 2070 527
f 2107 2070 2110
f 535 2101 2098
f 2101 527 2069
f 2098 2069 114
f 2101 2069 2098
f 537 2110 2112
f 2110 527 2101
f 2112 2101 535
f 2110 2101 2112
f 35 2135 1949
f 2135 543 2138
f 1949 2138 496
f 2135 2138 1949
f 543 2136 2152
f 2136 141 2149
f 2152 2149 546
f 2136 2149 2152
f 496 2150 1950
f 2150 546 2148
f 1950 2148 129
f 2150 2148 1950
f 543 2152 2138
f 2152 546 2150
f 2138 2150 496
f 2152 2150 2138
f 141 2140 2160
f 2140 544 2163
f 2160 2163 548
f 2140 2163 2160
f 544 2139 2142
f 2139 38 2095
f 2142 2095 534
f 2139 2095 2142
f 548 2161 2159
f 2161 534 2096
f 2159 2096 139
f 2161 2096 2159
f 544 2142 2163
f 2142 534 2161
f 2163 2161 548
f 2142 2161 2163
f 129 2103 1947
f 2103 536 2105
f 1947 2105 495
f 2103 2105 1947
f 536 2104 2106
f 2104 139 2092
f 2106 2092 533
f 2104 2092 2106
f 495 2094 1946
f 2094 533 2091
f 1946 2091 32
f 2094 2091 1946
f 536 2106 2105
f 2106 533 2094
f 2105 2094 495
f 2106 2094 2105
f 141 2160 2149
f 2160 548 2164
f 2149 2164 546
f 2160 2164 2149
f 548 2159 2162
f 2159 139 2104
f 2162 2104 536
f 2159 2104 2162
f 546 2151 2148
f 2151 536 2103
f 2148 2103 129
f 2151 2103 2148
f 548 2162 2164
f 2162 536 2151
f 2164 2151 546
f 2162 2151 2164
f 5 981 2195
f 981 254 2197
f 2195 2197 555
f 981 2197 2195
f 254 982 2203
f 982 69 2201
f 2203 2201 557
f 982 2201 2203
f 555 2204 2196
f 2204 557 2202
f 2196 2202 143
f 2204 2202 2196
f 254 2203 2197
f 2203 557 2204
f 2197 2204 555
f 2203 2204 2197
f 69 985 2219
f 985 255 2221
f 2219 2221 563
f 985 2221 2219
f 255 984 2215
f 984 21 2213
f 2215 2213 561
f 984 2213 2215
f 563 2223 2220
f 2223 561 2214
f 2220 2214 145
f 2223 2214 2220
f 255 2215 2221
f 2215 561 2223
f 2221 2223 563
f 2215 2223 2221
f 143 2224 2200
f 2224 564 2226
f 2200 2226 556
f 2224 2226 2200
f 564 2225 2228
f 2225 145 2217
f 2228 2217 562
f 2225 2217 2228
f 556 2218 2199
f 2218 562 2216
f 2199 2216 39
f 2218 2216 2199
f 564 2228 2226
f 2228 562 2218
f 2226 2218 556
f 2228 2218 2226
f 69 2219 2201
f 2219 563 2222
f 2201 2222 557
f 2219 2222 2201
f 563 2220 2229
f 2220 145 2225
f 2229 2225 564
f 2220 2225 2229
f 557 2227 2202
f 2227 564 2224
f 2202 2224 143
f 2227 2224 2202
f 563 2229 2222
f 2229 564 2227
f 2222 2227 557
f 2229 2227 2222
f 21 993 2270
f 993 258 2272
f 2270 2272 576
f 993 2272 2270
f 258 994 2279
f 994 70 2277
f 2279 2277 578
f 994 2277 2279
f 576 2281 2271
f 2281 578 2278
f 2271 2278 149
f 2281 2278 2271
f 258 2279 2272
f 2279 578 2281
f 2272 2281 576
f 2279 2281 2272
f 70 991 2253
f 991 257 2255
f 2253 2255 571
f 991 2255 2253
f 257 990 2249
f 990 6 2247
f 2249 2247 569
f 990 2247 2249
f 571 2256 2254
f 2256 569 2248
f 2254 2248 147
f 2256 2248 2254
f 257 2249 2255
f 2249 569 2256
f 2255 2256 571
f 2249 2256 2255
f 149 2287 2275
f 2287 580 2290
f 2275 2290 577
f 2287 2290 2275
f 580 2286 2288
f 2286 147 2252
f 2288 2252 570
f 2286 2252 2288
f 577 2276 2274
f 2276 570 2251
f 2274 2251 40
f 2276 2251 2274
f 580 2288 2290
f 2288 570 2276
f 2290 2276 577
f 2288 2276 2290
f 70 2253 2277
f 2253 571 2280
f 2277 2280 578
f 2253 2280 2277
f 571 2254 2289
f 2254 147 2286
f 2289 2286 580
f 2254 2286 2289
f 578 2291 2278
f 2291 580 2287
f 2278 2287 149
f 2291 2287 2278
f 571 2289 2280
f 2289 580 2291
f 2280 2291 578
f 2289 2291 2280
f 39 2309 2211
f 2309 585 2311
f 2211 2311 560
f 2309 2311 2211
f 585 2310 2321
f 2310 151 2318
f 2321 2318 587
f 2310 2318 2321
f 560 2319 2212
f 2319 587 2317
f 2212 2317 144
f 2319 2317 2212
f 585 2321 2311
f 2321 587 2319
f 2311 2319 560
f 2321 2319 2311
f 151 2314 2328
f 2314 586 2331
f 2328 2331 589
f 2314 2331 2328
f 586 2313 2315
f 2313 40 2264
f 2315 2264 574
f 2313 2264 2315
f 589 2329 2327
f 2329 574 2265
f 2327 2265 148
f 2329 2265 2327
f 586 2315 2331
f 2315 574 2329
f 2331 2329 589
f 2315 2329 2331
f 144 2266 2210
f 2266 575 2268
f 2210 2268 559
f 2266 2268 2210
f 575 2267 2269
f 2267 148 2262
f 2269 2262 573
f 2267 2262 2269
f 559 2263 2209
f 2263 573 2261
f 2209 2261 12
f 2263 2261 2209
f 575 2269 2268
f 2269 573 2263
f 2268 2263 559
f 2269 2263 2268
f 151 2328 2318
f 2328 589 2332
f 2318 2332 587
f 2328 2332 2318
f 589 2327 2330
f 2327 148 2267
f 2330 2267 575
f 2327 2267 2330
f 587 2320 2317
f 2320 575 2266
f 2317 2266 144
f 2320 2266 2317
f 589 2330 2332
f 2330 575 2320
f 2332 2320 587
f 2330 2320 2332
f 21 2270 2213
f 2270 576 2273
f 2213 2273 561
f 2270 2273 2213
f 576 2271 2285
f 2271 149 2283
f 2285 2283 579
f 2271 2283 2285
f 561 2284 2214
f 2284 579 2282
f 2214 2282 145
f 2284 2282 2214
f 576 2285 2273
f 2285 579 2284
f 2273 2284 561
f 2285 2284 2273
f 149 2275 2333
f 2275 577 2335
f 2333 2335 590
f 2275 2335 2333
f 577 2274 2316
f 2274 40 2313
f 2316 2313 586
f 2274 2313 2316
f 590 2337 2334
f 2337 586 2314
f 2334 2314 151
f 2337 2314 2334
f 577 2316 2335
f 2316 586 2337
f 2335 2337 590
f 2316 2337 2335
f 145 2322 2217
f 2322 588 2324
f 2217 2324 562
f 2322 2324 2217
f 588 2323 2326
f 2323 151 2310
f 2326 2310 585
f 2323 2310 2326
f 562 2312 2216
f 2312 585 2309
f 2216 2309 39
f 2312 2309 2216
f 588 2326 2324
f 2326 585 2312
f 2324 2312 562
f 2326 2312 2324
f 149 2333 2283
f 2333 590 2336
f 2283 2336 579
f 2333 2336 2283
f 590 2334 2338
f 2334 151 2323
f 2338 2323 588
f 2334 2323 2338
f 579 2325 2282
f 2325 588 2322
f 2282 2322 145
f 2325 2322 2282
f 590 2338 2336
f 2338 588 2325
f 2336 2325 579
f 2338 2325 2336
f 5 2195 1963
f 2195 555 2198
f 1963 2198 499
f 2195 2198 1963
f 555 2196 2208
f 2196 143 2206
f 2208 2206 558
f 2196 2206 2208
f 499 2207 1964
f 2207 558 2205
f 1964 2205 130
f 2207 2205 1964
f 555 2208 2198
f 2208 558 2207
f 2198 2207 499
f 2208 2207 2198
f 143 2200 2241
f 2200 556 2243
f 2241 2243 568
f 2200 2243 2241
f 556 2199 2235
f 2199 39 2233
f 2235 2233 566
f 2199 2233 2235
f 568 2245 2242
f 2245 566 2234
f 2242 2234 146
f 2245 2234 2242
f 556 2235 2243
f 2235 566 2245
f 2243 2245 568
f 2235 2245 2243
f 130 2236 1967
f 2236 567 2238
f 1967 2238 500
f 2236 2238 1967
f 567 2237 2240
f 2237 146 2231
f 2240 2231 565
f 2237 2231 2240
f 500 2232 1966
f 2232 565 2230
f 1966 2230 36
f 2232 2230 1966
f 567 2240 2238
f 2240 565 2232
f 2238 2232 500
f 2240 2232 2238
f 143 2241 2206
f 2241 568 2244
f 2206 2244 558
f 2241 2244 2206
f 568 2242 2246
f 2242 146 2237
f 2246 2237 567
f 2242 2237 2246
f 558 2239 2205
f 2239 567 2236
f 2205 2236 130
f 2239 2236 2205
f 568 2246 2244
f 2246 567 2239
f 2244 2239 558
f 2246 2239 2244
f 39 2211 2503
f 2211 560 2505
f 2503 2505 631
f 2211 2505 2503
f 560 2212 2513
f 2212 144 2511
f 2513 2511 633
f 2212 2511 2513
f 631 2515 2504
f 2515 633 2512
f 2504 2512 161
f 2515 2512 2504
f 560 2513 2505
f 2513 633 2515
f 2505 2515 631
f 2513 2515 2505
f 144 2210 2451
f 2210 559 2453
f 2451 2453 619
f 2210 2453 2451
f 559 2209 2447
f 2209 12 2445
f 2447 2445 617
f 2209 2445 2447
f 619 2454 2452
f 2454 617 2446
f 2452 2446 158
f 2454 2446 2452
f 559 2447 2453
f 2447 617 2454
f 2453 2454 619
f 2447 2454 2453
f 161 2522 2508
f 2522 635 2525
f 2508 2525 632
f 2522 2525 2508
f 635 2521 2523
f 2521 158 2450
f 2523 2450 618
f 2521 2450 2523
f 632 2509 2507
f 2509 618 2449
f 2507 2449 42
f 2509 2449 2507
f 635 2523 2525
f 2523 618 2509
f 2525 2509 632
f 2523 2509 2525
f 144 2451 2511
f 2451 619 2514
f 2511 2514 633
f 2451 2514 2511
f 619 2452 2524
f 2452 158 2521
f 2524 2521 635
f 2452 2521 2524
f 633 2526 2512
f 2526 635 2522
f 2512 2522 161
f 2526 2522 2512
f 619 2524 2514
f 2524 635 2526
f 2514 2526 633
f 2524 2526 2514
f 36 2459 1975
f 2459 621 2461
f 1975 2461 503
f 2459 2461 1975
f 621 2460 2470
f 2460 159 2467
f 2470 2467 623
f 2460 2467 2470
f 503 2468 1976
f 2468 623 2466
f 1976 2466 131
f 2468 2466 1976
f 621 2470 2461
f 2470 623 2468
f 2461 2468 503
f 2470 2468 2461
f 159 2464 2476
f 2464 622 2479
f 2476 2479 625
f 2464 2479 2476
f 622 2463 2465
f 2463 42 2435
f 2465 2435 614
f 2463 2435 2465
f 625 2477 2475
f 2477 614 2436
f 2475 2436 157
f 2477 2436 2475
f 622 2465 2479
f 2465 614 2477
f 2479 2477 625
f 2465 2477 2479
f 131 2437 1973
f 2437 615 2439
f 1973 2439 502
f 2437 2439 1973
f 615 2438 2440
f 2438 157 2432
f 2440 2432 613
f 2438 2432 2440
f 502 2433 1972
f 2433 613 2431
f 1972 2431 11
f 2433 2431 1972
f 615 2440 2439
f 2440 613 2433
f 2439 2433 502
f 2440 2433 2439
f 159 2476 2467
f 2476 625 2480
f 2467 2480 623
f 2476 2480 2467
f 625 2475 2478
f 2475 157 2438
f 2478 2438 615
f 2475 2438 2478
f 623 2469 2466
f 2469 615 2437
f 2466 2437 131
f 2469 2437 2466
f 625 2478 2480
f 2478 615 2469
f 2480 2469 623
f 2478 2469 2480
f 39 2503 2233
f 2503 631 2506
f 2233 2506 566
f 2503 2506 2233
f 631 2504 2520
f 2504 161 2517
f 2520 2517 634
f 2504 2517 2520
f 566 2518 2234
f 2518 634 2516
f 2234 2516 146
f 2518 2516 2234
f 631 2520 2506
f 2520 634 2518
f 2506 2518 566
f 2520 2518 2506
f 161 2508 2528
f 2508 632 2531
f 2528 2531 636
f 2508 2531 2528
f 632 2507 2510
f 2507 42 2463
f 2510 2463 622
f 2507 2463 2510
f 636 2529 2527
f 2529 622 2464
f 2527 2464 159
f 2529 2464 2527
f 632 2510 2531
f 2510 622 2529
f 2531 2529 636
f 2510 2529 2531
f 146 2471 2231
f 2471 624 2473
f 2231 2473 565
f 2471 2473 2231
f 624 2472 2474
f 2472 159 2460
f 2474 2460 621
f 2472 2460 2474
f 565 2462 2230
f 2462 621 2459
f 2230 2459 36
f 2462 2459 2230
f 624 2474 2473
f 2474 621 2462
f 2473 2462 565
f 2474 2462 2473
f 161 2528 2517
f 2528 636 2532
f 2517 2532 634
f 2528 2532 2517
f 636 2527 2530
f 2527 159 2472
f 2530 2472 624
f 2527 2472 2530
f 634 2519 2516
f 2519 624 2471
f 2516 2471 146
f 2519 2471 2516
f 636 2530 2532
f 2530 624 2519
f 2532 2519 634
f 2530 2519 2532
f 6 960 1081
f 960 248 1083
f 1081 1083 280
f 960 1083 1081
f 248 961 1088
f 961 67 1086
f 1088 1086 282
f 961 1086 1088
f 280 1089 1082
f 1089 282 1087
f 1082 1087 76
f 1089 1087 1082
f 248 1088 1083
f 1088 282 1089
f 1083 1089 280
f 1088 1089 1083
f 67 963 1106
f 963 249 1108
f 1106 1108 288
f 963 1108 1106
f 249 962 1101
f 962 20 1099
f 1101 1099 286
f 962 1099 1101
f 288 1110 1107
f 1110 286 1100
f 1107 1100 78
f 1110 1100 1107
f 249 1101 1108
f 1101 286 1110
f 1108 1110 288
f 1101 1110 1108
f 76 1115 1085
f 1115 290 1117
f 1085 1117 281
f 1115 1117 1085
f 290 1116 1119
f 1116 78 1104
f 1119 1104 287
f 1116 1104 1119
f 281 1105 1084
f 1105 287 1103
f 1084 1103 23
f 1105 1103 1084
f 290 1119 1117
f 1119 287 1105
f 1117 1105 281
f 1119 1105 1117
f 67 1106 1086
f 1106 288 1109
f 1086 1109 282
f 1106 1109 1086
f 288 1107 1120
f 1107 78 1116
f 1120 1116 290
f 1107 1116 1120
f 282 1118 1087
f 1118 290 1115
f 1087 1115 76
f 1118 1115 1087
f 288 1120 1109
f 1120 290 1118
f 1109 1118 282
f 1120 1118 1109
f 20 954 1064
f 954 246 1066
f 1064 1066 276
f 954 1066 1064
f 246 955 1072
f 955 66 1070
f 1072 1070 278
f 955 1070 1072
f 276 1074 1065
f 1074 278 1071
f 1065 1071 75
f 1074 1071 1065
f 246 1072 1066
f 1072 278 1074
f 1066 1074 276
f 1072 1074 1066
f 66 952 1056
f 952 245 1058
f 1056 1058 273
f 952 1058 1056
f 245 951 1053
f 951 1 1051
f 1053 1051 271
f 951 1051 1053
f 273 1059 1057
f 1059 271 1052
f 1057 1052 73
f 1059 1052 1057
f 245 1053 1058
f 1053 271 1059
f 1058 1059 273
f 1053 1059 1058
f 75 1076 1068
f 1076 279 1079
f 1068 1079 277
f 1076 1079 1068
f 279 1075 1077
f 1075 73 1055
f 1077 1055 272
f 1075 1055 1077
f 277 1069 1067
f 1069 272 1054
f 1067 1054 22
f 1069 1054 1067
f 279 1077 1079
f 1077 272 1069
f 1079 1069 277
f 1077 1069 1079
f 66 1056 1070
f 1056 273 1073
f 1070 1073 278
f 1056 1073 1070
f 273 1057 1078
f 1057 73 1075
f 1078 1075 279
f 1057 1075 1078
f 278 1080 1071
f 1080 279 1076
f 1071 1076 75
f 1080 1076 1071
f 273 1078 1073
f 1078 279 1080
f 1073 1080 278
f 1078 1080 1073
f 23 1125 1093
f 1125 292 1127
f 1093 1127 284
f 1125 1127 1093
f 292 1126 1143
f 1126 79 1140
f 1143 1140 295
f 1126 1140 1143
f 284 1141 1094
f 1141 295 1139
f 1094 1139 77
f 1141 1139 1094
f 292 1143 1127
f 1143 295 1141
f 1127 1141 284
f 1143 1141 1127
f 79 1122 1130
f 1122 291 1133
f 1130 1133 293
f 1122 1133 1130
f 291 1121 1123
f 1121 22 1062
f 1123 1062 275
f 1121 1062 1123
f 293 1131 1129
f 1131 275 1063
f 1129 1063 74
f 1131 1063 1129
f 291 1123 1133
f 1123 275 1131
f 1133 1131 293
f 1123 1131 1133
f 77 1096 1091
f 1096 285 1098
f 1091 1098 283
f 1096 1098 1091
f 285 1095 1097
f 1095 74 1061
f 1097 1061 274
f 1095 1061 1097
f 283 1092 1090
f 1092 274 1060
f 1090 1060 7
f 1092 1060 1090
f 285 1097 1098
f 1097 274 1092
f 1098 1092 283
f 1097 1092 1098
f 79 1130 1140
f 1130 293 1144
f 1140 1144 295
f 1130 1144 1140
f 293 1129 1132
f 1129 74 1095
f 1132 1095 285
f 1129 1095 1132
f 295 1142 1139
f 1142 285 1096
f 1139 1096 77
f 1142 1096 1139
f 293 1132 1144
f 1132 285 1142
f 1144 1142 295
f 1132 1142 1144
f 20 1064 1099
f 1064 276 1102
f 1099 1102 286
f 1064 1102 1099
f 276 1065 1113
f 1065 75 1111
f 1113 1111 289
f 1065 1111 1113
f 286 1114 1100
f 1114 289 1112
f 1100 1112 78
f 1114 1112 1100
f 276 1113 1102
f 1113 289 1114
f 1102 1114 286
f 1113 1114 1102
f 75 1068 1134
f 1068 277 1136
f 1134 1136 294
f 1068 1136 1134
f 277 1067 1124
f 1067 22 1121
f 1124 1121 291
f 1067 1121 1124
f 294 1138 1135
f 1138 291 1122
f 1135 1122 79
f 1138 1122 1135
f 277 1124 1136
f 1124 291 1138
f 1136 1138 294
f 1124 1138 1136
f 78 1145 1104
f 1145 296 1147
f 1104 1147 287
f 1145 1147 1104
f 296 1146 1149
f 1146 79 1126
f 1149 1126 292
f 1146 1126 1149
f 287 1128 1103
f 1128 292 1125
f 1103 1125 23
f 1128 1125 1103
f 296 1149 1147
f 1149 292 1128
f 1147 1128 287
f 1149 1128 1147
f 75 1134 1111
f 1134 294 1137
f 1111 1137 289
f 1134 1137 1111
f 294 1135 1150
f 1135 79 1146
f 1150 1146 296
f 1135 1146 1150
f 289 1148 1112
f 1148 296 1145
f 1112 1145 78
f 1148 1145 1112
f 294 1150 1137
f 1150 296 1148
f 1137 1148 289
f 1150 1148 1137
f 6 1081 2247
f 1081 280 2250
f 2247 2250 569
f 1081 2250 2247
f 280 1082 2259
f 1082 76 2257
f 2259 2257 572
f 1082 2257 2259
f 569 2260 2248
f 2260 572 2258
f 2248 2258 147
f 2260 2258 2248
f 280 2259 2250
f 2259 572 2260
f 2250 2260 569
f 2259 2260 2250
f 76 1085 2298
f 1085 281 2300
f 2298 2300 583
f 1085 2300 2298
f 281 1084 2294
f 1084 23 2292
f 2294 2292 581
f 1084 2292 2294
f 583 2302 2299
f 2302 581 2293
f 2299 2293 150
f 2302 2293 2299
f 281 2294 2300
f 2294 581 2302
f 2300 2302 583
f 2294 2302 2300
f 147 2303 2252
f 2303 584 2305
f 2252 2305 570
f 2303 2305 2252
f 584 2304 2307
f 2304 150 2296
f 2307 2296 582
f 2304 2296 2307
f 570 2297 2251
f 2297 582 2295
f 2251 2295 40
f 2297 2295 2251
f 584 2307 2305
f 2307 582 2297
f 2305 2297 570
f 2307 2297 2305
f 76 2298 2257
f 2298 583 2301
f 2257 2301 572
f 2298 2301 2257
f 583 2299 2308
f 2299 150 2304
f 2308 2304 584
f 2299 2304 2308
f 572 2306 2258
f 2306 584 2303
f 2258 2303 147
f 2306 2303 2258
f 583 2308 2301
f 2308 584 2306
f 2301 2306 572
f 2308 2306 2301
f 23 1093 2362
f 1093 284 2364
f 2362 2364 598
f 1093 2364 2362
f 284 1094 2371
f 1094 77 2369
f 2371 2369 600
f 1094 2369 2371
f 598 2373 2363
f 2373 600 2370
f 2363 2370 154
f 2373 2370 2363
f 284 2371 2364
f 2371 600 2373
f 2364 2373 598
f 2371 2373 2364
f 77 1091 2345
f 1091 283 2347
f 2345 2347 593
f 1091 2347 2345
f 283 1090 2341
f 1090 7 2339
f 2341 2339 591
f 1090 2339 2341
f 593 2348 2346
f 2348 591 2340
f 2346 2340 152
f 2348 2340 2346
f 283 2341 2347
f 2341 591 2348
f 2347 2348 593
f 2341 2348 2347
f 154 2379 2367
f 2379 602 2382
f 2367 2382 599
f 2379 2382 2367
f 602 2378 2380
f 2378 152 2344
f 2380 2344 592
f 2378 2344 2380
f 599 2368 2366
f 2368 592 2343
f 2366 2343 41
f 2368 2343 2366
f 602 2380 2382
f 2380 592 2368
f 2382 2368 599
f 2380 2368 2382
f 77 2345 2369
f 2345 593 2372
f 2369 2372 600
f 2345 2372 2369
f 593 2346 2381
f 2346 152 2378
f 2381 2378 602
f 2346 2378 2381
f 600 2383 2370
f 2383 602 2379
f 2370 2379 154
f 2383 2379 2370
f 593 2381 2372
f 2381 602 2383
f 2372 2383 600
f 2381 2383 2372
f 40 2401 2264
f 2401 607 2403
f 2264 2403 574
f 2401 2403 2264
f 607 2402 2413
f 2402 156 2410
f 2413 2410 609
f 2402 2410 2413
f 574 2411 2265
f 2411 609 2409
f 2265 2409 148
f 2411 2409 2265
f 607 2413 2403
f 2413 609 2411
f 2403 2411 574
f 2413 2411 2403
f 156 2406 2420
f 2406 608 2423
f 2420 2423 611
f 2406 2423 2420
f 608 2405 2407
f 2405 41 2356
f 2407 2356 596
f 2405 2356 2407
f 611 2421 2419
f 2421 596 2357
f 2419 2357 153
f 2421 2357 2419
f 608 2407 2423
f 2407 596 2421
f 2423 2421 611
f 2407 2421 2423
f 148 2358 2262
f 2358 597 2360
f 2262 2360 573
f 2358 2360 2262
f 597 2359 2361
f 2359 153 2354
f 2361 2354 595
f 2359 2354 2361
f 573 2355 2261
f 2355 595 2353
f 2261 2353 12
f 2355 2353 2261
f 597 2361 2360
f 2361 595 2355
f 2360 2355 573
f 2361 2355 2360
f 156 2420 2410
f 2420 611 2424
f 2410 2424 609
f 2420 2424 2410
f 611 2419 2422
f 2419 153 2359
f 2422 2359 597
f 2419 2359 2422
f 609 2412 2409
f 2412 597 2358
f 2409 2358 148
f 2412 2358 2409
f 611 2422 2424
f 2422 597 2412
f 2424 2412 609
f 2422 2412 2424
f 23 2362 2292
f 2362 598 2365
f 2292 2365 581
f 2362 2365 2292
f 598 2363 2377
f 2363 154 2375
f 2377 2375 601
f 2363 2375 2377
f 581 2376 2293
f 2376 601 2374
f 2293 2374 150
f 2376 2374 2293
f 598 2377 2365
f 2377 601 2376
f 2365 2376 581
f 2377 2376 2365
f 154 2367 2425
f 2367 599 2427
f 2425 2427 612
f 2367 2427 2425
f 599 2366 2408
f 2366 41 2405
f 2408 2405 608
f 2366 2405 2408
f 612 2429 2426
f 2429 608 2406
f 2426 2406 156
f 2429 2406 2426
f 599 2408 2427
f 2408 608 2429
f 2427 2429 612
f 2408 2429 2427
f 150 2414 2296
f 2414 610 2416
f 2296 2416 582
f 2414 2416 2296
f 610 2415 2418
f 2415 156 2402
f 2418 2402 607
f 2415 2402 2418
f 582 2404 2295
f 2404 607 2401
f 2295 2401 40
f 2404 2401 2295
f 610 2418 2416
f 2418 607 2404
f 2416 2404 582
f 2418 2404 2416
f 154 2425 2375
f 2425 612 2428
f 2375 2428 601
f 2425 2428 2375
f 612 2426 2430
f 2426 156 2415
f 2430 2415 610
f 2426 2415 2430
f 601 2417 2374
f 2417 610 2414
f 2374 2414 150
f 2417 2414 2374
f 612 2430 2428
f 2430 610 2417
f 2428 2417 601
f 2430 2417 2428

